wind_dir,wind_speed,gen_wo,genA_wo,qz12_wo,qz3_wo,gen_w,genA_w,qz12_w,qz3_w,best_f,best_x,nSeeds,each_seed_f,each_seed_exitflag,each_seed_c,gen_impr_pct,genA_impr_pct,qz12_impr_pct,qz3_impr_pct,feasible_any_seed,best_seed_index,best_seed_f,,best_x_full
30,3,351544644.8,351616675.7,8224164.597,3496391.259,358070011.5,358069316,8418269.337,3517374.53,-358070011.5,[-17.4666 -15.6956 -15.1842 19.9291 -18.1013 15.3806 17.0913 15.0508 4.02154 -0.805869 -2.60283 -5.77113 -12.214 -11.8827 -8.0961 -5.01631 1.0356 4.89452 7.7109 -6.42483 -6.53739 -7.6163 -7.45832 -7.53335 -8.34995 -9.68804 -10.9777 -11.5896 -0.0163711 -10.4198 1.87057 11.8103 13.4663 12.1897 -13.7305 -9.6227 -8.10616 -12.4858 -13.67 -11.3449 -13.386 -19.7425 -29.9999 22.4507 18.7722 12.733 5.91064 3.84694 -5.22549 -0.68293 13.1528 12.2981 9.75414 6.02183 8.47291 0.500633 4.85632 4.74607 7.19024 -1.1331 -2.85799 3.7833 -4.73639e-05 -14.7415 -10.1633 -7.76554 -4.26293 1.01168 4.14358 12.3476 11.0478 1.21744 -1.484 9.55838 -0.00149167 -4.96256 5.63786 -0.404264 -5.01123 4.14483 -1.18979 -0.95026 18.9512 6.423 -0.30099 4.49093 0.338649 2.33127 3.17344 2.21509 1.06633 7.49227 -6.64387 -0.109868 1.25173 0.0532488 0.0549315 -2.24261 3.82671 1.46545 -0.176554 -0.813522 -2.91769 -0.996951 0.001892 0.0443875 -0.00340232 0.0358275 14.7263 2.01144 -1.78207 -0.708977 -0.560246 -2.24797 0.0606959 -0.0940593 0.0123162 0.0544638 -2.18767 -1.81229 -0.399972 -0.081118 0.600795 -0.974566 -0.634769 0.027516 -0.00156995 0.011747 -0.0126886 0.71453 -0.160658 2.53518 2.35233 -0.871389 -2.92935 -0.961848 0.0119199 1.1885 0.508961 0.154405 0.154058 0.173713 0.0418295 0.0431269 0.0406086],10,[-3.58069e+08 -3.58042e+08 -3.58069e+08 -3.58066e+08 -3.58012e+08 -3.5802e+08 -3.5801e+08 -3.5804e+08 -3.5807e+08 -3.5807e+08],[0 0 0 0 0 0 0 0 0 0],[-194262 -20795.8;-192365 -21777.6;-194294 -20754.8;-194358 -20599.9;-191881 -21282.5;-192353 -21056.2;-192466 -20614.6;-192412 -21685.8;-194105 -20983.3;-194077 -21002.3],1.856198591,1.835134894,2.360175765,0.600140801,1,9,-358070000,,[-17.4666 -15.6956 -15.1842 19.9291 -18.1013 15.3806 17.0913 15.0508 4.02154 -0.805869 -2.60283 -5.77113 -12.214 -11.8827 -8.0961 -5.01631 1.0356 4.89452 7.7109 -6.42483 -6.53739 -7.6163 -7.45832 -7.53335 -8.34995 -9.68804 -10.9777 -11.5896 0 0 -0.0163711 -10.4198 1.87057 11.8103 13.4663 0 12.1897 -13.7305 -9.6227 -8.10616 -12.4858 -13.67 -11.3449 -13.386 -19.7425 -29.9999 22.4507 18.7722 12.733 5.91064 3.84694 -5.22549 -0.68293 13.1528 12.2981 9.75414 6.02183 8.47291 0.500633 4.85632 4.74607 7.19024 -1.1331 -2.85799 3.7833 -4.73639e-05 -14.7415 -10.1633 -7.76554 -4.26293 1.01168 4.14358 12.3476 11.0478 1.21744 -1.484 9.55838 0 -0.00149167 -4.96256 5.63786 -0.404264 -5.01123 4.14483 -1.18979 -0.95026 0 18.9512 6.423 -0.30099 0 4.49093 0.338649 2.33127 3.17344 2.21509 1.06633 7.49227 -6.64387 -0.109868 1.25173 0.0532488 0.0549315 0 -2.24261 3.82671 1.46545 -0.176554 -0.813522 -2.91769 -0.996951 0.001892 0.0443875 -0.00340232 0.0358275 0 14.7263 2.01144 -1.78207 -0.708977 -0.560246 -2.24797 0.0606959 -0.0940593 0.0123162 0.0544638 0 -2.18767 -1.81229 -0.399972 -0.081118 0.600795 -0.974566 -0.634769 0.027516 -0.00156995 0.011747 -0.0126886 0 0.71453 -0.160658 2.53518 2.35233 -0.871389 -2.92935 -0.961848 0.0119199 0 1.1885 0.508961 0.154405 0.154058 0.173713 0 0 0.0418295 0.0431269 0.0406086 0]
45,3,353173723.8,353245438.6,8347602.737,3427245.216,360325390.2,360325360.5,8561261.636,3449583.715,-360325390.2,[-11.4923 -12.5618 -12.7605 -18.7292 -14.3963 -16.5757 -14.3038 -0.605851 8.6787 10.1159 7.05803 3.68316 -5.60366 -4.88033 -1.21665 4.01883 9.13221 17.9368 21.0194 2.66619 -1.86938 -2.20278 0.00323318 -1.70232 -1.92008 -1.68293 -4.10731 -5.51115 0.0329803 -11.0482 -11.4995 -4.91646 -11.5429 2.98489 -12.464 -12.5556 -13.585 -13.8211 -7.33274 -13.9847 -16.7794 -14.814 -14.0455 -8.10689 12.2515 13.1415 9.90667 6.14918 3.44706 -11.2712 14.4338 17.0217 14.1368 14.2513 11.1132 14.3355 16.5966 20.1126 15.4483 -2.68365 10.5725 0.112003 -4.61109 -0.799946 3.32529 10.2692 18.3778 18.1568 16.8538 20.4862 4.20545 -2.65884 0.00521946 -8.8313 -7.55995 -13.4312 -12.1127 4.52252 -0.803991 0.000794594 -2.69807 -1.89956 -12.1457 0.170643 -0.242339 -2.53898 -0.040893 -0.589258 2.25685 -3.91442 -3.07111 -1.72537 -8.6584 -0.362589 0.00847723 3.08001 4.11615 -4.56945 -0.349684 -0.069553 1.31759 -6.00526 0.844841 -3.3972 -0.360444 0.0101345 0.590133 -0.0848602 0.880325 -0.709261 -0.544475 -1.84813 0.842985 -4.53154 -0.344033 -0.0123401 0.574372 -0.600839 0.0339451 -1.32236 0.719938 -2.92277 -0.823215 1.46706 -2.02191 -0.145374 0.00639052 -0.632992 -0.227156 -1.27841 1.07447 -0.887288 3.78144 0.310168 -6.28024 1.38875 0.0060306 0.000584056 -0.0171595 0.000295107 0.00365957 0.00432291 0.00138245],10,[-3.60324e+08 -3.60325e+08 -3.60325e+08 -3.60324e+08 -3.60322e+08 -3.60324e+08 -3.60317e+08 -3.60325e+08 -3.6032e+08 -3.60325e+08],[0 0 0 0 0 0 0 0 0 0],[-213722 -22236.8;-213659 -22338.5;-213631 -22364.2;-213900 -22051.8;-214011 -21862.4;-213648 -22313;-214548 -21173.3;-213745 -22229.7;-214179 -21645.8;-213723 -22263.7],2.024971254,2.004250065,2.559524042,0.651791667,1,2,-360325000,,[-11.4923 -12.5618 -12.7605 -18.7292 -14.3963 -16.5757 -14.3038 -0.605851 8.6787 10.1159 7.05803 3.68316 -5.60366 -4.88033 -1.21665 4.01883 9.13221 17.9368 21.0194 2.66619 -1.86938 -2.20278 0.00323318 -1.70232 -1.92008 -1.68293 -4.10731 -5.51115 0 0 0 0.0329803 -11.0482 -11.4995 -4.91646 0 -11.5429 2.98489 -12.464 -12.5556 -13.585 -13.8211 -7.33274 -13.9847 -16.7794 -14.814 -14.0455 -8.10689 12.2515 13.1415 9.90667 6.14918 3.44706 -11.2712 14.4338 17.0217 14.1368 14.2513 11.1132 14.3355 16.5966 20.1126 15.4483 -2.68365 10.5725 0 0.112003 -4.61109 -0.799946 3.32529 10.2692 18.3778 18.1568 16.8538 20.4862 4.20545 -2.65884 0 0 0.00521946 -8.8313 -7.55995 -13.4312 -12.1127 4.52252 -0.803991 0 0.000794594 -2.69807 -1.89956 0 -12.1457 0.170643 -0.242339 -2.53898 -0.040893 -0.589258 2.25685 -3.91442 -3.07111 -1.72537 -8.6584 -0.362589 0.00847723 3.08001 4.11615 -4.56945 -0.349684 -0.069553 1.31759 -6.00526 0.844841 -3.3972 -0.360444 0.0101345 0 0.590133 -0.0848602 0.880325 -0.709261 -0.544475 -1.84813 0.842985 -4.53154 -0.344033 -0.0123401 0 0.574372 -0.600839 0.0339451 -1.32236 0.719938 -2.92277 -0.823215 1.46706 -2.02191 -0.145374 0.00639052 0 -0.632992 -0.227156 -1.27841 1.07447 -0.887288 3.78144 0.310168 -6.28024 0 1.38875 0.0060306 0.000584056 -0.0171595 0.000295107 0 0 0.00365957 0.00432291 0.00138245 0]
100,3,401261113,401323967.5,9556237.283,3821228.3,403589601.4,403589554.5,9631757.843,3821227.307,-403589601.4,[-0.369248 0.0324739 7.13565 -0.00669454 0.063547 1.3224 3.60575 3.98688 3.38848 3.63154 -0.00102918 0.0488535 1.20254 4.65106 4.66708 3.0555 0.00142338 2.98522 -2.7183 -1.88103 -0.140881 0.0236772 0.860666 2.1876 1.72189 9.02042e-06 0.00139911 1.39563 6.553 1.67964 3.03504 4.34177 6.00932 2.26305 1.26222 1.08905 0.962288 0.955423 1.24365 1.88471 2.42991 3.33195 4.58626 7.35145 3.50265e-05 0.0371806 1.17662 2.62168 3.25715 1.77612 1.29068 1.27434 1.16998 1.17096 1.7964 2.83456 -0.000593581 -0.000117138 -0.00127697 0.159691 1.61732 4.45851 2.7238 1.75275 3.1395 -0.000902559 -0.00147135 0.0122646 0.481667 0.00353323 -0.00237906 0.912599 -16.9823 1.93069 6.54434 -10.9503 -8.03428 -10.7147 -18.7644 -5.2785 2.30376 -7.95377 -5.59002 -19.8219 -17.0327 2.45521 -13.1951 1.19411 5.86291 17.8095 -7.94807 -15.5378 -10.8338 1.78202 -2.39739 0.610191 3.57806 -4.08524 14.5887 5.64363 2.05861 10.1068 -0.661846 -9.6774 0.803364 -4.42025 -6.13142 -0.200763 -10.98 6.73642 -10.0736 -10.7821 1.35561 -12.6699 9.15728 2.51704 -11.3924 2.97647 -5.56738 12.0536 -1.83406 -3.54896 2.58855 0.275961 -1.86385 -0.174807 -3.22835 -5.58811],10,[-4.0359e+08 -4.0359e+08 -4.0359e+08 -4.0359e+08 -4.0359e+08 -4.0359e+08 -4.03589e+08 -4.03589e+08 -4.0359e+08 -4.0359e+08],[0 0 0 0 0 0 0 0 0 0],[-75519.4 0.0141746;-75521 1.74553;-75519.5 0.0260625;-75520.6 0.992545;-75519.2 0.337172;-75519.7 0.60113;-75517.9 8.44246;-75588.6 73.1756;-75519.7 1.18672;-75521.4 3.53775],0.58029255,0.564528215,0.790275063,-2.60E-05,0,1,-403590000,,[0 -0.369248 0.0324739 7.13565 0 -0.00669454 0.063547 1.3224 3.60575 3.98688 3.38848 3.63154 0 -0.00102918 0.0488535 1.20254 4.65106 4.66708 3.0555 0.00142338 2.98522 -2.7183 -1.88103 -0.140881 0.0236772 0.860666 2.1876 1.72189 0 0 0 9.02042e-06 0 0 0.00139911 0 1.39563 6.553 1.67964 3.03504 4.34177 6.00932 2.26305 1.26222 1.08905 0.962288 0.955423 1.24365 1.88471 2.42991 3.33195 4.58626 7.35145 3.50265e-05 0.0371806 1.17662 2.62168 3.25715 1.77612 1.29068 1.27434 1.16998 1.17096 1.7964 2.83456 0 -0.000593581 0 0 -0.000117138 -0.00127697 0.159691 1.61732 4.45851 2.7238 1.75275 3.1395 0 -0.000902559 0 0 -0.00147135 0 0 0.0122646 0.481667 0 0 0.00353323 -0.00237906 0 0.912599 -16.9823 1.93069 6.54434 -10.9503 -8.03428 -10.7147 -18.7644 -5.2785 2.30376 -7.95377 -5.59002 -19.8219 -17.0327 2.45521 -13.1951 1.19411 5.86291 17.8095 -7.94807 -15.5378 -10.8338 1.78202 -2.39739 0.610191 3.57806 -4.08524 14.5887 5.64363 2.05861 10.1068 -0.661846 -9.6774 0.803364 -4.42025 -6.13142 -0.200763 -10.98 6.73642 -10.0736 -10.7821 1.35561 -12.6699 9.15728 2.51704 -11.3924 2.97647 -5.56738 12.0536 -1.83406 -3.54896 2.58855 0.275961 -1.86385 -0.174807 -3.22835 -5.58811 0 0 0 0 0 0 0 0 0 0 0]
145,3,392310673.4,392375020.5,8115860.385,4963306.964,395054021.9,395053605,8205222.763,4963230.738,-395054021.9,[0.0468024 0.89926 13.5837 0.692163 2.56218 2.58619 1.61221 1.66614 3.41984 1.25641 2.78632 1.53391 1.51032 1.31718 0.72693 0.698418 1.11605 2.54845 2.6102 2.40701 1.38247 1.38275 1.41796 2.29243 2.61637 2.29239 -1.97023 3.07866 2.84962 0.252647 16.3962 3.02625 1.07486 -0.96234 29.5865 2.1385 0.375854 -0.445654 0.986244 0.937898 7.15684 8.08101 5.24006 5.25037 23.5127 -18.7065 1.29026 0.245007 -0.775807 -0.663598 -0.112099 2.80959 3.95079 0.809773 7.43553 3.71407 2.92655 1.9709 1.21705 0.637607 1.2478 0.183993 -0.902944 -1.34739 -0.666 4.24156 5.51686 8.09367 1.94746 2.95002 1.46943 1.42152 2.47658 2.26208 3.56737 0.759392 1.4531 -1.60603 1.42632 5.33043 5.73542 0.349965 -1.37997 -0.886659 -0.0780832 7.44553 -1.78781 -0.787266 -1.08604 -0.531956 3.67796 7.08547 4.28469 3.52453 -0.95029 -0.765453 -0.557745 -0.120726 2.13358 2.91191 0.42243 1.90475 -2.16455 -0.170986 1.85062 2.89816 0.0577608 -0.824902 -1.215 -0.374453 -0.186457 0.941842 0.435079 2.19936 4.17172 4.43269 2.49558 -2.98527 -0.0466934 0.385096 -0.133871 -0.910568 -1.05945 -1.12686 0.259558 2.23635 4.94211 4.97123 1.74815 6.4321 1.82604 0.433067 -2.60526 -1.53383 1.92067 1.69003 1.3357 0.918809 -8.29962 -0.00558028 -0.00731532 -0.0060676 0.00182032 -3.81914 -0.0678828 0.00165785 0.0209581],10,[-3.95052e+08 -3.95052e+08 -3.95052e+08 -3.95054e+08 -3.94887e+08 -3.95052e+08 -3.95052e+08 -3.94886e+08 -3.95052e+08 -3.94886e+08],[0 0 0 0 0 0 0 0 0 0],[-89220.6 -0.0154418;-89219.6 0.00133538;-89231.9 4.72444;-89362.4 76.2262;-83786 64.3945;-89225.2 1.25165;-89238.1 17.7498;-83687.3 2.40056;-89222.8 0.0135485;-83692.2 1.44532],0.699279607,0.682659297,1.101083234,-0.001535794,1,4,-395054000,,[0 0.0468024 0.89926 13.5837 0 0.692163 2.56218 2.58619 1.61221 1.66614 3.41984 1.25641 0 2.78632 1.53391 1.51032 1.31718 0.72693 0.698418 0 1.11605 2.54845 2.6102 2.40701 1.38247 1.38275 1.41796 2.29243 0 0 2.61637 2.29239 -1.97023 3.07866 2.84962 0 0.252647 16.3962 3.02625 1.07486 -0.96234 29.5865 2.1385 0.375854 -0.445654 0.986244 0.937898 7.15684 8.08101 5.24006 5.25037 23.5127 -18.7065 1.29026 0.245007 -0.775807 -0.663598 -0.112099 2.80959 3.95079 0.809773 7.43553 3.71407 2.92655 1.9709 1.21705 0.637607 1.2478 0.183993 -0.902944 -1.34739 -0.666 4.24156 5.51686 8.09367 1.94746 2.95002 0 1.46943 1.42152 2.47658 2.26208 3.56737 0.759392 1.4531 -1.60603 0 1.42632 5.33043 5.73542 0 0.349965 -1.37997 -0.886659 -0.0780832 7.44553 -1.78781 -0.787266 -1.08604 -0.531956 3.67796 7.08547 4.28469 3.52453 -0.95029 -0.765453 -0.557745 -0.120726 2.13358 2.91191 0.42243 1.90475 -2.16455 -0.170986 1.85062 2.89816 0.0577608 -0.824902 -1.215 -0.374453 -0.186457 0.941842 0.435079 2.19936 4.17172 4.43269 2.49558 -2.98527 -0.0466934 0.385096 -0.133871 -0.910568 -1.05945 -1.12686 0.259558 2.23635 4.94211 4.97123 1.74815 6.4321 1.82604 0.433067 -2.60526 -1.53383 1.92067 1.69003 1.3357 0.918809 -8.29962 0 -0.00558028 -0.00731532 -0.0060676 0.00182032 -3.81914 0 -0.0678828 0.00165785 0.0209581]
190,3,311503333.7,311590687.1,7451397.831,2934958.404,329333471.1,329328650.9,7667699.579,3309922.117,-329333471.1,[0.0573248 -8.35942 -6.86919 -6.88358 9.62213 -7.60952 -5.53609 1.90204 -3.81373 -1.71013 -0.244405 1.66081 2.59322 2.29125 -1.25139 1.80403 1.57514 1.49183 1.17811 -9.01757 7.24 0.110538 2.4932 1.09966 -7.04078 0.28928 5.38067 6.32164 8.43327 -3.42881 -11.1595 -11.0171 -8.83287 -7.50262 -6.48546 0.21474 4.88166 0.715712 -0.206706 -1.25494 -1.94811 -8.57129 -6.37855 -7.10156 -9.41128 -0.405184 16.088 30 11.4922 -9.11293 -5.5206 4.32179 6.10678 13.5767 15.6496 12.5384 11.1828 13.5522 9.34616 10.337 30 -11.9824 -9.86636 -7.84371 -4.27749 2.29816 9.43231 8.35187 12.2904 13.0693 -10.5646 -17.115 -16.0687 -14.5003 4.28474 4.52112 6.04638 26.1877 21.1112 29.9998 21.1582 27.5197 24.4969 8.33039 30 19.9606 21.122 15.712 7.68067 23.7924 20.7712 14.546 19.7673 27.859 20.4211 20.163 13.2998 21.1037 20.6901 18.5503 30 0.737137 18.8306 10.2258 17.1401 18.7846 6.34397 18.4239 12.0188 30 11.8313 28.5363 22.2847 19.7251 12.0398 25.398 12.0737 29.9999 11.1112 19.9629 24.6004 17.6696 11.2621 -30 -6.04644 22.6625 29.9999 10.5525 12.7506 9.8606 5.48056 0.273386 30 5.17203 29.9999 28.8971 29.9998 15.4481 -4.07757 12.8333 27.6132 27.8817 19.058],10,[-3.29237e+08 -3.29333e+08 -3.28977e+08 -3.29321e+08 -3.29056e+08 -3.29212e+08 -3.29299e+08 -3.29323e+08 -3.29256e+08 -3.29325e+08],[0 0 0 0 0 0 0 0 0 0],[-214675 -373391;-216302 -374964;-221953 -357432;-217724 -373113;-223442 -358563;-212031 -375193;-213609 -376515;-215587 -375326;-223617 -365064;-215084 -375888],5.723899357,5.692713091,2.902834512,12.77577606,1,2,-329333000,,[0 0 0 0.0573248 0 0 0 0 -8.35942 -6.86919 -6.88358 9.62213 0 0 0 0 -7.60952 -5.53609 1.90204 0 0 0 0 -3.81373 -1.71013 -0.244405 1.66081 2.59322 0 2.29125 -1.25139 1.80403 1.57514 1.49183 1.17811 -9.01757 7.24 0.110538 2.4932 1.09966 -7.04078 0.28928 5.38067 6.32164 8.43327 -3.42881 -11.1595 -11.0171 -8.83287 -7.50262 -6.48546 0.21474 4.88166 0.715712 -0.206706 -1.25494 -1.94811 -8.57129 -6.37855 -7.10156 -9.41128 -0.405184 16.088 30 11.4922 -9.11293 -5.5206 4.32179 6.10678 13.5767 15.6496 12.5384 11.1828 13.5522 9.34616 10.337 30 -11.9824 -9.86636 -7.84371 -4.27749 2.29816 9.43231 8.35187 12.2904 13.0693 -10.5646 -17.115 -16.0687 -14.5003 4.28474 4.52112 6.04638 26.1877 21.1112 29.9998 21.1582 27.5197 24.4969 8.33039 30 19.9606 21.122 15.712 7.68067 23.7924 20.7712 14.546 19.7673 27.859 20.4211 20.163 13.2998 21.1037 20.6901 18.5503 30 0.737137 18.8306 10.2258 17.1401 18.7846 6.34397 18.4239 12.0188 30 11.8313 28.5363 22.2847 19.7251 12.0398 25.398 12.0737 29.9999 11.1112 19.9629 24.6004 17.6696 11.2621 -30 -6.04644 22.6625 29.9999 10.5525 12.7506 9.8606 5.48056 0.273386 30 5.17203 29.9999 28.8971 29.9998 15.4481 -4.07757 12.8333 27.6132 27.8817 19.058]
225,3,348114977,348187337.2,7848094.637,3758149.936,353945295.6,353945219.2,8040037.335,3758136.639,-353945295.6,[0.00400004 -9.66712 -2.8268 -1.80298 11.9867 -0.00201831 -2.48181 6.75582 8.93461 7.92929 7.87454 -0.0209392 -8.01725 -7.77109 -7.30593 -6.09393 -4.97684 -2.69209 -0.90829 -11.079 -12.1087 -11.371 -14.198 -13.4356 -12.0219 10.3073 0.393715 -7.79045 0.019695 1.57936 10.7696 10.0674 5.54892 7.12178 4.76835 2.12248 -0.00210213 -15.2914 -7.44758 -8.95515 -7.14767 -0.706596 -2.85733 10.3461 10.2576 5.51727 1.39815 -1.49308 -5.11826 15.3833 15.1831 13.0662 12.8308 9.27735 8.48413 8.27465 4.46642 5.12999 4.28371 7.88527 8.40258 -15.266 -14.5097 -11.4076 -8.65136 -4.19671 0.252988 5.62367 9.33543 10.5384 14.3849 14.2518 16.4286 19.129 -21.2082 -3.84724 0.0431321 0.0238265 0.00513798 -0.0130164 1.87029 2.33802 -3.48576 -1.71262 -0.514823 3.14697 -1.01076 -6.34623 2.99286 -2.63201 1.34576 -0.994175 -5.04157 3.38566 -6.87647 2.60137 0.555496 -1.67151 6.25414 3.10463 -0.299507 -2.56672 -4.95342 5.32166 -1.80592 -1.38652 1.29002 -0.702166 -4.12736 0.510415 -1.56458 4.71486 -0.114217 -1.40548 -3.1775 6.81521 -3.90986 2.72705 -8.63421 -4.11642 3.67791 2.44665 -13.4423 6.63029 10.3502 2.97074 -2.94181 -5.30848 -0.787809 3.71373 -8.76067 1.93663 3.80333 -0.670273 0.0975588],10,[-3.5394e+08 -3.53945e+08 -3.53945e+08 -3.53944e+08 -3.53935e+08 -3.5394e+08 -3.53945e+08 -3.53945e+08 -3.5394e+08 -3.53939e+08],[0 0 0 0 0 0 0 0 0 0],[-191751 1.87927;-191927 0.404494;-191910 0.918151;-191905 20.0199;-191690 95.8556;-191755 0.511066;-191926 3.46737;-191943 13.2976;-191764 2.62031;-191725 10.9118],1.674825562,1.65367358,2.445723537,-0.000353835,0,2,-353945000,,[0 0 0 0 0 0.00400004 -9.66712 -2.8268 -1.80298 11.9867 0 0 0 -0.00201831 -2.48181 6.75582 8.93461 7.92929 7.87454 0 -0.0209392 -8.01725 -7.77109 -7.30593 -6.09393 -4.97684 -2.69209 -0.90829 0 -11.079 -12.1087 -11.371 -14.198 -13.4356 -12.0219 10.3073 0.393715 0 -7.79045 0.019695 0 0 1.57936 10.7696 10.0674 5.54892 7.12178 4.76835 2.12248 -0.00210213 0 0 0 -15.2914 -7.44758 -8.95515 -7.14767 -0.706596 -2.85733 10.3461 10.2576 5.51727 1.39815 -1.49308 -5.11826 15.3833 15.1831 13.0662 12.8308 9.27735 8.48413 8.27465 4.46642 5.12999 4.28371 7.88527 8.40258 -15.266 -14.5097 -11.4076 -8.65136 -4.19671 0.252988 5.62367 9.33543 10.5384 14.3849 14.2518 16.4286 19.129 -21.2082 -3.84724 0 0 0 0 0 0 0 0 0.0431321 0.0238265 0.00513798 -0.0130164 1.87029 2.33802 -3.48576 -1.71262 -0.514823 3.14697 -1.01076 -6.34623 2.99286 -2.63201 1.34576 -0.994175 -5.04157 3.38566 -6.87647 2.60137 0.555496 -1.67151 6.25414 3.10463 -0.299507 -2.56672 -4.95342 5.32166 -1.80592 -1.38652 1.29002 -0.702166 -4.12736 0.510415 -1.56458 4.71486 -0.114217 -1.40548 -3.1775 6.81521 -3.90986 2.72705 -8.63421 -4.11642 3.67791 2.44665 -13.4423 6.63029 10.3502 2.97074 -2.94181 -5.30848 -0.787809 3.71373 -8.76067 1.93663 3.80333 -0.670273 0.0975588]
280,3,376198382.4,376269865.9,9341780.716,3200548.146,387314514.5,387309498.5,9662527.161,3247789.455,-387314514.5,[-21.7946 -10.0087 -12.3989 -10.2463 -10.4567 -3.73994 -3.35266 -3.16182 -4.72849 -10.4444 -8.07396 -6.95042 -7.78228 -6.4176 -5.50646 -2.26554 -14.271 -11.019 -9.13629 -14.4054 -12.2787 -11.9324 -10.8741 -9.46109 -8.72225 11.0677 -11.3445 -12.0941 -12.0511 -12.25 -12.4131 -11.2878 -6.58851 -3.30418 -3.11284 -6.62696 -0.00449229 -7.85229 -9.14046 -3.41441 -3.26037 -3.28656 -3.2692 -3.20985 -4.83087 -0.0338999 -10.9685 -10.6338 -10.0682 -5.21568 -8.21484 -4.56018 -13.7354 1.09377 -0.650855 -2.49814 -2.33974 9.66028 -8.64305 -8.72939 -8.85138 -9.1893 -8.7471 -8.10656 -7.10891 -6.21152 -6.78082 -7.49197 -5.0292 3.10171 -11.1532 -12.5939 -12.0749 -10.9392 -10.9739 -12.2879 -9.92427 -17.6494 -6.74768 -11.1509 -12.7665 -13.0768 1.67458 -9.12034 -1.09004 0.043652 -0.557997 -3.30234 2.96056 6.8269 4.43519 4.47177 5.74588 4.77955 -0.0417627 3.58473 -4.67992 3.15062 -2.16809 0.622551 1.01592 1.15743 2.44139 0.0564223 -7.11386 0.928883 3.27362 3.39675 -4.48513 0.162135 -24.3388 -0.083066 -3.67254 0.563148 8.27556 13.4239 -1.04648 -2.89286 -0.188977 -1.42507 1.789 -11.1088 20.5204 -17.4891 -3.20648 17.8234 -14.0984 0.409781 -5.3476 4.812 0.0130525],10,[-3.87312e+08 -3.87305e+08 -3.87302e+08 -3.87303e+08 -3.87315e+08 -3.87308e+08 -3.87287e+08 -3.87308e+08 -3.87309e+08 -3.87304e+08],[0 0 0 0 0 0 0 0 0 0],[-320553 -47346.3;-321026 -46640.6;-320807 -46753.6;-320843 -46760.6;-320746 -47241.3;-320540 -47218.5;-320601 -46465.9;-320843 -46914;-320480 -47327.3;-320753 -46887.5],2.954859109,2.933966712,3.433461511,1.47603805,1,5,-387315000,,[-21.7946 -10.0087 0 0 -12.3989 -10.2463 -10.4567 -3.73994 -3.35266 -3.16182 -4.72849 0 -10.4444 -8.07396 -6.95042 -7.78228 -6.4176 -5.50646 -2.26554 -14.271 -11.019 -9.13629 -14.4054 -12.2787 -11.9324 -10.8741 -9.46109 -8.72225 11.0677 -11.3445 -12.0941 -12.0511 -12.25 -12.4131 -11.2878 -6.58851 -3.30418 0 -3.11284 -6.62696 -0.00449229 0 -7.85229 -9.14046 -3.41441 -3.26037 -3.28656 -3.2692 -3.20985 -4.83087 -0.0338999 0 0 -10.9685 -10.6338 -10.0682 -5.21568 -8.21484 -4.56018 -13.7354 1.09377 -0.650855 -2.49814 -2.33974 9.66028 -8.64305 -8.72939 -8.85138 -9.1893 -8.7471 -8.10656 -7.10891 -6.21152 -6.78082 -7.49197 -5.0292 3.10171 -11.1532 -12.5939 -12.0749 -10.9392 -10.9739 -12.2879 -9.92427 -17.6494 -6.74768 -11.1509 -12.7665 -13.0768 1.67458 -9.12034 -1.09004 0 0 0 0 0 0 0 0 0 0 0 0 0.043652 -0.557997 -3.30234 2.96056 6.8269 4.43519 4.47177 5.74588 4.77955 -0.0417627 0 0 3.58473 -4.67992 3.15062 -2.16809 0.622551 1.01592 1.15743 2.44139 0.0564223 0 0 -7.11386 0.928883 3.27362 3.39675 -4.48513 0.162135 -24.3388 -0.083066 -3.67254 0.563148 0 0 8.27556 13.4239 -1.04648 -2.89286 -0.188977 -1.42507 1.789 -11.1088 0 20.5204 -17.4891 -3.20648 17.8234 -14.0984 0.409781 -5.3476 4.812 0.0130525 0 0]
325,3,418005473.4,418067741.5,10684483.8,3251107.587,420071464,420070666.2,10729031.79,3273323.754,-420071464,[0.0304724 14.1747 -11.4787 -5.65892 -5.92505 -4.76791 -1.64516 -0.12385 0.226031 9.82317 -16.7208 -4.09894 -2.40812 -2.36392 -2.27582 -2.28782 -3.14695 -5.17724 -4.31154 -2.89145 -1.46611 -1.56181 -1.96519 -1.49882 -0.976775 -1.19526 -1.98935 -12.4953 -3.13372 -1.89144 -2.17601 -1.90431 -1.20455 -0.568934 -4.99119 -3.57735 -0.0198142 0.0298941 4.78227 -2.96636 -3.07073 -1.58945 -0.708293 -3.09569 -3.21946 2.43119 -4.16245 0.65315 -2.12339 -3.54806 -2.79498 -0.20001 1.09771 0.530149 -4.53571 -3.03359 0.270801 -0.550153 -0.275144 -0.301367 -3.99292 -3.86083 -2.67631 -0.0879185 0.557928 -0.245597 -0.118033 -1.89501 0.648014 -0.947655 -1.92373 1.23357 -0.268666 -0.374669 -0.0388044 0.925923 1.92541 0.698661 -6.51156 -3.13641 -1.68334 -0.512051 0.926355 -2.48544 7.70506 3.63348 -0.484896 -0.014394 0.00210913 -0.00621377 0.00221647 -0.0140398 -0.00424706 -0.255273 -0.0245528 -0.0253068 -0.0148041 -0.000994758 0.405298 0.548213 1.36721 0.728165 -0.0996042 -0.0136893 -0.00135154 -0.00178905 -0.0789088 -0.156568 -0.0116166 -5.12136 4.11808 3.58866 0.35122 -0.0755268 -0.125389 -0.0831802 -0.110426 -0.0206893 1.13083 1.58557 1.94424 0.695863 -0.0559807 -0.016135 -0.0580015 -0.0262521 -0.00859752 -0.0213675 -0.0396035 7.00231 0.844903 1.65912 1.83369 0.195449 0.00405375 30 0.0788001 -1.38212 1.12077 0.40557 -15.3442 0.00685272 -0.027922 -0.0310898 -0.00890091],10,[-4.20062e+08 -4.20067e+08 -4.20071e+08 -4.20071e+08 -4.20069e+08 -4.20071e+08 -4.20071e+08 -4.20071e+08 -4.20017e+08 -4.20071e+08],[2 0 0 0 0 0 0 0 0 0],[-44988 -21473.4;-44186.9 -22436.2;-44419 -22325.6;-44535.4 -22198.2;-44502.8 -22195.4;-44652 -22102;-44575.8 -22184.9;-44540.4 -22221.9;-44580.3 -20359.4;-44548 -22216.2],0.494249664,0.479090936,0.416940955,0.683341471,1,3,-420071000,,[0.0304724 14.1747 -11.4787 0 -5.65892 -5.92505 -4.76791 -1.64516 -0.12385 0.226031 9.82317 -16.7208 -4.09894 -2.40812 -2.36392 -2.27582 -2.28782 -3.14695 -5.17724 -4.31154 -2.89145 -1.46611 -1.56181 -1.96519 -1.49882 -0.976775 -1.19526 -1.98935 -12.4953 -3.13372 -1.89144 -2.17601 -1.90431 -1.20455 -0.568934 -4.99119 -3.57735 0 -0.0198142 0.0298941 4.78227 0 -2.96636 -3.07073 -1.58945 -0.708293 -3.09569 -3.21946 2.43119 -4.16245 0.65315 0 0 -2.12339 -3.54806 -2.79498 -0.20001 1.09771 0.530149 -4.53571 -3.03359 0.270801 -0.550153 -0.275144 -0.301367 -3.99292 -3.86083 -2.67631 -0.0879185 0.557928 -0.245597 -0.118033 -1.89501 0.648014 -0.947655 -1.92373 1.23357 -0.268666 -0.374669 -0.0388044 0.925923 1.92541 0.698661 -6.51156 -3.13641 -1.68334 -0.512051 0.926355 -2.48544 7.70506 3.63348 -0.484896 -0.014394 0.00210913 -0.00621377 0.00221647 -0.0140398 -0.00424706 -0.255273 -0.0245528 -0.0253068 -0.0148041 -0.000994758 0 0.405298 0.548213 1.36721 0.728165 -0.0996042 -0.0136893 -0.00135154 -0.00178905 -0.0789088 -0.156568 -0.0116166 0 -5.12136 4.11808 3.58866 0.35122 -0.0755268 0 -0.125389 -0.0831802 -0.110426 -0.0206893 0 1.13083 1.58557 1.94424 0.695863 -0.0559807 -0.016135 -0.0580015 -0.0262521 -0.00859752 -0.0213675 -0.0396035 0 7.00231 0.844903 1.65912 1.83369 0.195449 0.00405375 0 0 0 30 0.0788001 -1.38212 1.12077 0.40557 -15.3442 0.00685272 -0.027922 -0.0310898 -0.00890091 0]
30,4,1181134744,1181208608,28837691.69,10535928.59,1250309130,1250307414,30742213.76,10934700.04,-1250309130,[-20.5827 -20.0396 -18.7961 23.3869 -23.8129 24.4866 22.9991 25.9512 9.7551 -3.89917 -2.90392 -7.86661 -13.5602 -13.6051 -9.5934 -11.9354 4.31947 10.4187 14.7633 -6.44145 -6.46518 -8.32482 -9.69824 -10.0105 -10.8225 -13.0471 -19.2842 -18.8856 -0.271099 -14.2422 1.47971 17.415 19.0775 21.6892 -17.3124 -17.2572 -18.7914 -19.882 -21.9835 -20.2475 -28.2539 -30 -30 30 30 23.939 9.95942 2.62766 -6.04535 0.266622 19.8297 21.6841 20.1899 17.7611 23.9797 2.30882 30 13.788 14.2029 -2.60511 -2.64389 3.99415 -0.00121207 -25.761 -16.447 -14.1612 -8.14267 2.81615 8.3453 18.5626 17.2288 -7.75823 0.131115 11.306 -0.0681448 -17.3054 14.838 14.254 -21.1086 7.28059 -1.04164 -1.55353 29.6002 14.8783 -3.12221 6.57761 -1.17941 0.124573 2.1955 2.34464 0.737609 11.9016 -4.9041 0.871442 1.77738 -0.0144061 0.0182246 -1.94021 -1.76939 1.5603 0.15567 -1.44572 -2.47539 -0.923626 -0.0307922 0.044856 -0.11093 0.11578 23.4848 -8.16741 0.378825 -0.493845 -2.03336 -2.60274 -0.0814894 0.00165126 0.0543314 0.154443 -3.16722 -1.96368 -0.385037 -0.00901496 1.17022 -1.96927 -1.4136 -0.072333 0.0135158 0.0874004 0.208092 1.11429 -1.07688 2.98188 4.00285 -0.672207 -2.60263 -0.821322 0.0854898 6.2967 -3.85565 0.22109 0.127012 0.255356 0.0443483 0.0551402 0.0382481],10,[-1.2497e+09 -1.24999e+09 -1.2494e+09 -1.25031e+09 -1.24533e+09 -1.24901e+09 -1.24755e+09 -1.24911e+09 -1.24782e+09 -1.24984e+09],[0 0 0 0 0 0 0 0 0 0],[-1.87997e+06 -402972;-1.8947e+06 -397912;-1.86336e+06 -409471;-1.90452e+06 -398771;-1.71807e+06 -419373;-1.84337e+06 -416497;-1.80939e+06 -402020;-1.87516e+06 -388190;-1.79014e+06 -430291;-1.90387e+06 -383784],5.856604091,5.849839309,6.604280562,3.784872365,1,4,-1250310000,,[-20.5827 -20.0396 -18.7961 23.3869 -23.8129 24.4866 22.9991 25.9512 9.7551 -3.89917 -2.90392 -7.86661 -13.5602 -13.6051 -9.5934 -11.9354 4.31947 10.4187 14.7633 -6.44145 -6.46518 -8.32482 -9.69824 -10.0105 -10.8225 -13.0471 -19.2842 -18.8856 0 0 -0.271099 -14.2422 1.47971 17.415 19.0775 0 21.6892 -17.3124 -17.2572 -18.7914 -19.882 -21.9835 -20.2475 -28.2539 -30 -30 30 30 23.939 9.95942 2.62766 -6.04535 0.266622 19.8297 21.6841 20.1899 17.7611 23.9797 2.30882 30 13.788 14.2029 -2.60511 -2.64389 3.99415 -0.00121207 -25.761 -16.447 -14.1612 -8.14267 2.81615 8.3453 18.5626 17.2288 -7.75823 0.131115 11.306 0 -0.0681448 -17.3054 14.838 14.254 -21.1086 7.28059 -1.04164 -1.55353 0 29.6002 14.8783 -3.12221 0 6.57761 -1.17941 0.124573 2.1955 2.34464 0.737609 11.9016 -4.9041 0.871442 1.77738 -0.0144061 0.0182246 0 -1.94021 -1.76939 1.5603 0.15567 -1.44572 -2.47539 -0.923626 -0.0307922 0.044856 -0.11093 0.11578 0 23.4848 -8.16741 0.378825 -0.493845 -2.03336 -2.60274 -0.0814894 0.00165126 0.0543314 0.154443 0 -3.16722 -1.96368 -0.385037 -0.00901496 1.17022 -1.96927 -1.4136 -0.072333 0.0135158 0.0874004 0.208092 0 1.11429 -1.07688 2.98188 4.00285 -0.672207 -2.60263 -0.821322 0.0854898 0 6.2967 -3.85565 0.22109 0.127012 0.255356 0 0 0.0443483 0.0551402 0.0382481 0]
45,4,1189210700,1189284207,29109342.84,10533464.05,1273874134,1273873574,31596772.33,10865680.16,-1273874134,[-14.3797 -15.0895 -15.398 -22.0887 -17.6051 -20.3414 -23.0492 3.64253 18.8962 15.6601 8.61591 4.53986 -6.09911 -5.61802 -2.06647 7.18153 17.0485 30 30 2.77904 -2.03945 -2.62855 0.28254 -1.9782 -2.95565 -2.61932 -7.31641 -11.0837 0.0588145 -15.5188 -18.2413 -3.04072 -25.8325 3.3619 -15.7556 -14.2846 -16.2693 -16.7387 -15.2094 -30 -30 -25.6816 -27.4333 -21.8215 19.7844 14.5859 11.3928 7.38864 3.19872 -20.9868 30 29.4113 24.4595 25.903 21.1133 25.3747 28.6135 30 24.9318 -1.34249 1.00337 0.346821 -9.81961 -1.76297 6.31347 17.0457 30 30 29.4884 30 9.269 -4.58253 -0.0201924 -13.7105 -12.8398 -19.7044 -22.523 12.5827 -0.457716 0.00993048 -4.03775 -4.29616 -16.2269 1.19989 1.0706 -2.75221 -0.663905 -1.24145 -0.540688 -3.02025 -1.72138 -1.16864 -5.00635 -0.199084 -0.0285068 -30 5.67647 -3.09141 0.242882 -4.24596 -8.01829 -3.31548 -0.493977 -4.27042 -0.35796 -0.00411066 2.40101 1.20058 0.124325 -2.43246 -0.414437 -1.61095 -1.5986 -6.53395 -0.450636 -0.0504783 -5.18803 -0.448878 -0.0793248 -5.74943 2.59297 -5.46794 -1.14738 3.04186 -4.55111 -0.339931 -0.0287549 -1.83826 -0.436592 -2.77839 2.07303 -1.70263 4.26213 0.387435 -6.76971 1.96717 0.0276002 0.00452537 0.00364891 -0.138968 0.0109082 -0.00113689 0.00728004],10,[-1.27193e+09 -1.27257e+09 -1.27384e+09 -1.27379e+09 -1.27295e+09 -1.2724e+09 -1.2683e+09 -1.27387e+09 -1.26985e+09 -1.27047e+09],[0 0 0 0 0 0 0 0 0 0],[-2.44081e+06 -314111;-2.44464e+06 -331409;-2.48823e+06 -330250;-2.49092e+06 -325776;-2.45468e+06 -334112;-2.4315e+06 -339059;-2.31216e+06 -321753;-2.48743e+06 -332216;-2.3601e+06 -325529;-2.37025e+06 -335997],7.119296359,7.112628521,8.545124137,3.153911255,1,8,-1273870000,,[-14.3797 -15.0895 -15.398 -22.0887 -17.6051 -20.3414 -23.0492 3.64253 18.8962 15.6601 8.61591 4.53986 -6.09911 -5.61802 -2.06647 7.18153 17.0485 30 30 2.77904 -2.03945 -2.62855 0.28254 -1.9782 -2.95565 -2.61932 -7.31641 -11.0837 0 0 0 0.0588145 -15.5188 -18.2413 -3.04072 0 -25.8325 3.3619 -15.7556 -14.2846 -16.2693 -16.7387 -15.2094 -30 -30 -25.6816 -27.4333 -21.8215 19.7844 14.5859 11.3928 7.38864 3.19872 -20.9868 30 29.4113 24.4595 25.903 21.1133 25.3747 28.6135 30 24.9318 -1.34249 1.00337 0 0.346821 -9.81961 -1.76297 6.31347 17.0457 30 30 29.4884 30 9.269 -4.58253 0 0 -0.0201924 -13.7105 -12.8398 -19.7044 -22.523 12.5827 -0.457716 0 0.00993048 -4.03775 -4.29616 0 -16.2269 1.19989 1.0706 -2.75221 -0.663905 -1.24145 -0.540688 -3.02025 -1.72138 -1.16864 -5.00635 -0.199084 -0.0285068 -30 5.67647 -3.09141 0.242882 -4.24596 -8.01829 -3.31548 -0.493977 -4.27042 -0.35796 -0.00411066 0 2.40101 1.20058 0.124325 -2.43246 -0.414437 -1.61095 -1.5986 -6.53395 -0.450636 -0.0504783 0 -5.18803 -0.448878 -0.0793248 -5.74943 2.59297 -5.46794 -1.14738 3.04186 -4.55111 -0.339931 -0.0287549 0 -1.83826 -0.436592 -2.77839 2.07303 -1.70263 4.26213 0.387435 -6.76971 0 1.96717 0.0276002 0.00452537 0.00364891 -0.138968 0 0 0.0109082 -0.00113689 0.00728004 0]
100,4,1455729209,1455793420,36364853.59,12161593.73,1475171669,1475171517,37014327.42,12158056.47,-1475171669,[-0.146019 -0.0299762 7.4943 0.0280836 0.197091 1.66776 4.32249 4.70571 3.49577 3.85433 0.0562287 0.110975 1.78873 7.34588 8.08224 3.58402 -0.197929 4.43706 -10.3038 -2.9326 -0.171241 -0.051961 1.38138 3.66992 3.34668 -0.0763585 0.0147408 2.09886 10.9104 2.13179 3.36576 5.56101 9.82325 5.59282 2.28955 1.65726 1.4886 1.5006 1.79822 2.48117 2.83415 4.66079 7.31545 14.6335 0.173567 0.0343569 2.09561 4.84968 7.25344 3.5422 2.20595 4.17379 3.00948 1.73163 2.12171 7.08596 0.00107061 -0.0946184 0.213699 -0.0345818 0.433971 2.61216 7.39808 5.77004 6.11963 30 0.101785 -0.0279667 0.0442393 0.929902 0.0546608 0.0232853 1.62848 -18.0291 2.07419 4.46053 -7.78967 -3.27506 -10.0896 -13.3548 -6.6515 1.34406 -11.6758 -5.40087 -15.2636 -8.18081 4.16537 -21.2658 13.8674 14.2039 30 -12.9907 -30 -17.3198 3.95203 -6.30822 -5.47238 13.7029 -5.86896 25.2292 6.50133 1.8548 16.2325 -4.19081 -11.639 -1.44567 -2.7244 0.837767 -0.305598 -19.8401 14.79 -14.0245 -12.5965 0.534085 -16.5837 11.1357 3.16595 -9.30627 4.20101 -8.17606 20.1021 -3.57065 -6.82919 5.66327 0.927366 -4.76322 0.102041 -5.01123 -2.37679],10,[-1.47508e+09 -1.47515e+09 -1.47512e+09 -1.47512e+09 -1.47476e+09 -1.47512e+09 -1.47512e+09 -1.47512e+09 -1.47502e+09 -1.47517e+09],[0 0 0 0 0 0 0 0 0 0],[-646977 4075.1;-646790 1720.76;-644147 95.6428;-644115 28.3731;-632339 67.8801;-644234 123.071;-646311 2155.55;-644185 70.9441;-651720 10914.8;-649474 3537.26],1.335582191,1.331102116,1.785993248,-0.02908552,0,10,-1475170000,,[0 -0.146019 -0.0299762 7.4943 0 0.0280836 0.197091 1.66776 4.32249 4.70571 3.49577 3.85433 0 0.0562287 0.110975 1.78873 7.34588 8.08224 3.58402 -0.197929 4.43706 -10.3038 -2.9326 -0.171241 -0.051961 1.38138 3.66992 3.34668 0 0 0 -0.0763585 0 0 0.0147408 0 2.09886 10.9104 2.13179 3.36576 5.56101 9.82325 5.59282 2.28955 1.65726 1.4886 1.5006 1.79822 2.48117 2.83415 4.66079 7.31545 14.6335 0.173567 0.0343569 2.09561 4.84968 7.25344 3.5422 2.20595 4.17379 3.00948 1.73163 2.12171 7.08596 0.00107061 -0.0946184 0 0 0.213699 -0.0345818 0.433971 2.61216 7.39808 5.77004 6.11963 30 0 0.101785 0 0 -0.0279667 0 0 0.0442393 0.929902 0 0 0.0546608 0.0232853 0 1.62848 -18.0291 2.07419 4.46053 -7.78967 -3.27506 -10.0896 -13.3548 -6.6515 1.34406 -11.6758 -5.40087 -15.2636 -8.18081 4.16537 -21.2658 13.8674 14.2039 30 -12.9907 -30 -17.3198 3.95203 -6.30822 -5.47238 13.7029 -5.86896 25.2292 6.50133 1.8548 16.2325 -4.19081 -11.639 -1.44567 -2.7244 0.837767 -0.305598 -19.8401 14.79 -14.0245 -12.5965 0.534085 -16.5837 11.1357 3.16595 -9.30627 4.20101 -8.17606 20.1021 -3.57065 -6.82919 5.66327 0.927366 -4.76322 0.102041 -5.01123 -2.37679 0 0 0 0 0 0 0 0 0 0 0]
145,4,1378273952,1378339819,29588316.08,16356344.54,1399555680,1399554970,30295772.12,16356060.21,-1399555680,[0.183307 0.59847 5.87511 0.828492 2.84373 2.84814 1.73469 1.72283 4.78368 1.58012 3.72539 2.184 2.83149 2.48198 1.25837 0.835565 1.35493 3.25541 3.87275 3.71212 2.17915 2.34351 2.67641 4.08394 3.40584 3.25066 -3.60131 6.47779 5.46843 0.333704 19.0268 3.55002 1.27728 -2.32696 30 3.46198 0.930149 -1.20367 1.81983 1.52931 10.9845 16.615 9.14236 11.8955 26.7589 -27.0463 2.35698 0.452206 -0.984523 -1.14898 -0.678695 10.6298 24.9747 3.21844 16.2705 10.8684 16.9555 30 2.13505 1.14823 1.54653 0.109824 -1.09857 -2.40958 -2.30078 15.9527 24.4302 30 -12.8377 24.9597 1.90911 2.00672 3.83651 4.61591 9.82812 -13.7262 -3.46078 -3.67873 3.29116 9.87919 -0.444107 0.473187 -0.904827 -0.599264 -0.135352 3.38569 0.70588 -0.0671504 -0.867426 -0.416279 3.07826 5.1028 0.971193 0.541131 -0.780789 -0.587097 -0.699323 -0.2204 1.10466 1.76939 0.606395 1.88699 -1.69086 0.750516 3.47205 2.4774 6.43907 -3.16821 -1.30669 -0.363282 -0.153823 0.54283 0.18844 1.58633 3.19433 2.3109 0.854584 -1.35112 1.63248 1.13561 -0.134927 -0.543226 -0.569046 -0.571776 0.794223 2.3318 3.04542 3.05182 2.73751 1.76873 1.42472 1.14501 -1.32449 -0.756217 1.42482 3.01371 2.03877 1.48415 -8.23626 -0.0451001 -0.00343827 -0.00751473 -0.00591812 -4.58655 -0.207888 -0.171583 0.115515],10,[-1.39879e+09 -1.39919e+09 -1.39814e+09 -1.39829e+09 -1.39956e+09 -1.39797e+09 -1.39764e+09 -1.39878e+09 -1.39942e+09 -1.39841e+09],[0 -2 0 0 0 0 0 0 0 0],[-682215 453.409;-696459 1417.56;-660632 820.689;-670948 5842.27;-707456 284.337;-654805 489.007;-643888 635.885;-682000 748.883;-705392 2595.64;-669102 31.4048],1.544085506,1.53918147,2.390997978,-0.001738388,0,5,-1399560000,,[0 0.183307 0.59847 5.87511 0 0.828492 2.84373 2.84814 1.73469 1.72283 4.78368 1.58012 0 3.72539 2.184 2.83149 2.48198 1.25837 0.835565 0 1.35493 3.25541 3.87275 3.71212 2.17915 2.34351 2.67641 4.08394 0 0 3.40584 3.25066 -3.60131 6.47779 5.46843 0 0.333704 19.0268 3.55002 1.27728 -2.32696 30 3.46198 0.930149 -1.20367 1.81983 1.52931 10.9845 16.615 9.14236 11.8955 26.7589 -27.0463 2.35698 0.452206 -0.984523 -1.14898 -0.678695 10.6298 24.9747 3.21844 16.2705 10.8684 16.9555 30 2.13505 1.14823 1.54653 0.109824 -1.09857 -2.40958 -2.30078 15.9527 24.4302 30 -12.8377 24.9597 0 1.90911 2.00672 3.83651 4.61591 9.82812 -13.7262 -3.46078 -3.67873 0 3.29116 9.87919 -0.444107 0 0.473187 -0.904827 -0.599264 -0.135352 3.38569 0.70588 -0.0671504 -0.867426 -0.416279 3.07826 5.1028 0.971193 0.541131 -0.780789 -0.587097 -0.699323 -0.2204 1.10466 1.76939 0.606395 1.88699 -1.69086 0.750516 3.47205 2.4774 6.43907 -3.16821 -1.30669 -0.363282 -0.153823 0.54283 0.18844 1.58633 3.19433 2.3109 0.854584 -1.35112 1.63248 1.13561 -0.134927 -0.543226 -0.569046 -0.571776 0.794223 2.3318 3.04542 3.05182 2.73751 1.76873 1.42472 1.14501 -1.32449 -0.756217 1.42482 3.01371 2.03877 1.48415 -8.23626 0 -0.0451001 -0.00343827 -0.00751473 -0.00591812 -4.58655 0 -0.207888 -0.171583 0.115515]
190,4,978732849.8,978824094.8,24160393.62,8467076.212,1130644083,1130636260,27551833.22,10136042.12,-1130644083,[-0.00442458 -10.3848 -8.59519 -9.47929 14.8604 -0.000258375 -13.8254 -13.4151 -5.67194 -5.20317 -2.4061 -0.387091 2.34413 4.00239 2.54696 -1.60114 3.05049 2.62953 2.86879 1.93398 -9.55211 11.8145 0.259005 3.89024 2.3838 -15.9939 0.411973 9.93905 10.4538 16.3356 -25.7542 -23.3366 -18.2947 -17.5878 -21.3555 -13.3083 0.189446 5.68947 1.30599 -0.399626 -2.10387 -3.45599 -19.3882 -11.9781 -11.2963 -25.0257 18.5898 22.5831 29.9948 29.996 -17.4029 -23.3327 21.2642 12.9358 25.0976 29.9966 21.1654 16.9936 29.9996 20.037 12.782 29.999 -13.3665 -21.6291 -27.6405 -10.3113 4.46955 30 22.9883 16.9821 19.8077 -13.4047 -29.996 -29.996 -22.0817 6.55088 6.90654 9.08041 26.6161 23.5943 28.5241 29.2868 29.9964 18.2756 12.5582 29.1685 24.0087 29.5164 15.7019 19.8292 30 23.8771 17.9619 26.2281 29.9999 29.9952 27.611 23.4257 22.9085 26.2351 18.7409 -5.14887 12.9424 19.5759 13.9285 19.4294 19.5819 5.76624 27.0499 19.3921 29.999 16.46 29.9997 29.993 22.5034 14.3444 25.1762 22.4439 29.1005 21.4762 22.3731 22.9161 26.5394 16.4165 29.9959 -10.5394 29.9985 29.9988 18.7405 13.5705 10.9438 4.2267 0.470161 29.9964 -29.9973 29.9952 29.9977 29.9977 22.6298 -12.315 29.9998 30 30 22.7639],10,[-1.13064e+09 -1.12671e+09 -1.12797e+09 -1.12981e+09 -1.12705e+09 -1.12806e+09 -1.12965e+09 -1.12771e+09 -1.12873e+09 -1.12456e+09],[0 0 0 0 0 0 0 0 0 0],[-3.39144e+06 -1.66897e+06;-3.38756e+06 -1.54159e+06;-3.21617e+06 -1.75524e+06;-3.27377e+06 -1.75896e+06;-3.25455e+06 -1.68598e+06;-3.22041e+06 -1.75374e+06;-3.30154e+06 -1.72571e+06;-3.24344e+06 -1.71924e+06;-3.28345e+06 -1.71309e+06;-3.216e+06 -1.64156e+06],15.52121529,15.50964735,14.03718689,19.71124227,1,1,-1130640000,,[0 0 0 -0.00442458 0 0 0 0 -10.3848 -8.59519 -9.47929 14.8604 0 0 0 -0.000258375 -13.8254 -13.4151 -5.67194 0 0 0 0 -5.20317 -2.4061 -0.387091 2.34413 4.00239 0 2.54696 -1.60114 3.05049 2.62953 2.86879 1.93398 -9.55211 11.8145 0.259005 3.89024 2.3838 -15.9939 0.411973 9.93905 10.4538 16.3356 -25.7542 -23.3366 -18.2947 -17.5878 -21.3555 -13.3083 0.189446 5.68947 1.30599 -0.399626 -2.10387 -3.45599 -19.3882 -11.9781 -11.2963 -25.0257 18.5898 22.5831 29.9948 29.996 -17.4029 -23.3327 21.2642 12.9358 25.0976 29.9966 21.1654 16.9936 29.9996 20.037 12.782 29.999 -13.3665 -21.6291 -27.6405 -10.3113 4.46955 30 22.9883 16.9821 19.8077 -13.4047 -29.996 -29.996 -22.0817 6.55088 6.90654 9.08041 26.6161 23.5943 28.5241 29.2868 29.9964 18.2756 12.5582 29.1685 24.0087 29.5164 15.7019 19.8292 30 23.8771 17.9619 26.2281 29.9999 29.9952 27.611 23.4257 22.9085 26.2351 18.7409 -5.14887 12.9424 19.5759 13.9285 19.4294 19.5819 5.76624 27.0499 19.3921 29.999 16.46 29.9997 29.993 22.5034 14.3444 25.1762 22.4439 29.1005 21.4762 22.3731 22.9161 26.5394 16.4165 29.9959 -10.5394 29.9985 29.9988 18.7405 13.5705 10.9438 4.2267 0.470161 29.9964 -29.9973 29.9952 29.9977 29.9977 22.6298 -12.315 29.9998 30 30 22.7639]
225,4,1157843354,1157917444,26278611.46,12318636.69,1228822940,1228822068,28648190.95,12312544.63,-1228822940,[0.0482621 -19.8386 2.21788 -10.6473 17.799 -0.0579596 -0.197578 14.8277 17.5699 13.1271 12.6368 0.0632891 -10.4418 -10.3944 -10.8888 -9.17206 -8.59499 -5.17824 -1.70114 -11.4004 -12.975 -12.6582 -21.8045 -20.9322 -19.4976 16.7379 0.909678 -11.1728 0.0962275 4.19791 20.9553 26.8021 30 19.8473 17.1953 14.6828 0.00994589 -25.5138 -14.845 -18.9014 -15.8589 12.0326 -17.7573 19.7267 19.7229 9.85956 2.43918 -2.51095 -7.47408 18.7041 18.3146 21.7025 18.7412 13.7016 13.9411 14.2252 8.81082 10.088 10.5039 18.767 18.074 -18.3575 -17.7835 -13.9433 -16.7727 -10.6711 2.02619 29.9868 18.1121 29.9999 18.9481 19.0333 30 -29.9828 -23.718 -5.69136 0.0353733 0.0129095 -0.0342178 0.0425763 -0.0166793 3.23735 3.51409 -5.76759 -1.65141 -0.364285 0.547784 -1.64623 -4.73488 3.23432 -1.86032 0.0235206 -1.83498 -9.19367 5.98557 -11.7929 5.39207 0.835058 -3.73769 22.8456 1.17559 -0.73954 -0.64153 -2.05169 8.70704 -2.09489 -2.84827 -6.64789 -0.273935 -7.09634 1.69585 -1.28161 10.2024 -0.544169 -3.5255 -2.84739 8.99128 -4.53494 2.89251 -11.9096 -2.1367 4.04589 -7.83586 -30 -0.259935 3.92591 1.80198 -3.38113 -3.99077 0.99095 -0.760136 -4.43975 -0.743828 4.62381 -1.24982 0.249013],10,[-1.22788e+09 -1.22737e+09 -1.2253e+09 -1.22627e+09 -1.22559e+09 -1.22459e+09 -1.22397e+09 -1.22882e+09 -1.22799e+09 -1.22741e+09],[0 0 0 0 0 0 0 0 0 0],[-2.33207e+06 41.4152;-2.31515e+06 144.871;-2.25294e+06 6840.53;-2.27882e+06 501.704;-2.26442e+06 8809.93;-2.23145e+06 9039.12;-2.20959e+06 7849.97;-2.36958e+06 6092.05;-2.33755e+06 1706.4;-2.31677e+06 331.843],6.13032714,6.123460997,9.01714116,-0.049453966,0,8,-1228820000,,[0 0 0 0 0 0.0482621 -19.8386 2.21788 -10.6473 17.799 0 0 0 -0.0579596 -0.197578 14.8277 17.5699 13.1271 12.6368 0 0.0632891 -10.4418 -10.3944 -10.8888 -9.17206 -8.59499 -5.17824 -1.70114 0 -11.4004 -12.975 -12.6582 -21.8045 -20.9322 -19.4976 16.7379 0.909678 0 -11.1728 0.0962275 0 0 4.19791 20.9553 26.8021 30 19.8473 17.1953 14.6828 0.00994589 0 0 0 -25.5138 -14.845 -18.9014 -15.8589 12.0326 -17.7573 19.7267 19.7229 9.85956 2.43918 -2.51095 -7.47408 18.7041 18.3146 21.7025 18.7412 13.7016 13.9411 14.2252 8.81082 10.088 10.5039 18.767 18.074 -18.3575 -17.7835 -13.9433 -16.7727 -10.6711 2.02619 29.9868 18.1121 29.9999 18.9481 19.0333 30 -29.9828 -23.718 -5.69136 0 0 0 0 0 0 0.0353733 0 0.0129095 -0.0342178 0.0425763 -0.0166793 3.23735 3.51409 -5.76759 -1.65141 -0.364285 0.547784 -1.64623 -4.73488 3.23432 -1.86032 0.0235206 -1.83498 -9.19367 5.98557 -11.7929 5.39207 0.835058 -3.73769 22.8456 1.17559 -0.73954 -0.64153 -2.05169 8.70704 -2.09489 -2.84827 -6.64789 -0.273935 -7.09634 1.69585 -1.28161 10.2024 -0.544169 -3.5255 -2.84739 8.99128 -4.53494 2.89251 -11.9096 -2.1367 4.04589 -7.83586 -30 -0.259935 3.92591 1.80198 -3.38113 -3.99077 0.99095 -0.760136 -4.43975 -0.743828 4.62381 -1.24982 0.249013]
280,4,1330476353,1330550124,34510591.34,9841079.471,1416576633,1416569713,37012071.73,10206918.69,-1416576633,[-23.7048 -13.4227 -13.1574 -12.1251 -11.5958 -4.27219 -3.79586 -4.02054 -6.503 -12.5247 -10.8371 -8.71419 -9.4867 -8.52748 -7.97048 -3.97424 -16.6402 -15.1733 -13.6441 -24.9302 -16.7421 -15.3207 -13.9343 -12.5528 -13.9608 16.5879 -13.945 -16.1956 -15.3773 -15.3589 -15.3383 -14.1507 -8.79763 -5.23384 -4.76737 -9.49901 0.0998284 -11.9618 -13.1804 -5.124 -4.56356 -4.58761 -4.55669 -4.88753 -7.08448 -0.118163 -13.7383 -13.5976 -13.0829 -7.66967 -13.0543 -7.41399 -19.1855 2.83859 -0.959985 -3.60574 -3.08403 10.7428 -12.014 -11.5867 -11.4555 -11.4227 -11.0881 -10.2011 -8.48758 -7.0128 -8.42805 -10.8605 -6.65156 3.43133 -13.5126 -16.107 -14.9584 -12.9727 -12.6741 -14.2539 -11.5633 -20.0219 -10.3348 -12.3915 -15.2097 -15.608 3.2325 -6.20424 -1.85082 -0.122746 0.381631 -12.2118 5.99342 6.00164 7.98939 9.57196 16.7871 10.9192 0.125315 10.2424 -4.58293 2.35643 -5.88835 0.544674 1.67772 9.33563 5.63223 -0.0400067 -14.3868 4.52534 4.00101 5.89279 -30 1.33825 -30 -0.300522 -3.03813 0.890401 6.45241 19.7173 -2.30442 -0.363243 -1.11609 -4.52067 2.30985 -7.1939 13.1581 -8.24452 -2.05351 12.8103 -9.06439 0.117062 -6.79593 7.48112 0.0661388],10,[-1.416e+09 -1.41652e+09 -1.41658e+09 -1.41596e+09 -1.41656e+09 -1.41656e+09 -1.41648e+09 -1.41653e+09 -1.41655e+09 -1.41635e+09],[2 0 0 0 0 0 0 0 0 0],[-2.48225e+06 -365975;-2.50391e+06 -361669;-2.50148e+06 -365839;-2.48046e+06 -366255;-2.4992e+06 -367419;-2.50077e+06 -366055;-2.5011e+06 -363055;-2.50062e+06 -364984;-2.50096e+06 -365534;-2.49844e+06 -361222],6.471387479,6.464964135,7.248442574,3.717470395,1,3,-1416580000,,[-23.7048 -13.4227 0 0 -13.1574 -12.1251 -11.5958 -4.27219 -3.79586 -4.02054 -6.503 0 -12.5247 -10.8371 -8.71419 -9.4867 -8.52748 -7.97048 -3.97424 -16.6402 -15.1733 -13.6441 -24.9302 -16.7421 -15.3207 -13.9343 -12.5528 -13.9608 16.5879 -13.945 -16.1956 -15.3773 -15.3589 -15.3383 -14.1507 -8.79763 -5.23384 0 -4.76737 -9.49901 0.0998284 0 -11.9618 -13.1804 -5.124 -4.56356 -4.58761 -4.55669 -4.88753 -7.08448 -0.118163 0 0 -13.7383 -13.5976 -13.0829 -7.66967 -13.0543 -7.41399 -19.1855 2.83859 -0.959985 -3.60574 -3.08403 10.7428 -12.014 -11.5867 -11.4555 -11.4227 -11.0881 -10.2011 -8.48758 -7.0128 -8.42805 -10.8605 -6.65156 3.43133 -13.5126 -16.107 -14.9584 -12.9727 -12.6741 -14.2539 -11.5633 -20.0219 -10.3348 -12.3915 -15.2097 -15.608 3.2325 -6.20424 -1.85082 0 0 0 0 0 0 0 0 0 0 0 0 -0.122746 0.381631 -12.2118 5.99342 6.00164 7.98939 9.57196 16.7871 10.9192 0.125315 0 0 10.2424 -4.58293 2.35643 -5.88835 0.544674 1.67772 9.33563 5.63223 -0.0400067 0 0 -14.3868 4.52534 4.00101 5.89279 -30 1.33825 -30 -0.300522 -3.03813 0.890401 0 0 6.45241 19.7173 -2.30442 -0.363243 -1.11609 -4.52067 2.30985 -7.1939 0 13.1581 -8.24452 -2.05351 12.8103 -9.06439 0.117062 -6.79593 7.48112 0.0661388 0 0]
325,4,1545025249,1545088938,41790966.97,9711997.632,1555322717,1555321785,41969123.97,9874935.532,-1555322717,[-0.122837 15.971 -12.7338 -5.96486 -6.37396 -5.31185 -1.92817 -0.239612 0.223892 11.1492 -18.3144 -6.2527 -3.54411 -2.22419 -2.14639 -3.10348 -4.73696 -5.86101 -6.51179 -3.60586 -1.84275 -2.61557 -2.59554 -1.89018 -1.5908 -2.17247 -2.94417 -23.8564 -4.0874 -2.34495 -2.6065 -5.60369 -4.15374 -1.68226 -7.00172 -3.76891 -0.0107395 -0.0116115 7.08816 -4.43869 -5.23679 -3.78498 -1.64388 -3.24846 -3.12393 2.23892 -3.95572 1.61436 -3.57861 -5.82907 -5.79772 -1.42741 2.59078 3.64842 -9.13684 -5.5798 -0.415559 -1.29151 -0.139641 1.28706 -5.48205 -4.83336 -3.74461 -1.02721 0.603985 0.244207 -0.828735 -3.53628 0.321225 -0.324994 -0.648574 2.46203 -0.192839 -0.39726 -0.440496 0.148791 0.97623 -0.648958 -4.50037 -2.43757 -2.95821 0.542651 -0.530197 -2.1252 11.9447 1.52817 -0.481409 0.0772263 0.102883 -0.0201842 0.0385043 -0.209298 -0.0418654 -0.458583 -0.0479354 -0.0892603 -0.0976268 -0.286633 0.563171 1.62641 2.79185 1.55295 -0.149013 -0.0955225 0.320849 0.317965 -0.168959 -0.0673223 -0.13761 -25.2136 11.5617 4.84471 0.484784 -0.103675 -0.682844 0.871791 -0.263103 -0.046413 2.32387 6.06831 3.33442 0.849806 -0.117814 -0.0646406 -0.122074 -0.0861129 -0.0379733 -0.0817348 0.0659194 6.16728 30 5.02462 2.33829 0.194527 -0.0440798 30 0.107608 -1.87667 1.4874 0.511404 -16.1819 0.0510613 0.0201604 0.092814 -0.00109549],10,[-1.55532e+09 -1.55516e+09 -1.55509e+09 -1.55452e+09 -1.55518e+09 -1.55532e+09 -1.55514e+09 -1.55524e+09 -1.55517e+09 -1.55511e+09],[0 0 0 0 0 0 0 0 0 0],[-177420 -163637;-182840 -152915;-178569 -154852;-152522 -161924;-177089 -159181;-178157 -162938;-178055 -156894;-177932 -160351;-172173 -163876;-176802 -157288],0.666491895,0.662282062,0.426305034,1.677697073,1,1,-1555320000,,[-0.122837 15.971 -12.7338 0 -5.96486 -6.37396 -5.31185 -1.92817 -0.239612 0.223892 11.1492 -18.3144 -6.2527 -3.54411 -2.22419 -2.14639 -3.10348 -4.73696 -5.86101 -6.51179 -3.60586 -1.84275 -2.61557 -2.59554 -1.89018 -1.5908 -2.17247 -2.94417 -23.8564 -4.0874 -2.34495 -2.6065 -5.60369 -4.15374 -1.68226 -7.00172 -3.76891 0 -0.0107395 -0.0116115 7.08816 0 -4.43869 -5.23679 -3.78498 -1.64388 -3.24846 -3.12393 2.23892 -3.95572 1.61436 0 0 -3.57861 -5.82907 -5.79772 -1.42741 2.59078 3.64842 -9.13684 -5.5798 -0.415559 -1.29151 -0.139641 1.28706 -5.48205 -4.83336 -3.74461 -1.02721 0.603985 0.244207 -0.828735 -3.53628 0.321225 -0.324994 -0.648574 2.46203 -0.192839 -0.39726 -0.440496 0.148791 0.97623 -0.648958 -4.50037 -2.43757 -2.95821 0.542651 -0.530197 -2.1252 11.9447 1.52817 -0.481409 0.0772263 0.102883 -0.0201842 0.0385043 -0.209298 -0.0418654 -0.458583 -0.0479354 -0.0892603 -0.0976268 -0.286633 0 0.563171 1.62641 2.79185 1.55295 -0.149013 -0.0955225 0.320849 0.317965 -0.168959 -0.0673223 -0.13761 0 -25.2136 11.5617 4.84471 0.484784 -0.103675 0 -0.682844 0.871791 -0.263103 -0.046413 0 2.32387 6.06831 3.33442 0.849806 -0.117814 -0.0646406 -0.122074 -0.0861129 -0.0379733 -0.0817348 0.0659194 0 6.16728 30 5.02462 2.33829 0.194527 -0.0440798 0 0 0 30 0.107608 -1.87667 1.4874 0.511404 -16.1819 0.0510613 0.0201604 0.092814 -0.00109549 0]
30,5,2971574653,2971650379,73374311.65,25680700.99,3125213731,3125212387,77524886.96,26648859.26,-3125213731,[-18.8398 -17.4193 -17.4066 21.4285 -21.5446 21.067 20.3537 23.0515 7.02271 -1.1803 -4.65732 -6.56699 -11.8454 -11.723 -7.97994 -8.60366 2.49535 8.0789 12.778 -5.60852 -5.44868 -7.71804 -8.84929 -9.05188 -9.17385 -11.1259 -15.4933 -15.6316 -0.00470886 -13.2892 3.68137 17.0314 16.3218 18.1574 -15.0723 -14.1737 -16.0935 -15.1925 -16.5985 -16.9849 -22.9629 -30 -30 30 28.2449 20.0209 8.09972 2.49591 -5.26992 0.322263 16.9494 18.741 17.0972 14.6893 18.5381 2.63365 14.4017 9.79591 10.6325 -2.21008 -1.95754 2.11194 -0.00933317 -22.2573 -13.8968 -11.924 -7.69143 2.90072 5.99842 15.1154 13.095 1.1412 1.09213 8.39987 -0.00594409 -15.7991 16.9144 11.7058 -19.6734 7.35285 1.56508 -1.09627 26.3045 14.5079 -1.92865 22.4828 -0.980026 -0.843545 1.05448 1.3871 0.580397 11.8031 -3.46008 0.680103 1.35318 0.0554306 0.0987909 -0.676918 20.7722 -0.116754 0.276279 -1.63123 -2.09723 -0.604057 -0.0314889 0.0863976 0.0423347 0.0778709 30 -2.03654 0.497911 -0.724695 -2.67605 -2.592 -0.0523195 0.286963 0.0391751 0.0706847 -2.66478 -1.14537 -0.596879 -0.181745 1.10803 -2.36544 -1.21383 0.0349085 0.039633 0.076169 -0.0298872 -1.20596 -2.04417 2.44616 1.70272 -0.716838 -2.58515 -0.949504 0.0359605 4.54744 3.45884 0.230764 0.301774 0.294542 0.113325 0.0471536 -0.0102961],10,[-3.12067e+09 -3.12361e+09 -3.12251e+09 -3.12327e+09 -3.1221e+09 -3.12314e+09 -3.12521e+09 -3.12251e+09 -3.12521e+09 -3.12521e+09],[0 0 0 0 0 0 0 0 0 0],[-3.97899e+06 -988431;-4.07549e+06 -989813;-4.08134e+06 -947325;-4.09387e+06 -959922;-4.13263e+06 -882472;-4.0836e+06 -965889;-4.15459e+06 -964012;-4.1128e+06 -915651;-4.15409e+06 -964633;-4.15058e+06 -968158],5.170291692,5.167566426,5.656714482,3.769983788,1,7,-3125210000,,[-18.8398 -17.4193 -17.4066 21.4285 -21.5446 21.067 20.3537 23.0515 7.02271 -1.1803 -4.65732 -6.56699 -11.8454 -11.723 -7.97994 -8.60366 2.49535 8.0789 12.778 -5.60852 -5.44868 -7.71804 -8.84929 -9.05188 -9.17385 -11.1259 -15.4933 -15.6316 0 0 -0.00470886 -13.2892 3.68137 17.0314 16.3218 0 18.1574 -15.0723 -14.1737 -16.0935 -15.1925 -16.5985 -16.9849 -22.9629 -30 -30 30 28.2449 20.0209 8.09972 2.49591 -5.26992 0.322263 16.9494 18.741 17.0972 14.6893 18.5381 2.63365 14.4017 9.79591 10.6325 -2.21008 -1.95754 2.11194 -0.00933317 -22.2573 -13.8968 -11.924 -7.69143 2.90072 5.99842 15.1154 13.095 1.1412 1.09213 8.39987 0 -0.00594409 -15.7991 16.9144 11.7058 -19.6734 7.35285 1.56508 -1.09627 0 26.3045 14.5079 -1.92865 0 22.4828 -0.980026 -0.843545 1.05448 1.3871 0.580397 11.8031 -3.46008 0.680103 1.35318 0.0554306 0.0987909 0 -0.676918 20.7722 -0.116754 0.276279 -1.63123 -2.09723 -0.604057 -0.0314889 0.0863976 0.0423347 0.0778709 0 30 -2.03654 0.497911 -0.724695 -2.67605 -2.592 -0.0523195 0.286963 0.0391751 0.0706847 0 -2.66478 -1.14537 -0.596879 -0.181745 1.10803 -2.36544 -1.21383 0.0349085 0.039633 0.076169 -0.0298872 0 -1.20596 -2.04417 2.44616 1.70272 -0.716838 -2.58515 -0.949504 0.0359605 0 4.54744 3.45884 0.230764 0.301774 0.294542 0 0 0.113325 0.0471536 -0.0102961 0]
45,5,2983321958,2983397337,73700974.28,25745603.63,3168657785,3168657509,79023913.59,26598003.39,-3168657785,[-12.335 -14.0959 -13.75 -19.8484 -14.7704 -17.3311 -19.4451 -10.1788 16.7283 14.7757 7.41341 3.76798 -4.75434 -4.22923 -1.30141 5.70671 15.1241 30 30 2.34562 -1.65149 -2.05246 0.281214 -1.57292 -2.31918 -2.34694 -6.34372 -9.13456 0.058297 -12.932 -16.6396 -13.3442 -24.011 3.05822 -14.117 -13.6878 -14.6583 -14.6194 -11.9821 -26.9975 -27.9306 -22.4433 -22.7347 -17.7448 15.9669 12.8329 9.58389 6.07144 1.46922 -24.5511 26.4348 25.4589 20.0655 21.7605 17.3213 21.9311 24.4884 30 20.3766 0.263151 4.76338 0.276333 -7.51282 -1.10135 5.19422 14.6283 25.8869 26.4801 25.7567 29.8656 -0.121566 -2.31652 0.0270573 -11.0133 -9.91832 -16.7454 -19.4148 13.0268 -0.217033 0.0145339 -3.61104 -5.06914 -14.4713 1.30592 1.61978 1.18113 -1.05071 -1.71754 -4.016 -2.01323 -1.60578 -0.766623 -3.85665 -0.136216 0.0135855 30 4.12318 -2.40751 2.4349 -8.84309 -7.21783 -0.634529 -0.863747 -3.64765 -0.299707 -0.00703966 3.10422 2.96227 -0.817327 -2.84132 -0.230112 0.0722039 -2.6186 -4.35297 -0.519128 0.00838307 -4.87181 -0.777567 0.0798873 -2.19452 2.90464 -6.76791 -0.854571 3.54955 -5.87714 -0.183998 0.0967792 -1.36285 -0.602441 -4.34442 1.94223 -1.97386 3.37816 0.271793 -3.91774 2.42147 -0.0833325 0.0572526 0.00585633 -0.026591 -0.055546 0.000632426 -0.123021],10,[-3.16251e+09 -3.16145e+09 -3.16484e+09 -3.16613e+09 -3.16657e+09 -3.16672e+09 -3.16588e+09 -3.16112e+09 -3.16866e+09 -3.16302e+09],[0 0 0 2 0 0 0 0 0 0],[-5.08424e+06 -886178;-5.03181e+06 -903114;-5.17475e+06 -873222;-5.21543e+06 -875636;-5.24576e+06 -860039;-5.25735e+06 -853416;-5.22414e+06 -858519;-5.03236e+06 -891693;-5.32294e+06 -852400;-5.13408e+06 -853483],6.212397785,6.209704946,7.222345919,3.3108556,1,9,-3168660000,,[-12.335 -14.0959 -13.75 -19.8484 -14.7704 -17.3311 -19.4451 -10.1788 16.7283 14.7757 7.41341 3.76798 -4.75434 -4.22923 -1.30141 5.70671 15.1241 30 30 2.34562 -1.65149 -2.05246 0.281214 -1.57292 -2.31918 -2.34694 -6.34372 -9.13456 0 0 0 0.058297 -12.932 -16.6396 -13.3442 0 -24.011 3.05822 -14.117 -13.6878 -14.6583 -14.6194 -11.9821 -26.9975 -27.9306 -22.4433 -22.7347 -17.7448 15.9669 12.8329 9.58389 6.07144 1.46922 -24.5511 26.4348 25.4589 20.0655 21.7605 17.3213 21.9311 24.4884 30 20.3766 0.263151 4.76338 0 0.276333 -7.51282 -1.10135 5.19422 14.6283 25.8869 26.4801 25.7567 29.8656 -0.121566 -2.31652 0 0 0.0270573 -11.0133 -9.91832 -16.7454 -19.4148 13.0268 -0.217033 0 0.0145339 -3.61104 -5.06914 0 -14.4713 1.30592 1.61978 1.18113 -1.05071 -1.71754 -4.016 -2.01323 -1.60578 -0.766623 -3.85665 -0.136216 0.0135855 30 4.12318 -2.40751 2.4349 -8.84309 -7.21783 -0.634529 -0.863747 -3.64765 -0.299707 -0.00703966 0 3.10422 2.96227 -0.817327 -2.84132 -0.230112 0.0722039 -2.6186 -4.35297 -0.519128 0.00838307 0 -4.87181 -0.777567 0.0798873 -2.19452 2.90464 -6.76791 -0.854571 3.54955 -5.87714 -0.183998 0.0967792 0 -1.36285 -0.602441 -4.34442 1.94223 -1.97386 3.37816 0.271793 -3.91774 0 2.42147 -0.0833325 0.0572526 0.00585633 -0.026591 0 0 -0.055546 0.000632426 -0.123021 0]
100,5,3589993745,3590060182,90449910.89,29218761.83,3623117483,3623117493,91552111.8,29218471.31,-3623117483,[-0.249349 -0.0567316 5.90836 -0.0457055 0.120739 1.30595 3.35093 3.39558 2.41233 2.57019 0.00148002 0.0630079 1.33535 5.51393 6.20045 3.08434 0.00320025 4.01413 -7.73187 -2.53196 -0.192597 0.0236603 1.11156 2.88802 2.24144 -0.00056928 -0.00374346 0.872822 6.70428 1.37513 2.56681 3.67536 5.96545 3.06171 1.35175 1.01975 0.861852 0.817967 1.05642 1.67255 2.26816 3.16483 4.33649 6.33123 -0.00308497 0.0500252 1.52071 3.47161 4.53802 2.15366 1.28852 1.84325 1.73745 1.04797 1.56007 4.60426 -0.0018582 0.00548101 0.00329421 0.0076541 0.210207 1.99234 5.30285 3.38022 2.65846 20.7251 0.000745296 0.00397432 0.0131361 0.584286 -0.00323212 0.0042227 0.530867 -16.1169 1.54092 4.55541 -5.42586 -2.38856 -9.03892 -5.36701 -2.93401 -5.6786 -11.5605 -10.9659 -6.00647 -21.9927 2.93715 -15.4118 21.616 20.476 12.5141 -5.68517 -10.0317 -16.2098 5.14505 -7.28005 -7.50421 5.93226 -3.25951 11.8337 10.1735 6.12298 13.6766 -7.50366 -0.87473 -4.98393 -1.98308 0.619746 2.84093 -15.7604 22.3038 -11.9185 -5.73075 -5.22718 -9.61331 11.1149 3.21963 -6.60628 3.23099 -8.34074 12.9822 -2.30034 -10.7778 5.06577 0.909772 -7.29034 -0.348141 -3.93123 -1.67011],10,[-3.62312e+09 -3.62312e+09 -3.62312e+09 -3.62241e+09 -3.62241e+09 -3.62241e+09 -3.62311e+09 -3.62311e+09 -3.6231e+09 -3.62238e+09],[0 0 0 0 0 0 0 0 0 0],[-1.10189e+06 15.0541;-1.1022e+06 290.52;-1.10192e+06 88.4667;-1.07843e+06 48.4403;-1.07865e+06 373.069;-1.07821e+06 11.1525;-1.10184e+06 24.7606;-1.10156e+06 30.8969;-1.10143e+06 40.6503;-1.07866e+06 1353.76],0.922668419,0.920801041,1.218575997,-0.000994293,0,1,-3623120000,,[0 -0.249349 -0.0567316 5.90836 0 -0.0457055 0.120739 1.30595 3.35093 3.39558 2.41233 2.57019 0 0.00148002 0.0630079 1.33535 5.51393 6.20045 3.08434 0.00320025 4.01413 -7.73187 -2.53196 -0.192597 0.0236603 1.11156 2.88802 2.24144 0 0 0 -0.00056928 0 0 -0.00374346 0 0.872822 6.70428 1.37513 2.56681 3.67536 5.96545 3.06171 1.35175 1.01975 0.861852 0.817967 1.05642 1.67255 2.26816 3.16483 4.33649 6.33123 -0.00308497 0.0500252 1.52071 3.47161 4.53802 2.15366 1.28852 1.84325 1.73745 1.04797 1.56007 4.60426 -0.0018582 0.00548101 0 0 0.00329421 0.0076541 0.210207 1.99234 5.30285 3.38022 2.65846 20.7251 0 0.000745296 0 0 0.00397432 0 0 0.0131361 0.584286 0 0 -0.00323212 0.0042227 0 0.530867 -16.1169 1.54092 4.55541 -5.42586 -2.38856 -9.03892 -5.36701 -2.93401 -5.6786 -11.5605 -10.9659 -6.00647 -21.9927 2.93715 -15.4118 21.616 20.476 12.5141 -5.68517 -10.0317 -16.2098 5.14505 -7.28005 -7.50421 5.93226 -3.25951 11.8337 10.1735 6.12298 13.6766 -7.50366 -0.87473 -4.98393 -1.98308 0.619746 2.84093 -15.7604 22.3038 -11.9185 -5.73075 -5.22718 -9.61331 11.1149 3.21963 -6.60628 3.23099 -8.34074 12.9822 -2.30034 -10.7778 5.06577 0.909772 -7.29034 -0.348141 -3.93123 -1.67011 0 0 0 0 0 0 0 0 0 0 0]
145,5,3402424755,3402492768,74987293.97,38429131.63,3446131927,3446131170,76450424.17,38420614.84,-3446131927,[0.120637 1.04862 16.1336 0.65736 2.47272 2.40737 1.33465 1.4008 4.13434 1.2387 2.92749 1.93095 2.03649 1.77836 0.918529 0.835608 1.17174 2.77712 3.18115 3.10098 1.85806 1.85071 2.00143 3.22558 2.90244 2.80185 -2.32275 4.87559 4.10384 0.222733 15.7661 2.793 0.979776 -2.92191 30 2.93721 0.574458 -0.404896 1.69181 1.48036 8.61775 13.125 7.54528 8.27942 25.5556 -20.3683 1.92562 0.525749 -0.823321 -0.692464 0.0526206 7.1816 12.5608 1.54356 12.1426 8.45684 10.3889 12.0229 1.61129 0.762971 1.38802 0.215257 -0.9355 -1.8052 -1.65105 10.5796 19.5857 29.9912 7.64332 11.8948 1.62021 1.73487 3.43265 3.82468 8.98026 6.04494 4.29347 -1.95874 3.07475 11.0425 14.2704 0.333227 -1.11181 -0.828702 -0.192097 4.7452 -0.710182 -0.56312 -0.652981 -0.548276 2.0284 2.99866 0.948494 0.656144 -0.816061 -0.792898 -0.624328 -0.249795 2.04309 1.91254 0.28754 1.30378 -1.89876 1.24028 4.33804 1.93869 4.46797 -1.17497 -0.883182 -0.479692 -0.238757 0.783368 0.365963 1.24925 2.91296 1.51462 0.789635 -5.51382 -0.318523 0.205182 -0.213549 -0.62743 -0.807191 -0.671729 1.10779 3.13812 2.25511 2.01856 2.63094 1.90308 1.15079 0.128993 -1.72379 -1.32335 2.23051 4.37309 1.31982 0.996487 -6.66026 -0.0265697 0.00645568 0.0254621 -0.0403281 -3.88404 0.0826372 0.0371051 -0.0437287],10,[-3.44572e+09 -3.44391e+09 -3.44414e+09 -3.44394e+09 -3.44285e+09 -3.44581e+09 -3.44613e+09 -3.44598e+09 -3.44037e+09 -3.44595e+09],[0 0 0 0 0 0 0 0 0 0],[-1.44101e+06 78.7897;-1.38058e+06 145.75;-1.39354e+06 5376.64;-1.38325e+06 1676.91;-1.3453e+06 63.6507;-1.44442e+06 569.055;-1.46313e+06 8516.8;-1.4591e+06 9411.31;-1.26462e+06 2029.83;-1.453e+06 4574.75],1.284588948,1.282542095,1.951170819,-0.022162343,0,7,-3446130000,,[0 0.120637 1.04862 16.1336 0 0.65736 2.47272 2.40737 1.33465 1.4008 4.13434 1.2387 0 2.92749 1.93095 2.03649 1.77836 0.918529 0.835608 0 1.17174 2.77712 3.18115 3.10098 1.85806 1.85071 2.00143 3.22558 0 0 2.90244 2.80185 -2.32275 4.87559 4.10384 0 0.222733 15.7661 2.793 0.979776 -2.92191 30 2.93721 0.574458 -0.404896 1.69181 1.48036 8.61775 13.125 7.54528 8.27942 25.5556 -20.3683 1.92562 0.525749 -0.823321 -0.692464 0.0526206 7.1816 12.5608 1.54356 12.1426 8.45684 10.3889 12.0229 1.61129 0.762971 1.38802 0.215257 -0.9355 -1.8052 -1.65105 10.5796 19.5857 29.9912 7.64332 11.8948 0 1.62021 1.73487 3.43265 3.82468 8.98026 6.04494 4.29347 -1.95874 0 3.07475 11.0425 14.2704 0 0.333227 -1.11181 -0.828702 -0.192097 4.7452 -0.710182 -0.56312 -0.652981 -0.548276 2.0284 2.99866 0.948494 0.656144 -0.816061 -0.792898 -0.624328 -0.249795 2.04309 1.91254 0.28754 1.30378 -1.89876 1.24028 4.33804 1.93869 4.46797 -1.17497 -0.883182 -0.479692 -0.238757 0.783368 0.365963 1.24925 2.91296 1.51462 0.789635 -5.51382 -0.318523 0.205182 -0.213549 -0.62743 -0.807191 -0.671729 1.10779 3.13812 2.25511 2.01856 2.63094 1.90308 1.15079 0.128993 -1.72379 -1.32335 2.23051 4.37309 1.31982 0.996487 -6.66026 0 -0.0265697 0.00645568 0.0254621 -0.0403281 -3.88404 0 0.0826372 0.0371051 -0.0437287]
190,5,2499252114,2499345306,62932518.01,20378992.2,2842849468,2842841870,70426419.05,24334976.61,-2842849468,[-0.0574417 -9.37045 -7.68955 -8.0812 11.7699 0.0554541 -10.4793 -8.88649 6.44737 -4.57209 -2.11581 -0.322772 2.06861 3.43547 1.8216 -1.29775 2.70606 2.2685 2.4518 1.63269 -7.96206 10.495 0.165591 3.08103 2.41734 -11.2761 0.299472 8.32141 9.18372 13.0182 -18.8631 -20.2849 -15.9729 -14.1435 -15.6761 -9.37626 0.181341 4.6234 1.12312 -0.224168 -1.87424 -2.58935 -14.831 -10.236 -9.79147 -20.51 11.6251 19.6516 30 29.9999 -13.2219 -18.5843 17.5115 9.15551 20.4461 25.3554 16.9063 14.3126 29.9748 15.8098 10.6429 29.9923 -12.2971 -16.3407 -19.1419 -7.57874 3.07978 30 16.6428 14.9963 16.7553 -11.599 -29.9761 -28.5019 -18.5131 4.92344 5.70824 8.41277 24.771 23.5508 22.1519 29.9135 29.9901 17.4324 13.5731 22.3648 25.2646 25.5888 17.4829 -29.9839 29.9912 28.6988 18.6993 29.3552 20.9266 28.1211 22.5204 25.0922 22.7465 25.4456 17.7863 30 9.75164 18.1052 14.8536 20.0195 19.2642 4.56446 20.3474 22.3904 21.346 23.1676 29.9919 29.9757 22.5627 15.4258 18.0907 26.6088 19.6402 24.0597 23.0714 18.362 20.5779 18.3161 29.9996 -10.9593 29.9688 22.0727 20.7687 13.7522 10.7989 3.27415 0.415225 29.9883 30 29.9741 29.9886 29.998 20.9879 -5.17803 29.9804 29.9688 29.9731 20.3012],10,[-2.82657e+09 -2.83381e+09 -2.83491e+09 -2.83767e+09 -2.84285e+09 -2.83828e+09 -2.83935e+09 -2.8359e+09 -2.84165e+09 -2.84179e+09],[0 2 2 0 0 0 0 0 0 0],[-7.46507e+06 -3.44204e+06;-7.21056e+06 -3.93802e+06;-7.20142e+06 -3.98368e+06;-7.29291e+06 -3.98438e+06;-7.4939e+06 -3.95598e+06;-7.60409e+06 -3.69337e+06;-7.44391e+06 -3.88944e+06;-7.1078e+06 -4.11058e+06;-7.45971e+06 -3.95017e+06;-7.45748e+06 -3.95715e+06],13.74800695,13.74346164,11.907836,19.41207088,1,5,-2842850000,,[0 0 0 -0.0574417 0 0 0 0 -9.37045 -7.68955 -8.0812 11.7699 0 0 0 0.0554541 -10.4793 -8.88649 6.44737 0 0 0 0 -4.57209 -2.11581 -0.322772 2.06861 3.43547 0 1.8216 -1.29775 2.70606 2.2685 2.4518 1.63269 -7.96206 10.495 0.165591 3.08103 2.41734 -11.2761 0.299472 8.32141 9.18372 13.0182 -18.8631 -20.2849 -15.9729 -14.1435 -15.6761 -9.37626 0.181341 4.6234 1.12312 -0.224168 -1.87424 -2.58935 -14.831 -10.236 -9.79147 -20.51 11.6251 19.6516 30 29.9999 -13.2219 -18.5843 17.5115 9.15551 20.4461 25.3554 16.9063 14.3126 29.9748 15.8098 10.6429 29.9923 -12.2971 -16.3407 -19.1419 -7.57874 3.07978 30 16.6428 14.9963 16.7553 -11.599 -29.9761 -28.5019 -18.5131 4.92344 5.70824 8.41277 24.771 23.5508 22.1519 29.9135 29.9901 17.4324 13.5731 22.3648 25.2646 25.5888 17.4829 -29.9839 29.9912 28.6988 18.6993 29.3552 20.9266 28.1211 22.5204 25.0922 22.7465 25.4456 17.7863 30 9.75164 18.1052 14.8536 20.0195 19.2642 4.56446 20.3474 22.3904 21.346 23.1676 29.9919 29.9757 22.5627 15.4258 18.0907 26.6088 19.6402 24.0597 23.0714 18.362 20.5779 18.3161 29.9996 -10.9593 29.9688 22.0727 20.7687 13.7522 10.7989 3.27415 0.415225 29.9883 30 29.9741 29.9886 29.998 20.9879 -5.17803 29.9804 29.9688 29.9731 20.3012]
225,5,2966172050,2966247989,69176944.55,29697988.4,3089485344,3089484865,73284869.49,29697959.35,-3089485344,[0.00891227 -15.7711 -6.02035 -6.80387 14.2504 0.0038577 -5.47975 10.5681 14.3925 11.2283 11.1601 0.00100095 -9.19744 -9.01143 -9.3555 -8.34108 -7.3088 -4.42994 -1.59128 -9.50559 -11.4243 -10.2228 -21.6821 -18.6709 -16.0018 -4.07538 0.764042 -9.96826 0.0267093 3.56004 16.7926 20.5119 29.5169 15.5581 12.1055 11.4282 0.00399262 -21.0275 -11.5614 -14.9386 -12.5013 7.09437 -11.5442 17.5398 16.2875 8.51996 1.80528 -2.27726 -7.23804 16.9907 15.8623 19.1762 16.2096 11.6318 11.2568 11.7442 6.50237 7.92407 7.84461 13.8737 13.3416 -16.3303 -15.1208 -11.7832 -14.2014 -7.95612 0.980164 13.2547 14.8216 21.1118 17.0392 17.0033 26.959 30 -23.123 -4.8088 0.14067 0.0208093 -0.0213165 0.0109882 0.0409877 2.01237 2.82131 -4.50513 -1.67122 -1.02723 -3.57711 -1.34486 -2.68929 5.48078 -1.45562 -1.18264 -1.46716 -5.40951 2.45943 -6.32711 3.34038 0.492918 -2.60385 -3.06029 -3.53077 -1.41494 0.84327 -0.855796 7.08916 -1.76969 -1.72794 -8.26112 -1.78968 -1.39659 0.425684 -1.19566 6.09459 -1.79702 -4.3058 -3.19038 5.49329 -4.47902 3.15677 -5.36728 -3.07241 2.91908 -7.74507 -5.56757 -0.540536 2.74243 1.67861 -3.40003 -1.56314 1.02995 -1.25356 -1.97087 0.309284 2.13793 -3.94916 3.45749],10,[-3.08896e+09 -3.08903e+09 -3.08925e+09 -3.08384e+09 -3.08913e+09 -3.08537e+09 -3.08895e+09 -3.08949e+09 -3.08948e+09 -3.08892e+09],[0 0 0 0 0 0 0 0 0 0],[-4.09159e+06 1344.25;-4.09346e+06 749.546;-4.10028e+06 175.986;-3.9218e+06 2121.48;-4.09593e+06 3.66568;-3.97056e+06 9.72366;-4.09031e+06 368.549;-4.10792e+06 29.0508;-4.11327e+06 5580.03;-4.08919e+06 42.3328],4.157321004,4.154638359,5.938286186,-9.78E-05,0,8,-3089490000,,[0 0 0 0 0 0.00891227 -15.7711 -6.02035 -6.80387 14.2504 0 0 0 0.0038577 -5.47975 10.5681 14.3925 11.2283 11.1601 0 0.00100095 -9.19744 -9.01143 -9.3555 -8.34108 -7.3088 -4.42994 -1.59128 0 -9.50559 -11.4243 -10.2228 -21.6821 -18.6709 -16.0018 -4.07538 0.764042 0 -9.96826 0.0267093 0 0 3.56004 16.7926 20.5119 29.5169 15.5581 12.1055 11.4282 0.00399262 0 0 0 -21.0275 -11.5614 -14.9386 -12.5013 7.09437 -11.5442 17.5398 16.2875 8.51996 1.80528 -2.27726 -7.23804 16.9907 15.8623 19.1762 16.2096 11.6318 11.2568 11.7442 6.50237 7.92407 7.84461 13.8737 13.3416 -16.3303 -15.1208 -11.7832 -14.2014 -7.95612 0.980164 13.2547 14.8216 21.1118 17.0392 17.0033 26.959 30 -23.123 -4.8088 0 0 0 0 0 0 0.14067 0 0.0208093 -0.0213165 0.0109882 0.0409877 2.01237 2.82131 -4.50513 -1.67122 -1.02723 -3.57711 -1.34486 -2.68929 5.48078 -1.45562 -1.18264 -1.46716 -5.40951 2.45943 -6.32711 3.34038 0.492918 -2.60385 -3.06029 -3.53077 -1.41494 0.84327 -0.855796 7.08916 -1.76969 -1.72794 -8.26112 -1.78968 -1.39659 0.425684 -1.19566 6.09459 -1.79702 -4.3058 -3.19038 5.49329 -4.47902 3.15677 -5.36728 -3.07241 2.91908 -7.74507 -5.56757 -0.540536 2.74243 1.67861 -3.40003 -1.56314 1.02995 -1.25356 -1.97087 0.309284 2.13793 -3.94916 3.45749]
280,5,3335120808,3335196447,86919028.24,24254186.65,3486999904,3486993957,91314986.03,24918145.86,-3486999904,[-21.5576 -11.7595 -11.6154 -10.6508 -10.1464 -3.64761 -3.23789 -3.58949 -5.51683 -10.5558 -8.88363 -7.1013 -8.16127 -7.51014 -6.50454 -3.05996 -14.5752 -12.5456 -12.0946 -20.0919 -14.0544 -13.0863 -11.9394 -10.6297 -11.4161 10.7895 -11.7376 -13.6552 -13.2033 -13.4273 -13.6464 -12.4575 -6.89246 -4.28853 -3.98024 -8.03591 0.0549051 -10.1557 -11.2814 -4.5082 -4.07808 -4.11418 -4.09575 -4.03905 -5.88376 -0.0485751 -11.9685 -11.5692 -10.9298 -6.25062 -10.4711 -6.28397 -16.6894 1.69326 -0.904664 -3.13064 -2.56528 6.92823 -9.55419 -9.57303 -9.564 -9.80552 -9.39692 -8.57463 -6.95588 -5.8237 -7.59615 -9.08969 -5.91776 2.88474 -11.6564 -13.9864 -12.9975 -11.3552 -11.1133 -12.2958 -10.1332 -18.2731 -10.9722 -10.8056 -13.1705 -13.6305 1.37698 -3.30636 -1.52175 -0.350533 -1.3024 -5.98415 8.46444 4.89023 8.19703 9.02758 12.8475 12.4763 -0.0129023 9.30188 -2.5276 -1.98683 -11.0348 7.15631 2.2062 1.35298 6.703 0.0325217 -13.5561 3.58166 5.47911 5.50213 -29.1754 0.62217 -4.78008 -1.4622 -3.51125 0.613639 5.06873 16.8539 -13.2134 -0.204523 15.397 -2.20656 3.32796 -1.19091 8.49745 -5.04276 -0.989053 8.75014 -4.93989 0.12555 -8.82103 7.74979 0.0244167],10,[-3.48648e+09 -3.48674e+09 -3.48681e+09 -3.48692e+09 -3.48695e+09 -3.487e+09 -3.48669e+09 -3.48694e+09 -3.4869e+09 -3.48664e+09],[0 0 0 0 0 0 0 0 0 0],[-4.39816e+06 -644508;-4.39504e+06 -656359;-4.39534e+06 -658374;-4.39543e+06 -661896;-4.39432e+06 -663811;-4.39596e+06 -663959;-4.39718e+06 -652245;-4.39899e+06 -658821;-4.39639e+06 -660222;-4.39608e+06 -651791],4.553930851,4.551381372,5.057532141,2.73750348,1,6,-3487000000,,[-21.5576 -11.7595 0 0 -11.6154 -10.6508 -10.1464 -3.64761 -3.23789 -3.58949 -5.51683 0 -10.5558 -8.88363 -7.1013 -8.16127 -7.51014 -6.50454 -3.05996 -14.5752 -12.5456 -12.0946 -20.0919 -14.0544 -13.0863 -11.9394 -10.6297 -11.4161 10.7895 -11.7376 -13.6552 -13.2033 -13.4273 -13.6464 -12.4575 -6.89246 -4.28853 0 -3.98024 -8.03591 0.0549051 0 -10.1557 -11.2814 -4.5082 -4.07808 -4.11418 -4.09575 -4.03905 -5.88376 -0.0485751 0 0 -11.9685 -11.5692 -10.9298 -6.25062 -10.4711 -6.28397 -16.6894 1.69326 -0.904664 -3.13064 -2.56528 6.92823 -9.55419 -9.57303 -9.564 -9.80552 -9.39692 -8.57463 -6.95588 -5.8237 -7.59615 -9.08969 -5.91776 2.88474 -11.6564 -13.9864 -12.9975 -11.3552 -11.1133 -12.2958 -10.1332 -18.2731 -10.9722 -10.8056 -13.1705 -13.6305 1.37698 -3.30636 -1.52175 0 0 0 0 0 0 0 0 0 0 0 0 -0.350533 -1.3024 -5.98415 8.46444 4.89023 8.19703 9.02758 12.8475 12.4763 -0.0129023 0 0 9.30188 -2.5276 -1.98683 -11.0348 7.15631 2.2062 1.35298 6.703 0.0325217 0 0 -13.5561 3.58166 5.47911 5.50213 -29.1754 0.62217 -4.78008 -1.4622 -3.51125 0.613639 0 0 5.06873 16.8539 -13.2134 -0.204523 15.397 -2.20656 3.32796 -1.19091 0 8.49745 -5.04276 -0.989053 8.75014 -4.93989 0.12555 -8.82103 7.74979 0.0244167 0 0]
325,5,3762820241,3762886185,101364495.9,24065043.64,3787347992,3787347210,101768628.5,24476278.49,-3787347992,[-0.0838318 13.7266 -11.392 -3.55663 -4.72825 -4.37042 -1.65212 0.0100066 0.154972 9.44219 -16.3158 -3.84792 -2.33144 -1.8752 -1.7101 -1.77371 -3.05661 -5.08954 -4.18913 -2.54803 -1.40185 -1.65914 -1.81356 -1.19687 -0.975861 -1.1175 -2.08802 -14.9288 -2.42374 -1.53175 -2.10375 -4.34252 -2.41577 -0.943594 -4.60768 -3.32679 0.0835152 0.0355302 5.80786 -3.08213 -4.12486 -3.27114 -1.28054 -2.23467 -2.2527 3.75878 -10.7547 0.76417 -2.29422 -4.44672 -4.59309 -1.21026 1.57192 1.97592 -4.49211 -3.94979 -0.471972 -1.17447 0.405905 1.49755 -4.39027 -4.15297 -3.10762 -0.702299 0.641815 1.26685 1.33809 -6.15226 -0.631624 1.81043 1.17052 1.62065 -0.0567382 -0.0537211 -0.272368 0.0762013 1.13699 1.29247 -4.9677 -2.63949 -3.10786 1.33763 -0.464165 -0.174859 11.7327 1.1918 -0.378856 -0.051289 -0.0690682 0.114879 0.0446508 0.0774451 -0.0365992 -0.122224 -0.0906751 0.0153105 0.0402622 -0.0537552 2.64785 1.60569 3.62819 1.43561 -0.124076 0.038663 0.0144525 -0.0802672 0.00595761 -0.187741 0.0923392 30 4.62246 2.93511 0.254018 -0.0853227 -0.152454 -0.165821 0.0353365 -0.0331488 6.34076 0.224633 2.71266 0.632979 -0.0856332 -0.08053 0.0476244 0.0106417 -0.118794 -0.0678098 -0.0055345 2.86957 30 4.06048 1.46618 0.16631 -0.103019 30 -0.157017 -1.55423 1.22997 0.390937 -17.5058 -0.0431307 -0.140237 -0.166846 0.154746],10,[-3.78694e+09 -3.78633e+09 -3.78666e+09 -3.78675e+09 -3.78735e+09 -3.78657e+09 -3.78666e+09 -3.78734e+09 -3.78681e+09 -3.78617e+09],[0 0 0 0 0 2 0 0 0 0],[-403997 -397806;-341260 -440108;-405256 -387024;-397315 -398231;-404133 -411235;-411207 -378299;-406859 -385615;-406790 -408314;-404953 -392633;-421998 -354064],0.651844865,0.650060191,0.398692512,1.708847303,1,5,-3787350000,,[-0.0838318 13.7266 -11.392 0 -3.55663 -4.72825 -4.37042 -1.65212 0.0100066 0.154972 9.44219 -16.3158 -3.84792 -2.33144 -1.8752 -1.7101 -1.77371 -3.05661 -5.08954 -4.18913 -2.54803 -1.40185 -1.65914 -1.81356 -1.19687 -0.975861 -1.1175 -2.08802 -14.9288 -2.42374 -1.53175 -2.10375 -4.34252 -2.41577 -0.943594 -4.60768 -3.32679 0 0.0835152 0.0355302 5.80786 0 -3.08213 -4.12486 -3.27114 -1.28054 -2.23467 -2.2527 3.75878 -10.7547 0.76417 0 0 -2.29422 -4.44672 -4.59309 -1.21026 1.57192 1.97592 -4.49211 -3.94979 -0.471972 -1.17447 0.405905 1.49755 -4.39027 -4.15297 -3.10762 -0.702299 0.641815 1.26685 1.33809 -6.15226 -0.631624 1.81043 1.17052 1.62065 -0.0567382 -0.0537211 -0.272368 0.0762013 1.13699 1.29247 -4.9677 -2.63949 -3.10786 1.33763 -0.464165 -0.174859 11.7327 1.1918 -0.378856 -0.051289 -0.0690682 0.114879 0.0446508 0.0774451 -0.0365992 -0.122224 -0.0906751 0.0153105 0.0402622 -0.0537552 0 2.64785 1.60569 3.62819 1.43561 -0.124076 0.038663 0.0144525 -0.0802672 0.00595761 -0.187741 0.0923392 0 30 4.62246 2.93511 0.254018 -0.0853227 0 -0.152454 -0.165821 0.0353365 -0.0331488 0 6.34076 0.224633 2.71266 0.632979 -0.0856332 -0.08053 0.0476244 0.0106417 -0.118794 -0.0678098 -0.0055345 0 2.86957 30 4.06048 1.46618 0.16631 -0.103019 0 0 0 30 -0.157017 -1.55423 1.22997 0.390937 -17.5058 -0.0431307 -0.140237 -0.166846 0.154746 0]
30,6,5818796082,5818874637,143587537.1,50374950.81,6035639404,6035638395,149339095.1,51848851.37,-6035639404,[-17.0718 -15.2744 -14.5888 19.3788 -18.127 16.0132 16.5937 19.6864 5.68057 -0.94192 -4.08228 -5.50674 -9.7191 -9.64675 -6.42397 -6.85196 1.70163 6.69173 11.3945 -4.59259 -4.37126 -6.54075 -7.69991 -7.77343 -7.91531 -10.1966 -13.0614 -13.1507 0.00223001 -10.5336 2.61831 14.5446 15.4847 16.3357 -13.3939 -11.6975 -14.2596 -12.1477 -12.9944 -14.5017 -21.1637 -30 -30 30 23.3026 16.2995 6.44483 2.03168 -3.98865 0.166169 16.0385 16.9123 14.414 11.2737 14.0666 1.50979 9.89171 7.29875 9.04401 -1.62651 -1.51148 2.09533 0.0130259 -19.593 -12.8281 -11.0316 -6.33633 2.10429 4.76474 12.7058 11.6246 1.03507 0.605391 7.12377 0.00197666 -11.9617 13.9483 4.88379 -15.072 6.08798 0.917561 -0.888318 23.7633 12.9921 -0.921807 17.8474 -1.30535 -0.765483 1.27192 1.36719 0.465896 11.9621 -3.21115 0.684492 1.24621 0.0531847 0.0500988 -0.568867 19.8907 0.315551 -0.466408 -1.58752 -1.82078 -0.588525 0.00958644 0.0520931 0.0141249 0.0173521 30 -1.87592 0.298149 -0.695739 -2.34079 -2.43259 -0.0329275 -0.0150812 0.0130192 0.0504078 -2.08865 -0.681582 -0.575838 -0.20834 0.775941 -2.12636 -0.97339 0.0558631 -0.131055 0.0268818 0.00479384 -0.317157 -1.83269 2.25134 1.26516 -0.657207 -2.4095 -0.8749 0.018693 3.41722 7.15685 0.194492 0.266509 0.239352 0.0485101 -0.000920352 0.0392043],10,[-6.03415e+09 -6.03564e+09 -6.03408e+09 -6.03255e+09 -6.0236e+09 -6.03432e+09 -6.0332e+09 -6.03555e+09 -6.03272e+09 -6.03444e+09],[0 0 0 0 0 0 0 0 0 0],[-5.72012e+06 -1.45579e+06;-5.75156e+06 -1.4739e+06;-5.72348e+06 -1.45006e+06;-5.62742e+06 -1.49497e+06;-5.36901e+06 -1.45513e+06;-5.68513e+06 -1.4965e+06;-5.70737e+06 -1.43661e+06;-5.76219e+06 -1.46036e+06;-5.63336e+06 -1.49486e+06;-5.68864e+06 -1.49695e+06],3.726601156,3.725183495,4.005610898,2.925860034,1,2,-6035640000,,[-17.0718 -15.2744 -14.5888 19.3788 -18.127 16.0132 16.5937 19.6864 5.68057 -0.94192 -4.08228 -5.50674 -9.7191 -9.64675 -6.42397 -6.85196 1.70163 6.69173 11.3945 -4.59259 -4.37126 -6.54075 -7.69991 -7.77343 -7.91531 -10.1966 -13.0614 -13.1507 0 0 0.00223001 -10.5336 2.61831 14.5446 15.4847 0 16.3357 -13.3939 -11.6975 -14.2596 -12.1477 -12.9944 -14.5017 -21.1637 -30 -30 30 23.3026 16.2995 6.44483 2.03168 -3.98865 0.166169 16.0385 16.9123 14.414 11.2737 14.0666 1.50979 9.89171 7.29875 9.04401 -1.62651 -1.51148 2.09533 0.0130259 -19.593 -12.8281 -11.0316 -6.33633 2.10429 4.76474 12.7058 11.6246 1.03507 0.605391 7.12377 0 0.00197666 -11.9617 13.9483 4.88379 -15.072 6.08798 0.917561 -0.888318 0 23.7633 12.9921 -0.921807 0 17.8474 -1.30535 -0.765483 1.27192 1.36719 0.465896 11.9621 -3.21115 0.684492 1.24621 0.0531847 0.0500988 0 -0.568867 19.8907 0.315551 -0.466408 -1.58752 -1.82078 -0.588525 0.00958644 0.0520931 0.0141249 0.0173521 0 30 -1.87592 0.298149 -0.695739 -2.34079 -2.43259 -0.0329275 -0.0150812 0.0130192 0.0504078 0 -2.08865 -0.681582 -0.575838 -0.20834 0.775941 -2.12636 -0.97339 0.0558631 -0.131055 0.0268818 0.00479384 0 -0.317157 -1.83269 2.25134 1.26516 -0.657207 -2.4095 -0.8749 0.018693 0 3.41722 7.15685 0.194492 0.266509 0.239352 0 0 0.0485101 -0.000920352 0.0392043 0]
45,6,5830929895,5831008122,143949263.4,50417673.94,6093399707,6093399716,151409659,51703664.89,-6093399707,[-10.5773 -12.3056 -11.9789 -17.9684 -11.8816 -14.969 -16.3653 -9.38452 13.5416 13.1854 6.32856 3.0145 -3.49127 -3.11326 -0.852663 4.67116 12.8973 25.3295 28.4359 1.85911 -1.32712 -1.51027 0.404863 -1.56454 -1.86885 -2.09015 -5.37056 -7.22869 0.0429416 -12.055 -13.9752 -11.59 -21.4552 2.61692 -12.7201 -12.432 -13.031 -12.7524 -9.42832 -22.3774 -23.2868 -19.5253 -20.4278 -17.088 15.5768 11.1435 7.83037 5.04779 1.08235 -20.3397 20.748 21.2204 17.9793 19.7276 15.9092 20.2406 21.5476 26.2398 17.4581 0.319466 3.87854 0.300121 -6.40341 -1.06722 4.48084 13.0381 22.246 24.2711 24.0251 26.578 0.201204 -1.59523 -0.00617999 -8.9189 -8.97274 -14.6859 -16.5984 10.6112 -0.0386021 -0.00849827 -3.02255 -4.14303 -13.8929 1.23634 1.57171 0.787973 -0.858575 -1.31401 -3.35828 -1.89626 -1.58567 -0.800268 -3.49242 -0.175764 -0.0137822 -30 3.55702 -2.59346 2.56798 -9.93664 -4.94361 -0.300195 -1.14291 -3.49948 -0.354575 -0.0497631 2.90354 1.94985 -0.518249 -2.39847 -0.109446 -0.335733 -1.91364 -3.7971 -0.379044 0.00647571 -3.61287 -0.738386 0.0794437 -1.80249 2.31162 -5.74497 -0.480179 3.37668 -5.48713 -0.165688 0.0190438 -0.717905 -0.589698 -3.66604 1.40561 -1.84099 3.53687 0.115254 -3.29162 2.08102 0.0192739 0.022169 -0.00108219 -0.0597215 -0.010136 -0.077651 -0.050906],10,[-6.08899e+09 -6.09313e+09 -6.08886e+09 -6.09315e+09 -6.08966e+09 -6.09316e+09 -6.08336e+09 -6.0934e+09 -6.09115e+09 -6.09287e+09],[0 0 0 0 0 0 0 0 0 0],[-7.31318e+06 -1.28629e+06;-7.45656e+06 -1.28092e+06;-7.30543e+06 -1.28966e+06;-7.45972e+06 -1.27834e+06;-7.34168e+06 -1.28015e+06;-7.46064e+06 -1.27786e+06;-7.14403e+06 -1.26775e+06;-7.4604e+06 -1.28599e+06;-7.38436e+06 -1.28701e+06;-7.43708e+06 -1.29158e+06],4.501337134,4.499935326,5.182656263,2.55067491,1,8,-6093400000,,[-10.5773 -12.3056 -11.9789 -17.9684 -11.8816 -14.969 -16.3653 -9.38452 13.5416 13.1854 6.32856 3.0145 -3.49127 -3.11326 -0.852663 4.67116 12.8973 25.3295 28.4359 1.85911 -1.32712 -1.51027 0.404863 -1.56454 -1.86885 -2.09015 -5.37056 -7.22869 0 0 0 0.0429416 -12.055 -13.9752 -11.59 0 -21.4552 2.61692 -12.7201 -12.432 -13.031 -12.7524 -9.42832 -22.3774 -23.2868 -19.5253 -20.4278 -17.088 15.5768 11.1435 7.83037 5.04779 1.08235 -20.3397 20.748 21.2204 17.9793 19.7276 15.9092 20.2406 21.5476 26.2398 17.4581 0.319466 3.87854 0 0.300121 -6.40341 -1.06722 4.48084 13.0381 22.246 24.2711 24.0251 26.578 0.201204 -1.59523 0 0 -0.00617999 -8.9189 -8.97274 -14.6859 -16.5984 10.6112 -0.0386021 0 -0.00849827 -3.02255 -4.14303 0 -13.8929 1.23634 1.57171 0.787973 -0.858575 -1.31401 -3.35828 -1.89626 -1.58567 -0.800268 -3.49242 -0.175764 -0.0137822 -30 3.55702 -2.59346 2.56798 -9.93664 -4.94361 -0.300195 -1.14291 -3.49948 -0.354575 -0.0497631 0 2.90354 1.94985 -0.518249 -2.39847 -0.109446 -0.335733 -1.91364 -3.7971 -0.379044 0.00647571 0 -3.61287 -0.738386 0.0794437 -1.80249 2.31162 -5.74497 -0.480179 3.37668 -5.48713 -0.165688 0.0190438 0 -0.717905 -0.589698 -3.66604 1.40561 -1.84099 3.53687 0.115254 -3.29162 0 2.08102 0.0192739 0.022169 -0.00108219 -0.0597215 0 0 -0.010136 -0.077651 -0.050906 0]
100,6,6833517230,6833587061,171715660.5,56070574.9,6886226634,6886226697,173470503.6,56070386.32,-6886226634,[-0.259416 0.104674 4.61873 0.0213688 0.0358471 1.04907 2.74115 2.66125 1.86535 1.70819 0.00264909 0.0410828 1.14914 4.2768 4.59695 2.19617 0.000812924 3.41576 -4.33895 -2.135 -0.15789 0.0107175 0.875255 2.17929 1.68275 0.00491486 -0.00672219 0.538567 3.92373 0.954283 1.75249 2.37696 3.52469 2.07683 0.990509 0.737545 0.62232 0.59763 0.777869 1.21957 1.59976 2.12141 2.67013 2.38984 0.0110449 0.0471672 1.20449 2.65132 3.16358 1.53827 0.913595 1.09539 1.11597 0.754988 1.07377 2.76588 0.00175512 0.00469462 0.00643365 -0.00667235 0.148412 1.59011 4.01317 2.30178 1.49235 8.79348 -0.00671275 -0.00413771 0.000736945 0.488838 0.00258443 0.00114449 0.327888 -14.7199 1.3164 4.44989 -4.4235 -2.00024 -8.84933 -4.82424 -2.97123 -4.59312 -8.46279 -8.459 -5.06996 -25.4456 2.81802 -14.6009 18.7197 20.3252 9.6689 -4.73153 -7.7226 -15.9832 5.3714 -8.3548 -8.60612 5.19461 -2.50575 9.66253 9.16144 5.66792 12.7759 -5.30749 -1.55779 -4.73144 -1.782 0.696076 0.744185 -14.8177 21.6671 -10.4622 -4.85374 -3.87686 -8.54108 11.2593 2.7827 -5.61803 3.31492 -8.80082 10.082 -2.13217 -10.1942 4.31076 0.800325 -6.46746 -0.413352 -3.87447 -1.46366],10,[-6.88622e+09 -6.88622e+09 -6.88623e+09 -6.88622e+09 -6.88622e+09 -6.88622e+09 -6.88594e+09 -6.88622e+09 -6.88622e+09 -6.88621e+09],[0 0 0 0 0 0 0 0 0 0],[-1.75457e+06 11.7602;-1.75461e+06 35.5127;-1.75484e+06 188.581;-1.75466e+06 125.241;-1.75481e+06 211.657;-1.75466e+06 64.5107;-1.85818e+06 113227;-1.75462e+06 56.1096;-1.75454e+06 163.686;-1.75432e+06 355.166],0.77133637,0.770307539,1.021947049,-0.000336327,0,3,-6886230000,,[0 -0.259416 0.104674 4.61873 0 0.0213688 0.0358471 1.04907 2.74115 2.66125 1.86535 1.70819 0 0.00264909 0.0410828 1.14914 4.2768 4.59695 2.19617 0.000812924 3.41576 -4.33895 -2.135 -0.15789 0.0107175 0.875255 2.17929 1.68275 0 0 0 0.00491486 0 0 -0.00672219 0 0.538567 3.92373 0.954283 1.75249 2.37696 3.52469 2.07683 0.990509 0.737545 0.62232 0.59763 0.777869 1.21957 1.59976 2.12141 2.67013 2.38984 0.0110449 0.0471672 1.20449 2.65132 3.16358 1.53827 0.913595 1.09539 1.11597 0.754988 1.07377 2.76588 0.00175512 0.00469462 0 0 0.00643365 -0.00667235 0.148412 1.59011 4.01317 2.30178 1.49235 8.79348 0 -0.00671275 0 0 -0.00413771 0 0 0.000736945 0.488838 0 0 0.00258443 0.00114449 0 0.327888 -14.7199 1.3164 4.44989 -4.4235 -2.00024 -8.84933 -4.82424 -2.97123 -4.59312 -8.46279 -8.459 -5.06996 -25.4456 2.81802 -14.6009 18.7197 20.3252 9.6689 -4.73153 -7.7226 -15.9832 5.3714 -8.3548 -8.60612 5.19461 -2.50575 9.66253 9.16144 5.66792 12.7759 -5.30749 -1.55779 -4.73144 -1.782 0.696076 0.744185 -14.8177 21.6671 -10.4622 -4.85374 -3.87686 -8.54108 11.2593 2.7827 -5.61803 3.31492 -8.80082 10.082 -2.13217 -10.1942 4.31076 0.800325 -6.46746 -0.413352 -3.87447 -1.46366 0 0 0 0 0 0 0 0 0 0 0]
145,6,6529155277,6529226524,145109019.2,72531864.93,6596608568,6596607943,147370143.9,72516787.56,-6596608568,[0.137198 0.62323 11.9552 0.526538 2.02925 1.93658 1.27364 1.06035 3.26638 0.8889 2.61833 1.53832 1.6712 1.37401 0.708705 0.711414 0.965882 2.27259 2.73097 2.61654 1.40066 1.47878 1.63287 2.71459 2.41885 2.37759 -2.21461 3.52294 3.42554 0.29092 13.4258 2.0946 0.722904 -0.974959 29.3173 2.7291 0.427251 -0.366883 1.27201 1.02786 7.04849 10.245 6.40766 6.73471 23.3852 -15.174 1.59128 0.348092 -0.504051 -0.513815 0.0961983 4.62895 8.42226 2.01479 9.11074 5.25359 6.02927 7.74443 1.27957 0.624455 1.22181 0.211289 -0.630523 -1.15715 -1.06292 6.34908 10.5753 28.3533 3.98678 6.46338 1.37099 1.42796 2.75479 3.02896 7.12935 4.0679 3.56707 -1.49819 2.669 10.0692 18.2431 0.275205 -1.17219 -0.793183 -0.0806322 4.64955 -0.808664 -0.905243 -0.551902 -0.457396 1.88548 2.76967 0.715839 0.405829 -1.31097 -1.24633 -1.11568 -0.154374 1.89341 1.58578 0.33827 1.30369 -1.69882 1.10027 4.36927 1.76287 5.40501 -1.60855 -0.955225 -0.405264 -0.149095 0.761107 0.324523 1.21999 2.95643 1.28333 0.426965 -3.49512 -0.71097 0.137788 -0.204712 -0.426568 -0.755346 -0.631872 0.84446 3.08742 2.11867 1.93258 2.52553 2.47579 1.34743 -0.0737275 -1.74928 -1.31943 1.98155 3.92802 1.30264 0.859746 -5.79807 0.024769 -0.00674224 -0.0951149 0.0160777 -3.76622 -0.0204136 0.00815773 0.0168272],10,[-6.59623e+09 -6.59661e+09 -6.59565e+09 -6.59592e+09 -6.59596e+09 -6.59595e+09 -6.59621e+09 -6.59592e+09 -6.59588e+09 -6.59591e+09],[0 0 0 0 0 0 0 0 0 0],[-2.23878e+06 5390.92;-2.26112e+06 15077.4;-2.21957e+06 5597.39;-2.22347e+06 305.204;-2.22543e+06 1039.04;-2.22473e+06 662.563;-2.23929e+06 6603.52;-2.2231e+06 12.3101;-2.22589e+06 4226.74;-2.22318e+06 260.427],1.033109,1.031996948,1.558224747,-0.020787231,0,2,-6596610000,,[0 0.137198 0.62323 11.9552 0 0.526538 2.02925 1.93658 1.27364 1.06035 3.26638 0.8889 0 2.61833 1.53832 1.6712 1.37401 0.708705 0.711414 0 0.965882 2.27259 2.73097 2.61654 1.40066 1.47878 1.63287 2.71459 0 0 2.41885 2.37759 -2.21461 3.52294 3.42554 0 0.29092 13.4258 2.0946 0.722904 -0.974959 29.3173 2.7291 0.427251 -0.366883 1.27201 1.02786 7.04849 10.245 6.40766 6.73471 23.3852 -15.174 1.59128 0.348092 -0.504051 -0.513815 0.0961983 4.62895 8.42226 2.01479 9.11074 5.25359 6.02927 7.74443 1.27957 0.624455 1.22181 0.211289 -0.630523 -1.15715 -1.06292 6.34908 10.5753 28.3533 3.98678 6.46338 0 1.37099 1.42796 2.75479 3.02896 7.12935 4.0679 3.56707 -1.49819 0 2.669 10.0692 18.2431 0 0.275205 -1.17219 -0.793183 -0.0806322 4.64955 -0.808664 -0.905243 -0.551902 -0.457396 1.88548 2.76967 0.715839 0.405829 -1.31097 -1.24633 -1.11568 -0.154374 1.89341 1.58578 0.33827 1.30369 -1.69882 1.10027 4.36927 1.76287 5.40501 -1.60855 -0.955225 -0.405264 -0.149095 0.761107 0.324523 1.21999 2.95643 1.28333 0.426965 -3.49512 -0.71097 0.137788 -0.204712 -0.426568 -0.755346 -0.631872 0.84446 3.08742 2.11867 1.93258 2.52553 2.47579 1.34743 -0.0737275 -1.74928 -1.31943 1.98155 3.92802 1.30264 0.859746 -5.79807 0 0.024769 -0.00674224 -0.0951149 0.0160777 -3.76622 0 -0.0204136 0.00815773 0.0168272]
190,6,4934435044,4934530854,124557408.5,39926953.27,5503685817,5503678687,136705058.1,46750898.1,-5503685817,[-0.286098 -7.83823 -6.17004 -6.7307 9.87545 0.051069 -8.13702 -7.47761 3.86761 -3.719 -1.62847 -0.31622 1.65485 2.64086 1.70982 -1.07511 2.27279 1.9551 2.11889 1.46507 -6.96601 9.49857 0.245104 2.41109 1.55675 -8.59179 0.293252 6.73187 7.79504 11.011 -13.4079 -17.4906 -13.4046 -11.619 -14.5975 -6.79273 0.0682399 4.20091 0.845094 -0.00107596 -1.60768 -2.12605 -12.179 -8.54771 -8.2366 -18.4241 -0.359698 15.6549 29.9993 28.8651 -10.9167 -13.1668 12.4748 7.08966 16.9446 22.4008 13.4575 11.6326 26.4101 11.9896 8.66136 29.9976 -10.6581 -14.5003 -14.8411 -5.75273 1.84808 30 13.5175 12.4089 14.224 -10.2227 -30 -23.6159 -15.7172 4.04131 4.30275 7.29994 24.3212 23.6389 21.0315 26.1254 29.995 21.3975 13.9965 21.0461 23.1523 24.3897 16.4202 29.9959 29.9981 27.4808 17.5253 29.9932 17.5592 27.2424 20.6254 24.997 22.1357 24.1217 17.7512 29.9994 9.12991 17.1794 15.5393 15.8716 20.5458 4.21199 18.6731 23.3502 17.3081 23.9739 29.9961 29.9918 22.4137 15.6463 15.2199 27.3942 18.001 24.2103 23.1063 17.7352 17.9259 20.0998 29.995 29.9954 29.9999 19.2625 22.0342 12.8474 10.7198 2.94422 0.282752 29.9996 23.4646 29.9994 29.9993 29.9951 18.8256 -5.06595 30 29.9941 29.9913 20.4555],10,[-5.49372e+09 -5.50369e+09 -5.49934e+09 -5.49814e+09 -5.50152e+09 -5.47379e+09 -5.49655e+09 -5.49853e+09 -5.50248e+09 -5.50194e+09],[0 0 0 0 0 2 0 0 0 0],[-1.17994e+07 -6.84e+06;-1.21476e+07 -6.82394e+06;-1.19349e+07 -6.89175e+06;-1.18503e+07 -6.93643e+06;-1.20811e+07 -6.8184e+06;-1.12403e+07 -6.73486e+06;-1.1729e+07 -7.00475e+06;-1.19088e+07 -6.89109e+06;-1.22178e+07 -6.71351e+06;-1.20782e+07 -6.83516e+06],11.53629074,11.53398064,9.752651208,17.09107325,1,2,-5503690000,,[0 0 0 -0.286098 0 0 0 0 -7.83823 -6.17004 -6.7307 9.87545 0 0 0 0.051069 -8.13702 -7.47761 3.86761 0 0 0 0 -3.719 -1.62847 -0.31622 1.65485 2.64086 0 1.70982 -1.07511 2.27279 1.9551 2.11889 1.46507 -6.96601 9.49857 0.245104 2.41109 1.55675 -8.59179 0.293252 6.73187 7.79504 11.011 -13.4079 -17.4906 -13.4046 -11.619 -14.5975 -6.79273 0.0682399 4.20091 0.845094 -0.00107596 -1.60768 -2.12605 -12.179 -8.54771 -8.2366 -18.4241 -0.359698 15.6549 29.9993 28.8651 -10.9167 -13.1668 12.4748 7.08966 16.9446 22.4008 13.4575 11.6326 26.4101 11.9896 8.66136 29.9976 -10.6581 -14.5003 -14.8411 -5.75273 1.84808 30 13.5175 12.4089 14.224 -10.2227 -30 -23.6159 -15.7172 4.04131 4.30275 7.29994 24.3212 23.6389 21.0315 26.1254 29.995 21.3975 13.9965 21.0461 23.1523 24.3897 16.4202 29.9959 29.9981 27.4808 17.5253 29.9932 17.5592 27.2424 20.6254 24.997 22.1357 24.1217 17.7512 29.9994 9.12991 17.1794 15.5393 15.8716 20.5458 4.21199 18.6731 23.3502 17.3081 23.9739 29.9961 29.9918 22.4137 15.6463 15.2199 27.3942 18.001 24.2103 23.1063 17.7352 17.9259 20.0998 29.995 29.9954 29.9999 19.2625 22.0342 12.8474 10.7198 2.94422 0.282752 29.9996 23.4646 29.9994 29.9993 29.9951 18.8256 -5.06595 30 29.9941 29.9913 20.4555]
225,6,5821357237,5821436072,137035516.7,57012352.36,5985103278,5985103025,142491099.7,57012334.45,-5985103278,[6.11254e-05 -14.2303 -5.61431 -3.45253 12.9532 0.0441723 -4.36835 9.29165 11.8324 9.49859 9.50244 -0.00117091 -7.37574 -7.18581 -8.30016 -7.10917 -6.19364 -3.61768 -1.24585 -7.81932 -9.63763 -8.77145 -17.2433 -15.6182 -13.2388 4.49426 0.832842 -8.55165 0.0360426 2.45882 13.8446 16.1972 24.4837 13.2488 9.79344 5.53076 -0.00720431 -17.6591 -8.89136 -12.9328 -10.8724 -2.98582 -8.7413 15.8283 15.1633 7.25981 1.54904 -1.83367 -6.32334 13.4315 13.8995 16.1916 13.5949 10.2949 9.47789 9.7815 5.47841 6.5798 7.36794 11.2464 10.59 -14.4708 -12.8305 -9.87707 -11.5745 -6.55854 0.73668 10.02 12.4629 18.3063 13.2728 13.4244 22.9594 30 -21.3903 -4.25736 -0.00297308 0.00173461 -0.00466018 -0.0173978 0.070619 1.74859 2.53836 -4.27254 -1.54607 -0.955399 -2.19587 -0.911008 -1.95923 4.52516 -1.49287 -0.976673 -1.49163 -5.06561 2.01363 -4.64811 3.24172 0.289605 -2.46979 -2.31698 -1.76019 -1.02445 0.527881 -0.732432 6.87545 -1.7117 -1.94303 -7.94278 -0.810724 -2.24494 0.476974 -1.32803 5.99416 -1.48398 -3.42336 -2.34727 4.10427 -4.59917 3.24965 -4.75483 -2.55575 2.62455 -6.48433 -4.05996 -0.674218 2.13978 1.56602 -2.94128 -1.47534 0.782154 -1.50085 -0.80481 -0.0200388 2.28407 -3.67046 2.96256],10,[-5.98505e+09 -5.98505e+09 -5.98509e+09 -5.98508e+09 -5.9851e+09 -5.98507e+09 -5.97596e+09 -5.9851e+09 -5.98384e+09 -5.98385e+09],[0 0 0 0 0 0 0 0 0 0],[-5.45399e+06 106.041;-5.45408e+06 266.751;-5.45528e+06 26.0484;-5.45482e+06 90.0673;-5.45554e+06 106.43;-5.45443e+06 -0.562339;-5.15151e+06 575.497;-5.45558e+06 17.9046;-5.41363e+06 26.7196;-5.41391e+06 30.1915],2.812849895,2.811453229,3.981145265,-3.14E-05,1,5,-5985100000,,[0 0 0 0 0 6.11254e-05 -14.2303 -5.61431 -3.45253 12.9532 0 0 0 0.0441723 -4.36835 9.29165 11.8324 9.49859 9.50244 0 -0.00117091 -7.37574 -7.18581 -8.30016 -7.10917 -6.19364 -3.61768 -1.24585 0 -7.81932 -9.63763 -8.77145 -17.2433 -15.6182 -13.2388 4.49426 0.832842 0 -8.55165 0.0360426 0 0 2.45882 13.8446 16.1972 24.4837 13.2488 9.79344 5.53076 -0.00720431 0 0 0 -17.6591 -8.89136 -12.9328 -10.8724 -2.98582 -8.7413 15.8283 15.1633 7.25981 1.54904 -1.83367 -6.32334 13.4315 13.8995 16.1916 13.5949 10.2949 9.47789 9.7815 5.47841 6.5798 7.36794 11.2464 10.59 -14.4708 -12.8305 -9.87707 -11.5745 -6.55854 0.73668 10.02 12.4629 18.3063 13.2728 13.4244 22.9594 30 -21.3903 -4.25736 0 0 0 0 0 0 -0.00297308 0 0.00173461 -0.00466018 -0.0173978 0.070619 1.74859 2.53836 -4.27254 -1.54607 -0.955399 -2.19587 -0.911008 -1.95923 4.52516 -1.49287 -0.976673 -1.49163 -5.06561 2.01363 -4.64811 3.24172 0.289605 -2.46979 -2.31698 -1.76019 -1.02445 0.527881 -0.732432 6.87545 -1.7117 -1.94303 -7.94278 -0.810724 -2.24494 0.476974 -1.32803 5.99416 -1.48398 -3.42336 -2.34727 4.10427 -4.59917 3.24965 -4.75483 -2.55575 2.62455 -6.48433 -4.05996 -0.674218 2.13978 1.56602 -2.94128 -1.47534 0.782154 -1.50085 -0.80481 -0.0200388 2.28407 -3.67046 2.96256]
280,6,6449117121,6449195595,167212970.5,47760216.06,6651753466,6651748565,173006784.1,48718168.08,-6651753466,[-21.9294 -9.73343 -10.2138 -9.25543 -8.73765 -2.98132 -2.7204 -2.98221 -4.6736 -8.54447 -7.06747 -5.7636 -6.83385 -6.13823 -5.5125 -2.50865 -12.3651 -10.969 -10.8002 -16.376 -11.7329 -11.0496 -10.0076 -9.65997 -9.54801 7.26296 -9.844 -11.3367 -11.0789 -11.2844 -11.4604 -10.3364 -5.4178 -3.58642 -3.36042 -6.94154 0.00538607 -8.76068 -9.82869 -3.78437 -3.4097 -3.43382 -3.41807 -3.39016 -5.00713 -0.0381315 -9.89355 -9.53654 -9.00464 -5.41479 -8.73637 -5.42748 -15.05 1.56308 -0.621703 -2.57807 -2.18282 5.61731 -7.56923 -7.72493 -7.66887 -7.84704 -7.5107 -6.85985 -5.55332 -4.86189 -6.4962 -7.82333 -5.02787 2.62207 -9.75001 -11.7759 -10.8958 -9.49053 -9.57594 -10.6774 -8.59033 -16.5573 -8.90434 -9.44264 -11.4123 -11.7671 1.2446 -2.99889 -1.22814 -1.28923 -1.06152 -5.00398 7.65553 4.92269 6.63856 7.53997 10.189 12.0836 -0.0152384 7.92627 -1.97918 -1.15074 -10.085 5.0561 2.13006 0.66931 1.1056 0.174752 -13.0112 3.08254 6.37477 5.06012 -15.6075 -11.6864 -1.66808 -2.24675 -3.18464 0.482806 4.45136 15.316 -16.637 -0.349146 14.4063 -2.14324 4.52141 -1.1978 7.21493 -4.22469 -0.818225 7.99425 -3.93524 0.138884 -6.32071 8.42667 -0.0150933],10,[-6.65148e+09 -6.65106e+09 -6.65165e+09 -6.65153e+09 -6.65099e+09 -6.65144e+09 -6.65175e+09 -6.6515e+09 -6.65149e+09 -6.65171e+09],[0 0 0 0 0 0 0 0 0 0],[-5.79356e+06 -948991;-5.79258e+06 -936071;-5.79145e+06 -956995;-5.79145e+06 -952847;-5.78853e+06 -937674;-5.78491e+06 -956302;-5.79381e+06 -957952;-5.79353e+06 -949924;-5.79246e+06 -950425;-5.79259e+06 -957706],3.14207885,3.140747818,3.464930756,2.00575312,1,7,-6651750000,,[-21.9294 -9.73343 0 0 -10.2138 -9.25543 -8.73765 -2.98132 -2.7204 -2.98221 -4.6736 0 -8.54447 -7.06747 -5.7636 -6.83385 -6.13823 -5.5125 -2.50865 -12.3651 -10.969 -10.8002 -16.376 -11.7329 -11.0496 -10.0076 -9.65997 -9.54801 7.26296 -9.844 -11.3367 -11.0789 -11.2844 -11.4604 -10.3364 -5.4178 -3.58642 0 -3.36042 -6.94154 0.00538607 0 -8.76068 -9.82869 -3.78437 -3.4097 -3.43382 -3.41807 -3.39016 -5.00713 -0.0381315 0 0 -9.89355 -9.53654 -9.00464 -5.41479 -8.73637 -5.42748 -15.05 1.56308 -0.621703 -2.57807 -2.18282 5.61731 -7.56923 -7.72493 -7.66887 -7.84704 -7.5107 -6.85985 -5.55332 -4.86189 -6.4962 -7.82333 -5.02787 2.62207 -9.75001 -11.7759 -10.8958 -9.49053 -9.57594 -10.6774 -8.59033 -16.5573 -8.90434 -9.44264 -11.4123 -11.7671 1.2446 -2.99889 -1.22814 0 0 0 0 0 0 0 0 0 0 0 0 -1.28923 -1.06152 -5.00398 7.65553 4.92269 6.63856 7.53997 10.189 12.0836 -0.0152384 0 0 7.92627 -1.97918 -1.15074 -10.085 5.0561 2.13006 0.66931 1.1056 0.174752 0 0 -13.0112 3.08254 6.37477 5.06012 -15.6075 -11.6864 -1.66808 -2.24675 -3.18464 0.482806 0 0 4.45136 15.316 -16.637 -0.349146 14.4063 -2.14324 4.52141 -1.1978 0 7.21493 -4.22469 -0.818225 7.99425 -3.93524 0.138884 -6.32071 8.42667 -0.0150933 0 0]
325,6,7117142951,7117212282,189188585.7,48051823.69,7153877653,7153877014,189843757,48618810.12,-7153877653,[0.106356 12.3834 -10.0006 -2.14961 -3.48995 -3.53172 -1.30222 -0.064822 0.19685 9.40819 -16.0749 -2.27586 -1.34489 -1.29301 -1.15036 -1.27719 -2.29868 -3.89192 -2.63172 -1.72836 -1.00106 -1.12976 -1.35636 -1.00429 -0.696908 -0.870802 -1.50344 -8.37833 -1.35722 -0.958064 -1.51275 -2.98176 -1.58422 -0.66227 -3.04163 -2.77764 -0.00470106 -0.00458481 4.82455 -2.40277 -3.26984 -2.50961 -1.09751 -1.94531 -1.84228 4.15624 -12.8774 0.300385 -1.88493 -3.4493 -3.50982 -0.842426 1.25124 1.30593 -2.94365 -2.93191 -0.162859 -0.876004 0.236204 1.02656 -3.01948 -3.22635 -2.58999 -0.600589 0.495451 1.09239 1.03167 -4.80446 0.158139 3.01054 0.388331 1.28303 -0.0313315 -0.0440331 -0.186781 0.0965102 0.988215 0.913405 -3.08088 -2.0026 -2.53284 1.3066 -0.262877 -0.180177 9.84565 -1.86851 -0.425642 -0.0416279 -0.0694605 0.0628561 -0.0144541 0.0102635 0.0477158 -0.138278 -0.0788023 -0.0492814 -0.0936377 0.0679519 2.11402 1.37842 3.3459 1.40598 -0.162703 0.0530218 -0.0547029 -0.0224085 -0.100349 -0.208915 0.0780618 30 3.05101 2.58574 0.272252 -0.044018 -0.230137 -0.0168275 -0.160861 0.0162216 4.20195 4.5138 2.72353 0.635797 0.0114965 -0.00383194 0.0151034 -0.044884 0.0159983 -0.0379103 -0.0774422 1.54738 19.5801 2.74241 1.31076 0.129398 -0.0352018 30 -0.106732 -1.46215 1.20742 0.392947 -15.8384 -0.047981 -0.0468685 0.0148886 -0.0102229],10,[-7.1534e+09 -7.15353e+09 -7.15308e+09 -7.15388e+09 -7.15208e+09 -7.15326e+09 -7.15359e+09 -7.15384e+09 -7.15327e+09 -7.15341e+09],[2 2 0 2 0 0 0 0 0 0],[-645692 -560449;-677377 -533108;-648255 -547195;-655171 -566986;-640961 -521196;-642400 -559029;-643127 -569365;-651596 -569349;-649797 -552245;-654114 -552403],0.516143945,0.515155797,0.346305931,1.179947782,1,4,-7153880000,,[0.106356 12.3834 -10.0006 0 -2.14961 -3.48995 -3.53172 -1.30222 -0.064822 0.19685 9.40819 -16.0749 -2.27586 -1.34489 -1.29301 -1.15036 -1.27719 -2.29868 -3.89192 -2.63172 -1.72836 -1.00106 -1.12976 -1.35636 -1.00429 -0.696908 -0.870802 -1.50344 -8.37833 -1.35722 -0.958064 -1.51275 -2.98176 -1.58422 -0.66227 -3.04163 -2.77764 0 -0.00470106 -0.00458481 4.82455 0 -2.40277 -3.26984 -2.50961 -1.09751 -1.94531 -1.84228 4.15624 -12.8774 0.300385 0 0 -1.88493 -3.4493 -3.50982 -0.842426 1.25124 1.30593 -2.94365 -2.93191 -0.162859 -0.876004 0.236204 1.02656 -3.01948 -3.22635 -2.58999 -0.600589 0.495451 1.09239 1.03167 -4.80446 0.158139 3.01054 0.388331 1.28303 -0.0313315 -0.0440331 -0.186781 0.0965102 0.988215 0.913405 -3.08088 -2.0026 -2.53284 1.3066 -0.262877 -0.180177 9.84565 -1.86851 -0.425642 -0.0416279 -0.0694605 0.0628561 -0.0144541 0.0102635 0.0477158 -0.138278 -0.0788023 -0.0492814 -0.0936377 0.0679519 0 2.11402 1.37842 3.3459 1.40598 -0.162703 0.0530218 -0.0547029 -0.0224085 -0.100349 -0.208915 0.0780618 0 30 3.05101 2.58574 0.272252 -0.044018 0 -0.230137 -0.0168275 -0.160861 0.0162216 0 4.20195 4.5138 2.72353 0.635797 0.0114965 -0.00383194 0.0151034 -0.044884 0.0159983 -0.0379103 -0.0774422 0 1.54738 19.5801 2.74241 1.31076 0.129398 -0.0352018 0 0 0 30 -0.106732 -1.46215 1.20742 0.392947 -15.8384 -0.047981 -0.0468685 0.0148886 -0.0102229 0]
30,7,9902859196,9902941820,243955064.6,86142996.12,10157665138,10157664328,250466015.6,88122795.38,-10157665138,[-15.1471 -12.8237 -12.2595 17.0947 -15.1148 10.3372 13.832 18.0827 4.95476 -0.461281 -3.85069 -4.89817 -8.61625 -8.58675 -5.62011 -5.68169 1.41013 6.13526 10.1263 -4.16776 -3.97091 -5.77502 -6.98579 -7.29927 -7.02292 -8.62953 -10.9338 -11.4703 0.00327315 -7.08029 1.39354 12.2845 12.4286 13.0966 -12.5571 -7.49137 -9.36955 -8.57987 -7.9896 -12.6519 -17.0529 -27.6864 -30 28.4961 21.5244 15.1704 5.9407 1.86741 -3.62674 0.0586893 13.2007 14.3529 12.5841 8.97278 12.676 1.23021 7.41631 6.24296 8.22523 -1.4214 -1.19712 1.51787 0.0276118 -16.6025 -10.8319 -9.4544 -5.37134 1.5978 4.08157 11.2102 9.41504 0.672598 0.396045 6.19833 -0.0188208 -7.80392 9.74231 1.59721 -11.1546 5.34672 0.831953 -0.740632 21.956 11.5676 -0.860666 13.1541 -1.0224 -0.529896 1.04923 1.12927 0.369037 11.4172 -2.9652 0.611778 1.14089 0.039208 0.0302586 -0.513292 14.359 -0.42255 -0.287262 -1.46224 -1.74378 -0.539769 0.0167809 0.0241584 -0.00247947 0.0649944 30 -1.15134 0.115986 -0.682609 -2.05667 -2.30475 0.0871962 0.0689458 -0.00896044 0.00942427 -1.82098 -0.702828 -0.579584 -0.210101 0.716783 -1.86464 -0.849389 0.0449538 0.0309162 0.0324569 -0.0190506 -0.227682 -1.67361 2.20202 1.10854 -0.628533 -2.32757 -0.914235 0.0130549 2.97779 6.70839 0.180661 0.242467 0.212088 0.0443127 0.0300543 0.0295009],10,[-1.01577e+10 -1.01556e+10 -1.01558e+10 -1.01577e+10 -1.01558e+10 -1.01557e+10 -1.01442e+10 -1.01576e+10 -1.01575e+10 -1.01575e+10],[0 0 0 0 0 0 0 0 0 0],[-6.51095e+06 -1.9798e+06;-6.41128e+06 -2.00953e+06;-6.41298e+06 -2.01412e+06;-6.50992e+06 -1.98065e+06;-6.4122e+06 -2.01487e+06;-6.41191e+06 -2.01376e+06;-6.08896e+06 -1.95387e+06;-6.51062e+06 -1.97749e+06;-6.51413e+06 -1.97226e+06;-6.51709e+06 -1.96941e+06],2.573054269,2.572190291,2.668914057,2.298270719,1,1,-10157700000,,[-15.1471 -12.8237 -12.2595 17.0947 -15.1148 10.3372 13.832 18.0827 4.95476 -0.461281 -3.85069 -4.89817 -8.61625 -8.58675 -5.62011 -5.68169 1.41013 6.13526 10.1263 -4.16776 -3.97091 -5.77502 -6.98579 -7.29927 -7.02292 -8.62953 -10.9338 -11.4703 0 0 0.00327315 -7.08029 1.39354 12.2845 12.4286 0 13.0966 -12.5571 -7.49137 -9.36955 -8.57987 -7.9896 -12.6519 -17.0529 -27.6864 -30 28.4961 21.5244 15.1704 5.9407 1.86741 -3.62674 0.0586893 13.2007 14.3529 12.5841 8.97278 12.676 1.23021 7.41631 6.24296 8.22523 -1.4214 -1.19712 1.51787 0.0276118 -16.6025 -10.8319 -9.4544 -5.37134 1.5978 4.08157 11.2102 9.41504 0.672598 0.396045 6.19833 0 -0.0188208 -7.80392 9.74231 1.59721 -11.1546 5.34672 0.831953 -0.740632 0 21.956 11.5676 -0.860666 0 13.1541 -1.0224 -0.529896 1.04923 1.12927 0.369037 11.4172 -2.9652 0.611778 1.14089 0.039208 0.0302586 0 -0.513292 14.359 -0.42255 -0.287262 -1.46224 -1.74378 -0.539769 0.0167809 0.0241584 -0.00247947 0.0649944 0 30 -1.15134 0.115986 -0.682609 -2.05667 -2.30475 0.0871962 0.0689458 -0.00896044 0.00942427 0 -1.82098 -0.702828 -0.579584 -0.210101 0.716783 -1.86464 -0.849389 0.0449538 0.0309162 0.0324569 -0.0190506 0 -0.227682 -1.67361 2.20202 1.10854 -0.628533 -2.32757 -0.914235 0.0130549 0 2.97779 6.70839 0.180661 0.242467 0.212088 0 0 0.0443127 0.0300543 0.0295009 0]
45,7,9905572972,9905655280,244347239.7,85841269.66,10219954443,10219954571,253132821.7,87532330.63,-10219954443,[-9.76941 -11.5415 -11.0485 -15.7957 -10.4646 -12.8274 -13.6707 -4.83504 10.3743 12.6688 5.73987 2.74076 -3.09319 -2.59239 -0.61661 4.32448 11.8032 22.4569 25.9752 1.64565 -1.01699 -1.32838 0.22379 -1.18486 -1.68156 -1.87637 -4.75498 -6.21931 0.0235347 -9.63514 -12.089 -7.22429 -17.744 2.21429 -11.566 -11.2506 -12.5036 -11.5987 -8.31904 -19.1578 -20.8388 -17.4246 -17.5952 -10.9635 12.6655 10.5655 6.95483 4.46993 0.768853 -14.825 17.0442 18.6254 14.8036 16.8222 13.3597 17.9449 21.1109 23.8401 15.1153 0.151136 3.54393 0.172309 -5.91311 -0.946295 4.03096 11.7359 20.0639 21.6737 20.9942 21.811 0.319681 -1.37958 -0.00672453 -7.72159 -6.90417 -12.9185 -14.9644 9.2388 -0.0123072 0.00729891 -2.75943 -3.7616 -11.6758 1.15635 1.67087 0.0943201 -1.18984 -1.20412 -2.9533 -1.73094 -1.59003 -0.73324 -3.36927 -0.160747 -0.00103501 -30 2.99851 -2.11379 2.38706 -4.89897 -4.59592 -0.301981 -0.954781 -3.53289 -0.292329 -0.109095 3.51899 1.69627 -0.371406 -2.44557 -0.326588 -0.335143 -2.32014 -2.98379 -0.253181 0.170995 -3.48937 -0.929531 -0.575465 -1.46014 1.90299 -5.42229 -0.305152 3.32722 -5.44694 -0.170555 -0.110241 -0.60799 -0.351645 -3.65379 1.39783 -1.96553 3.52604 0.00149711 -2.86901 2.09979 -0.0600055 -0.0450588 -0.000349913 -0.271186 0.182736 0.251262 -0.00150537],10,[-1.02196e+10 -1.02184e+10 -1.02196e+10 -1.02184e+10 -1.02196e+10 -1.02179e+10 -1.022e+10 -1.02196e+10 -1.02192e+10 -1.02113e+10],[0 0 0 0 0 0 0 2 0 0],[-8.78401e+06 -1.68102e+06;-8.72859e+06 -1.69682e+06;-8.78273e+06 -1.68305e+06;-8.7272e+06 -1.69738e+06;-8.78259e+06 -1.68348e+06;-8.73029e+06 -1.6772e+06;-8.78558e+06 -1.69106e+06;-8.78527e+06 -1.6792e+06;-8.77049e+06 -1.67957e+06;-8.56546e+06 -1.62289e+06],3.173783806,3.172927808,3.595531538,1.969985968,1,7,-10220000000,,[-9.76941 -11.5415 -11.0485 -15.7957 -10.4646 -12.8274 -13.6707 -4.83504 10.3743 12.6688 5.73987 2.74076 -3.09319 -2.59239 -0.61661 4.32448 11.8032 22.4569 25.9752 1.64565 -1.01699 -1.32838 0.22379 -1.18486 -1.68156 -1.87637 -4.75498 -6.21931 0 0 0 0.0235347 -9.63514 -12.089 -7.22429 0 -17.744 2.21429 -11.566 -11.2506 -12.5036 -11.5987 -8.31904 -19.1578 -20.8388 -17.4246 -17.5952 -10.9635 12.6655 10.5655 6.95483 4.46993 0.768853 -14.825 17.0442 18.6254 14.8036 16.8222 13.3597 17.9449 21.1109 23.8401 15.1153 0.151136 3.54393 0 0.172309 -5.91311 -0.946295 4.03096 11.7359 20.0639 21.6737 20.9942 21.811 0.319681 -1.37958 0 0 -0.00672453 -7.72159 -6.90417 -12.9185 -14.9644 9.2388 -0.0123072 0 0.00729891 -2.75943 -3.7616 0 -11.6758 1.15635 1.67087 0.0943201 -1.18984 -1.20412 -2.9533 -1.73094 -1.59003 -0.73324 -3.36927 -0.160747 -0.00103501 -30 2.99851 -2.11379 2.38706 -4.89897 -4.59592 -0.301981 -0.954781 -3.53289 -0.292329 -0.109095 0 3.51899 1.69627 -0.371406 -2.44557 -0.326588 -0.335143 -2.32014 -2.98379 -0.253181 0.170995 0 -3.48937 -0.929531 -0.575465 -1.46014 1.90299 -5.42229 -0.305152 3.32722 -5.44694 -0.170555 -0.110241 0 -0.60799 -0.351645 -3.65379 1.39783 -1.96553 3.52604 0.00149711 -2.86901 0 2.09979 -0.0600055 -0.0450588 -0.000349913 -0.271186 0 0 0.182736 0.251262 -0.00150537 0]
100,7,11358194258,11358268823,284642026.9,93966933.84,11433482384,11433482491,287149237.7,93966845.34,-11433482384,[-0.226706 0.0208106 3.9954 -0.00640831 0.0388123 0.947263 2.34823 2.2157 1.51956 1.44143 -0.00450812 0.0410213 0.96933 3.63783 3.66936 1.70928 -0.00246404 2.88217 -2.45164 -1.72688 -0.127346 0.0196417 0.752229 1.86352 1.41393 0.00108763 0.000889256 0.40849 3.06282 0.783026 1.45403 2.03107 2.75557 1.6548 0.808617 0.608531 0.510293 0.497046 0.632435 0.987604 1.33639 1.86098 2.13498 1.61132 0.00237658 0.025103 1.03517 2.2592 2.57121 1.23894 0.739459 0.845465 0.862605 0.598351 0.85148 2.26441 0.00110267 -0.00366547 -0.0128949 -0.00152459 0.135437 1.40089 3.36975 1.83836 1.11891 5.07037 -0.00544881 -0.00473146 0.0161411 0.430972 0.00279894 0.00681133 0.287759 -14.6889 1.38144 4.3688 -4.38114 -1.91239 -8.52485 -4.39741 -2.61695 -4.70477 -8.12688 -8.41295 -4.84547 -24.4067 2.53526 -13.8794 18.5152 19.5767 8.04317 -3.90205 -6.53995 -15.4498 5.00082 -7.53012 -7.5669 3.33452 -2.32849 8.23651 8.69954 6.3768 12.6842 -4.68484 -1.40834 -4.28424 -1.75346 0.329553 0.546204 -13.1609 22.4894 -9.44925 -4.16048 -5.89311 -7.23578 10.4501 2.61213 -5.27205 3.08145 -8.40613 8.63361 -1.94344 -11.2268 3.89147 0.76274 -6.52114 -0.44504 -3.45748 -1.3945],10,[-1.14335e+10 -1.14335e+10 -1.14335e+10 -1.14335e+10 -1.14335e+10 -1.14335e+10 -1.14335e+10 -1.14335e+10 -1.14335e+10 -1.14335e+10],[0 0 0 0 0 0 0 0 0 0],[-2.50717e+06 70.7252;-2.50705e+06 0.415676;-2.50705e+06 1.69809;-2.50721e+06 88.5024;-2.50706e+06 2.15269;-2.50708e+06 51.258;-2.50721e+06 92.9025;-2.50724e+06 128.692;-2.50714e+06 47.6118;-2.50709e+06 23.0377],0.662852955,0.662193054,0.88082943,-9.42E-05,0,1,-11433500000,,[0 -0.226706 0.0208106 3.9954 0 -0.00640831 0.0388123 0.947263 2.34823 2.2157 1.51956 1.44143 0 -0.00450812 0.0410213 0.96933 3.63783 3.66936 1.70928 -0.00246404 2.88217 -2.45164 -1.72688 -0.127346 0.0196417 0.752229 1.86352 1.41393 0 0 0 0.00108763 0 0 0.000889256 0 0.40849 3.06282 0.783026 1.45403 2.03107 2.75557 1.6548 0.808617 0.608531 0.510293 0.497046 0.632435 0.987604 1.33639 1.86098 2.13498 1.61132 0.00237658 0.025103 1.03517 2.2592 2.57121 1.23894 0.739459 0.845465 0.862605 0.598351 0.85148 2.26441 0.00110267 -0.00366547 0 0 -0.0128949 -0.00152459 0.135437 1.40089 3.36975 1.83836 1.11891 5.07037 0 -0.00544881 0 0 -0.00473146 0 0 0.0161411 0.430972 0 0 0.00279894 0.00681133 0 0.287759 -14.6889 1.38144 4.3688 -4.38114 -1.91239 -8.52485 -4.39741 -2.61695 -4.70477 -8.12688 -8.41295 -4.84547 -24.4067 2.53526 -13.8794 18.5152 19.5767 8.04317 -3.90205 -6.53995 -15.4498 5.00082 -7.53012 -7.5669 3.33452 -2.32849 8.23651 8.69954 6.3768 12.6842 -4.68484 -1.40834 -4.28424 -1.75346 0.329553 0.546204 -13.1609 22.4894 -9.44925 -4.16048 -5.89311 -7.23578 10.4501 2.61213 -5.27205 3.08145 -8.40613 8.63361 -1.94344 -11.2268 3.89147 0.76274 -6.52114 -0.44504 -3.45748 -1.3945 0 0 0 0 0 0 0 0 0 0 0]
145,7,10853985765,10854061470,241680515.6,120121533.4,10937617121,10937616631,244466414.2,120120806.8,-10937617121,[0.0308741 0.705065 7.17257 0.515426 1.80288 1.73838 0.99429 1.03878 3.09485 0.840458 2.32903 1.41237 1.49885 1.31445 0.66148 0.563314 0.887608 2.16403 2.44416 2.28654 1.2978 1.295 1.46071 2.37046 2.26019 2.10546 -1.80236 3.03226 3.00675 0.179718 11.3101 1.97308 0.652478 -0.901302 24.6675 2.13759 0.383029 -0.326284 1.06581 0.966385 5.891 8.76053 6.05106 5.84801 21.4388 -10.6456 1.33504 0.258033 -0.572144 -0.440115 0.0874896 3.94835 5.79248 1.25589 8.05218 4.51333 4.56463 4.34455 1.14134 0.580507 1.05947 0.186389 -0.6452 -1.11415 -0.634011 4.6491 7.99779 24.5594 3.28271 4.88152 1.28281 1.30386 2.46582 2.67869 6.15116 4.73684 2.86373 -1.18142 2.03448 8.79558 16.4482 0.194118 -0.940436 -0.69587 -0.134079 3.75888 -0.649827 -0.509288 -0.48579 -0.417664 1.76364 2.4841 0.736396 0.310729 -1.18404 -0.931056 -0.653611 -0.193288 1.82109 1.43265 0.303238 1.1445 -1.66087 0.973058 3.88182 1.69442 2.01145 -1.04535 -0.685127 -0.351897 -0.161722 0.704156 0.330117 1.19589 2.91952 1.18741 0.388818 -3.68932 -0.720687 -0.187506 -0.171907 -0.365454 -0.67725 -0.468553 0.972197 3.22976 1.86623 1.51941 2.15223 2.29471 1.67678 -0.145159 -1.30598 -1.09539 1.79482 3.39381 1.27124 0.75392 -4.87442 0.0195775 0.0102388 -0.0283462 -0.0699416 -3.60996 -0.0170729 0.0071478 -0.00562165],10,[-1.09376e+10 -1.09375e+10 -1.09376e+10 -1.09376e+10 -1.09376e+10 -1.09373e+10 -1.09373e+10 -1.09375e+10 -1.09376e+10 -1.09375e+10],[0 0 0 0 0 0 0 0 0 0],[-2.78493e+06 70.804;-2.78458e+06 4092.75;-2.7859e+06 726.57;-2.78508e+06 199.876;-2.78409e+06 11.6234;-2.77663e+06 1636.32;-2.77721e+06 1457.23;-2.78772e+06 4820.2;-2.78692e+06 2279.8;-2.78414e+06 1209.44],0.770512863,0.769805497,1.152719583,-0.000604863,0,1,-10937600000,,[0 0.0308741 0.705065 7.17257 0 0.515426 1.80288 1.73838 0.99429 1.03878 3.09485 0.840458 0 2.32903 1.41237 1.49885 1.31445 0.66148 0.563314 0 0.887608 2.16403 2.44416 2.28654 1.2978 1.295 1.46071 2.37046 0 0 2.26019 2.10546 -1.80236 3.03226 3.00675 0 0.179718 11.3101 1.97308 0.652478 -0.901302 24.6675 2.13759 0.383029 -0.326284 1.06581 0.966385 5.891 8.76053 6.05106 5.84801 21.4388 -10.6456 1.33504 0.258033 -0.572144 -0.440115 0.0874896 3.94835 5.79248 1.25589 8.05218 4.51333 4.56463 4.34455 1.14134 0.580507 1.05947 0.186389 -0.6452 -1.11415 -0.634011 4.6491 7.99779 24.5594 3.28271 4.88152 0 1.28281 1.30386 2.46582 2.67869 6.15116 4.73684 2.86373 -1.18142 0 2.03448 8.79558 16.4482 0 0.194118 -0.940436 -0.69587 -0.134079 3.75888 -0.649827 -0.509288 -0.48579 -0.417664 1.76364 2.4841 0.736396 0.310729 -1.18404 -0.931056 -0.653611 -0.193288 1.82109 1.43265 0.303238 1.1445 -1.66087 0.973058 3.88182 1.69442 2.01145 -1.04535 -0.685127 -0.351897 -0.161722 0.704156 0.330117 1.19589 2.91952 1.18741 0.388818 -3.68932 -0.720687 -0.187506 -0.171907 -0.365454 -0.67725 -0.468553 0.972197 3.22976 1.86623 1.51941 2.15223 2.29471 1.67678 -0.145159 -1.30598 -1.09539 1.79482 3.39381 1.27124 0.75392 -4.87442 0 0.0195775 0.0102388 -0.0283462 -0.0699416 -3.60996 0 -0.0170729 0.0071478 -0.00562165]
190,7,8339509917,8339609343,210345364.5,67641613.64,9199160687,9199153916,227888545.6,78749918.28,-9199160687,[0.000249751 -6.92637 -5.59416 -5.94512 8.77146 -0.0194063 -6.70579 -4.63796 1.86154 -3.27828 -1.51678 -0.271848 1.45207 2.51405 1.45815 -0.923714 1.97945 1.82146 1.75354 1.18887 -5.97776 8.07133 0.12558 2.28303 1.49771 -7.36827 0.233551 6.24966 6.81451 9.51939 -10.4988 -15.0912 -11.6127 -9.57754 -11.0632 -5.60885 0.0574818 3.47916 0.818654 -0.13126 -1.30801 -1.825 -10.5082 -7.37717 -6.72621 -15.956 -0.110095 12.8979 30 21.6129 -8.23807 -9.91493 8.53205 5.24924 14.0211 17.6366 11.6973 9.83464 20.9644 10.0389 7.62187 30 -8.99808 -11.8839 -12.24 -4.80441 1.71467 16.36 11.0113 10.4461 12.6237 -8.07886 -30 -20.6487 -12.8791 3.50306 4.20161 7.5337 24.2814 23.6733 19.6502 25.9224 30 19.1821 14.0481 19.9207 22.5404 22.5388 16.5441 -30 30 26.7163 17.0753 29.4375 16.5255 25.6365 20.1427 24.752 22.0442 23.5658 17.81 30 -2.47885 20.4788 16.8219 17.7199 19.1041 3.68976 17.4611 23.093 17.5862 22.4749 30 30 21.6505 15.1548 15.3966 26.6669 16.6321 23.6158 22.5066 16.3241 17.6667 18.8376 -30 30 30 19.0775 22.2419 13.2416 10.319 2.81471 0.377398 30 10.9958 30 30 30 19.3277 -2.93317 30 30 30 20.0978],10,[-9.1889e+09 -9.1761e+09 -9.19031e+09 -9.17399e+09 -9.19905e+09 -9.18823e+09 -9.1931e+09 -9.19373e+09 -9.15963e+09 -9.19916e+09],[0 0 0 0 0 0 0 2 2 0],[-1.758e+07 -1.07295e+07;-1.70762e+07 -1.08065e+07;-1.72228e+07 -1.11337e+07;-1.71744e+07 -1.06381e+07;-1.74824e+07 -1.11654e+07;-1.71503e+07 -1.11369e+07;-1.72475e+07 -1.1202e+07;-1.74799e+07 -1.09906e+07;-1.61973e+07 -1.11364e+07;-1.75432e+07 -1.11083e+07],10.30816893,10.30677263,8.340179578,16.42229397,1,10,-9199160000,,[0 0 0 0.000249751 0 0 0 0 -6.92637 -5.59416 -5.94512 8.77146 0 0 0 -0.0194063 -6.70579 -4.63796 1.86154 0 0 0 0 -3.27828 -1.51678 -0.271848 1.45207 2.51405 0 1.45815 -0.923714 1.97945 1.82146 1.75354 1.18887 -5.97776 8.07133 0.12558 2.28303 1.49771 -7.36827 0.233551 6.24966 6.81451 9.51939 -10.4988 -15.0912 -11.6127 -9.57754 -11.0632 -5.60885 0.0574818 3.47916 0.818654 -0.13126 -1.30801 -1.825 -10.5082 -7.37717 -6.72621 -15.956 -0.110095 12.8979 30 21.6129 -8.23807 -9.91493 8.53205 5.24924 14.0211 17.6366 11.6973 9.83464 20.9644 10.0389 7.62187 30 -8.99808 -11.8839 -12.24 -4.80441 1.71467 16.36 11.0113 10.4461 12.6237 -8.07886 -30 -20.6487 -12.8791 3.50306 4.20161 7.5337 24.2814 23.6733 19.6502 25.9224 30 19.1821 14.0481 19.9207 22.5404 22.5388 16.5441 -30 30 26.7163 17.0753 29.4375 16.5255 25.6365 20.1427 24.752 22.0442 23.5658 17.81 30 -2.47885 20.4788 16.8219 17.7199 19.1041 3.68976 17.4611 23.093 17.5862 22.4749 30 30 21.6505 15.1548 15.3966 26.6669 16.6321 23.6158 22.5066 16.3241 17.6667 18.8376 -30 30 30 19.0775 22.2419 13.2416 10.319 2.81471 0.377398 30 10.9958 30 30 30 19.3277 -2.93317 30 30 30 20.0978]
225,7,9831939164,9832022069,232272457.1,95461611.84,10021778881,10021778726,238597986.4,95461304.49,-10021778881,[-0.0120837 -10.3372 -2.37994 -1.41207 9.58065 0.000940748 -2.16167 6.15792 10.0614 8.24571 8.32607 -0.0102927 -6.37358 -6.28195 -7.35953 -6.42318 -5.62317 -3.17194 -1.08492 -7.0816 -8.70823 -7.74039 -15.176 -13.806 -11.5486 1.1275 0.614576 -8.28602 0.0324494 2.08412 12.1747 13.0134 15.6897 9.13244 6.06643 2.3736 -0.00548329 -15.1859 -7.43341 -9.24314 -8.12225 -1.77945 -6.00807 12.753 12.5092 6.41247 1.41851 -1.67457 -5.75466 10.6437 11.8297 14.7859 11.9562 8.88397 7.83526 8.46521 5.2351 5.71925 5.60397 9.71069 9.22548 -12.5742 -11.4057 -8.58696 -10.3072 -5.75392 0.580839 8.22402 10.7173 14.7085 10.2863 10.653 20.8457 30 -19.9172 -3.80672 0.000127958 -0.00161831 0.00183904 -0.0375504 0.0464924 1.75561 2.52468 -3.9652 -1.62045 -1.10118 -2.7708 -0.767109 -1.19492 4.15204 -1.53807 -0.897738 -1.02426 -4.52102 1.63244 -4.10678 2.9748 0.0508347 -2.31706 -2.12321 -2.29209 -0.582197 0.614484 -0.781165 6.39039 -1.59784 -1.68486 -7.47162 -0.860567 -1.324 0.343217 -1.18257 5.29144 -1.37121 -3.06415 -2.64198 4.14155 -4.45173 3.15545 -4.14107 -2.66886 2.61546 -5.49834 -3.02297 -0.498369 2.02655 1.43287 -2.74898 -1.38109 0.716546 -1.15762 -1.04919 -0.0467318 2.25252 -3.39001 2.5458],10,[-1.00105e+10 -1.00218e+10 -1.00218e+10 -1.00218e+10 -1.00218e+10 -1.00218e+10 -1.00218e+10 -1.00218e+10 -1.00218e+10 -1.00205e+10],[0 0 0 0 0 0 0 0 0 0],[-5.948e+06 304.995;-6.32527e+06 175.434;-6.3252e+06 32.5395;-6.32505e+06 26.6597;-6.32514e+06 30.5162;-6.32527e+06 199.516;-6.32553e+06 307.352;-6.32494e+06 66.462;-6.32488e+06 16.3321;-6.28139e+06 0.433663],1.930847143,1.929986079,2.723323004,-0.000321964,0,2,-10021800000,,[0 0 0 0 0 -0.0120837 -10.3372 -2.37994 -1.41207 9.58065 0 0 0 0.000940748 -2.16167 6.15792 10.0614 8.24571 8.32607 0 -0.0102927 -6.37358 -6.28195 -7.35953 -6.42318 -5.62317 -3.17194 -1.08492 0 -7.0816 -8.70823 -7.74039 -15.176 -13.806 -11.5486 1.1275 0.614576 0 -8.28602 0.0324494 0 0 2.08412 12.1747 13.0134 15.6897 9.13244 6.06643 2.3736 -0.00548329 0 0 0 -15.1859 -7.43341 -9.24314 -8.12225 -1.77945 -6.00807 12.753 12.5092 6.41247 1.41851 -1.67457 -5.75466 10.6437 11.8297 14.7859 11.9562 8.88397 7.83526 8.46521 5.2351 5.71925 5.60397 9.71069 9.22548 -12.5742 -11.4057 -8.58696 -10.3072 -5.75392 0.580839 8.22402 10.7173 14.7085 10.2863 10.653 20.8457 30 -19.9172 -3.80672 0 0 0 0 0 0 0.000127958 0 -0.00161831 0.00183904 -0.0375504 0.0464924 1.75561 2.52468 -3.9652 -1.62045 -1.10118 -2.7708 -0.767109 -1.19492 4.15204 -1.53807 -0.897738 -1.02426 -4.52102 1.63244 -4.10678 2.9748 0.0508347 -2.31706 -2.12321 -2.29209 -0.582197 0.614484 -0.781165 6.39039 -1.59784 -1.68486 -7.47162 -0.860567 -1.324 0.343217 -1.18257 5.29144 -1.37121 -3.06415 -2.64198 4.14155 -4.45173 3.15545 -4.14107 -2.66886 2.61546 -5.49834 -3.02297 -0.498369 2.02655 1.43287 -2.74898 -1.38109 0.716546 -1.15762 -1.04919 -0.0467318 2.25252 -3.39001 2.5458]
280,7,10810569918,10810652404,278952356.3,81402723.88,11083641114,11083636990,286703989.8,82750576.48,-11083641114,[-18.649 -9.73373 -9.5373 -8.73665 -8.15601 -2.82296 -2.49321 -2.67997 -4.21827 -7.6129 -6.19026 -5.2681 -6.33193 -5.41153 -5.00214 -2.23892 -11.3264 -9.73672 -10.1674 -14.8754 -10.736 -10.1514 -9.11122 -8.6931 -8.68694 4.61215 -8.81343 -10.3418 -10.0759 -10.3316 -10.433 -9.42049 -4.67989 -3.29175 -2.99597 -6.29353 -0.03354 -7.9712 -8.9545 -3.35736 -2.98875 -3.07501 -3.10948 -3.02937 -4.56369 -0.00345782 -8.93398 -8.68706 -8.15617 -4.72825 -7.85705 -4.79582 -13.5984 1.04352 -0.55551 -2.24156 -1.99756 5.43786 -6.68183 -6.78462 -6.73917 -6.94387 -6.78768 -6.1384 -5.03779 -4.4902 -5.82087 -7.03748 -4.35014 2.13314 -8.84837 -10.6706 -9.98421 -8.83652 -9.04353 -10.1507 -8.02533 -15.8017 -7.37707 -8.43136 -10.2004 -10.5835 1.03802 -2.71382 -1.06466 -0.805442 -1.07504 -4.86464 7.72008 4.699 6.08498 6.66457 8.86116 11.8683 0.0153214 7.25115 -1.97563 -1.30248 -10.9219 6.22599 1.91372 0.598572 0.60632 0.0591207 -11.8369 2.90065 5.98401 4.99366 -5.46091 -16.991 -0.762651 -1.74844 -3.18687 0.26389 4.2075 14.707 -21.5265 -0.0527538 15.4576 -2.2988 5.4301 -0.87728 6.18748 -4.06932 -0.715664 7.5341 -3.95755 0.235635 -5.63209 7.76868 0.0322913],10,[-1.10832e+10 -1.10826e+10 -1.10836e+10 -1.10832e+10 -1.10825e+10 -1.10833e+10 -1.10834e+10 -1.10831e+10 -1.10826e+10 -1.10836e+10],[0 0 0 0 0 0 0 0 0 0],[-7.74544e+06 -1.33878e+06;-7.74675e+06 -1.3167e+06;-7.74845e+06 -1.34957e+06;-7.75252e+06 -1.33287e+06;-7.75236e+06 -1.30963e+06;-7.7468e+06 -1.34176e+06;-7.75165e+06 -1.33865e+06;-7.74858e+06 -1.33169e+06;-7.74844e+06 -1.31649e+06;-7.75163e+06 -1.34785e+06],2.525964851,2.525144418,2.778837825,1.655783167,1,3,-11083600000,,[-18.649 -9.73373 0 0 -9.5373 -8.73665 -8.15601 -2.82296 -2.49321 -2.67997 -4.21827 0 -7.6129 -6.19026 -5.2681 -6.33193 -5.41153 -5.00214 -2.23892 -11.3264 -9.73672 -10.1674 -14.8754 -10.736 -10.1514 -9.11122 -8.6931 -8.68694 4.61215 -8.81343 -10.3418 -10.0759 -10.3316 -10.433 -9.42049 -4.67989 -3.29175 0 -2.99597 -6.29353 -0.03354 0 -7.9712 -8.9545 -3.35736 -2.98875 -3.07501 -3.10948 -3.02937 -4.56369 -0.00345782 0 0 -8.93398 -8.68706 -8.15617 -4.72825 -7.85705 -4.79582 -13.5984 1.04352 -0.55551 -2.24156 -1.99756 5.43786 -6.68183 -6.78462 -6.73917 -6.94387 -6.78768 -6.1384 -5.03779 -4.4902 -5.82087 -7.03748 -4.35014 2.13314 -8.84837 -10.6706 -9.98421 -8.83652 -9.04353 -10.1507 -8.02533 -15.8017 -7.37707 -8.43136 -10.2004 -10.5835 1.03802 -2.71382 -1.06466 0 0 0 0 0 0 0 0 0 0 0 0 -0.805442 -1.07504 -4.86464 7.72008 4.699 6.08498 6.66457 8.86116 11.8683 0.0153214 0 0 7.25115 -1.97563 -1.30248 -10.9219 6.22599 1.91372 0.598572 0.60632 0.0591207 0 0 -11.8369 2.90065 5.98401 4.99366 -5.46091 -16.991 -0.762651 -1.74844 -3.18687 0.26389 0 0 4.2075 14.707 -21.5265 -0.0527538 15.4576 -2.2988 5.4301 -0.87728 0 6.18748 -4.06932 -0.715664 7.5341 -3.95755 0.235635 -5.63209 7.76868 0.0322913 0 0]
325,7,11875142375,11875216530,312511310.7,83329240.34,11921866118,11921865620,313316715.5,84078805.16,-11921866118,[0.043945 11.1392 -8.72657 -1.74291 -2.90055 -3.05031 -1.08172 -0.091921 0.0821626 7.29258 -13.6363 -1.90687 -1.18132 -1.00426 -0.86006 -0.95073 -1.94172 -3.3012 -2.17503 -1.49395 -0.834391 -0.917502 -1.1152 -0.842337 -0.569955 -0.700601 -1.22736 -4.36569 -1.09643 -0.755447 -1.15843 -2.16172 -1.18272 -0.603909 -2.48795 -2.43734 -0.0169499 0.0224924 4.32759 -1.98929 -2.73916 -2.1206 -0.872914 -1.56227 -1.60334 3.411 -7.85627 0.309025 -1.61092 -2.90566 -3.00303 -0.73964 0.982798 1.05311 -2.26181 -2.43638 -0.0949223 -0.744281 0.333643 0.6171 -2.6305 -2.72505 -2.25538 -0.491269 0.438243 1.00793 0.996063 -4.25474 0.330388 3.42543 0.240303 0.978535 -0.038956 -0.0391748 -0.149193 0.126645 0.851091 0.899405 -2.31214 -1.67405 -2.06916 1.25354 -0.130051 0.323558 7.98701 -3.86286 -0.285914 -0.175604 -0.0298482 -0.0313838 -0.0509553 -0.00167347 -0.0473384 0.00722292 -0.00343488 -0.114488 0.0864639 0.0482176 0.877517 1.61546 3.31753 1.25632 -0.128469 -0.0321315 0.0622302 0.0644579 -0.120513 -0.572479 -0.115372 14.4455 2.06372 1.9278 0.454413 -0.0854747 -0.235203 -0.345205 -0.470012 0.119024 2.87281 4.03264 2.39128 0.407144 0.192986 0.0264846 -0.0453704 -0.0795631 0.084006 -0.148029 -0.27539 2.06964 16.9154 3.29394 1.1295 0.113274 -0.00402753 30 0.0208696 -1.33857 1.05849 0.420166 -14.8454 0.112706 0.0139563 -0.0762113 -0.0389583],10,[-1.19219e+10 -1.19215e+10 -1.19215e+10 -1.19213e+10 -1.19211e+10 -1.19213e+10 -1.19212e+10 -1.19219e+10 -1.19214e+10 -1.19213e+10],[2 0 0 0 0 0 0 0 0 0],[-805405 -749565;-717713 -826418;-725178 -818439;-720450 -817048;-690743 -839181;-730343 -806675;-703777 -829050;-807630 -747106;-709326 -830793;-715922 -820069],0.393458386,0.392827284,0.25772023,0.899521961,1,1,-11921900000,,[0.043945 11.1392 -8.72657 0 -1.74291 -2.90055 -3.05031 -1.08172 -0.091921 0.0821626 7.29258 -13.6363 -1.90687 -1.18132 -1.00426 -0.86006 -0.95073 -1.94172 -3.3012 -2.17503 -1.49395 -0.834391 -0.917502 -1.1152 -0.842337 -0.569955 -0.700601 -1.22736 -4.36569 -1.09643 -0.755447 -1.15843 -2.16172 -1.18272 -0.603909 -2.48795 -2.43734 0 -0.0169499 0.0224924 4.32759 0 -1.98929 -2.73916 -2.1206 -0.872914 -1.56227 -1.60334 3.411 -7.85627 0.309025 0 0 -1.61092 -2.90566 -3.00303 -0.73964 0.982798 1.05311 -2.26181 -2.43638 -0.0949223 -0.744281 0.333643 0.6171 -2.6305 -2.72505 -2.25538 -0.491269 0.438243 1.00793 0.996063 -4.25474 0.330388 3.42543 0.240303 0.978535 -0.038956 -0.0391748 -0.149193 0.126645 0.851091 0.899405 -2.31214 -1.67405 -2.06916 1.25354 -0.130051 0.323558 7.98701 -3.86286 -0.285914 -0.175604 -0.0298482 -0.0313838 -0.0509553 -0.00167347 -0.0473384 0.00722292 -0.00343488 -0.114488 0.0864639 0.0482176 0 0.877517 1.61546 3.31753 1.25632 -0.128469 -0.0321315 0.0622302 0.0644579 -0.120513 -0.572479 -0.115372 0 14.4455 2.06372 1.9278 0.454413 -0.0854747 0 -0.235203 -0.345205 -0.470012 0.119024 0 2.87281 4.03264 2.39128 0.407144 0.192986 0.0264846 -0.0453704 -0.0795631 0.084006 -0.148029 -0.27539 0 2.06964 16.9154 3.29394 1.1295 0.113274 -0.00402753 0 0 0 30 0.0208696 -1.33857 1.05849 0.420166 -14.8454 0.112706 0.0139563 -0.0762113 -0.0389583 0]
30,8,15430134162,15430222325,379210473.7,135130270.5,15732178037,15732177435,386765947.2,137639967.3,-15732178037,[-13.0151 -10.3846 -10.1537 14.6022 -12.3338 6.18478 11.0076 16.3804 4.40381 -0.6323 -3.35617 -4.45699 -7.45968 -7.49947 -4.87616 -4.76892 1.26412 5.50773 9.26179 -3.63591 -3.43449 -5.34889 -6.21701 -6.5377 -6.14985 -7.54213 -9.45385 -10.0624 -0.000363001 -6.4111 1.02766 10.4827 11.2726 12.1878 -11.5057 -7.43478 -8.6668 -7.31863 -6.08686 -11.5827 -15.7387 -25.1725 -30 25.5192 19.2807 12.4746 4.96343 1.68444 -3.16372 0.0850661 12.0594 12.9605 11.1378 7.42162 10.7276 0.833157 6.13297 5.39611 7.20957 -1.07146 -1.02821 1.16926 0.00520897 -15.9581 -9.97412 -8.74974 -4.84705 1.45122 3.56107 9.88434 8.34581 0.377382 0.345676 5.2319 -0.000446229 -5.11305 6.14748 0.941725 -7.54603 4.3846 0.554531 -0.641713 20.4718 10.5718 -0.564977 7.88887 -1.3307 -0.64315 1.19914 1.17481 0.366013 11.6415 -2.84047 0.660845 1.16222 0.0477291 0.0494286 -0.496565 11.4511 -0.579506 -0.324775 -1.45651 -1.66221 -0.519649 -0.0139326 0.0419721 -0.00312494 0.0148751 30 -0.839915 0.16791 -0.659532 -2.01267 -2.21816 -0.0227717 0.00477838 0.0105092 0.0354245 -1.78723 -0.646688 -0.538698 -0.185001 0.691848 -1.87087 -0.819209 0.0477542 0.00475005 0.0311718 0.00561647 -0.277572 -1.70576 2.03553 1.02073 -0.640638 -2.25692 -0.830368 0.00295688 3.37172 2.43679 0.176655 0.225588 0.220856 0.0374396 0.0458916 0.0415379],10,[-1.5729e+10 -1.57322e+10 -1.57322e+10 -1.57321e+10 -1.57322e+10 -1.57292e+10 -1.57321e+10 -1.57289e+10 -1.57201e+10 -1.57322e+10],[0 0 0 0 0 0 0 0 0 0],[-7.40921e+06 -2.55149e+06;-7.5569e+06 -2.50792e+06;-7.55464e+06 -2.50973e+06;-7.55919e+06 -2.50465e+06;-7.55547e+06 -2.5097e+06;-7.41232e+06 -2.55244e+06;-7.55476e+06 -2.50825e+06;-7.41413e+06 -2.54168e+06;-7.20611e+06 -2.45598e+06;-7.55591e+06 -2.50914e+06],1.95749351,1.956907059,1.992422164,1.857242492,1,2,-15732200000,,[-13.0151 -10.3846 -10.1537 14.6022 -12.3338 6.18478 11.0076 16.3804 4.40381 -0.6323 -3.35617 -4.45699 -7.45968 -7.49947 -4.87616 -4.76892 1.26412 5.50773 9.26179 -3.63591 -3.43449 -5.34889 -6.21701 -6.5377 -6.14985 -7.54213 -9.45385 -10.0624 0 0 -0.000363001 -6.4111 1.02766 10.4827 11.2726 0 12.1878 -11.5057 -7.43478 -8.6668 -7.31863 -6.08686 -11.5827 -15.7387 -25.1725 -30 25.5192 19.2807 12.4746 4.96343 1.68444 -3.16372 0.0850661 12.0594 12.9605 11.1378 7.42162 10.7276 0.833157 6.13297 5.39611 7.20957 -1.07146 -1.02821 1.16926 0.00520897 -15.9581 -9.97412 -8.74974 -4.84705 1.45122 3.56107 9.88434 8.34581 0.377382 0.345676 5.2319 0 -0.000446229 -5.11305 6.14748 0.941725 -7.54603 4.3846 0.554531 -0.641713 0 20.4718 10.5718 -0.564977 0 7.88887 -1.3307 -0.64315 1.19914 1.17481 0.366013 11.6415 -2.84047 0.660845 1.16222 0.0477291 0.0494286 0 -0.496565 11.4511 -0.579506 -0.324775 -1.45651 -1.66221 -0.519649 -0.0139326 0.0419721 -0.00312494 0.0148751 0 30 -0.839915 0.16791 -0.659532 -2.01267 -2.21816 -0.0227717 0.00477838 0.0105092 0.0354245 0 -1.78723 -0.646688 -0.538698 -0.185001 0.691848 -1.87087 -0.819209 0.0477542 0.00475005 0.0311718 0.00561647 0 -0.277572 -1.70576 2.03553 1.02073 -0.640638 -2.25692 -0.830368 0.00295688 0 3.37172 2.43679 0.176655 0.225588 0.220856 0 0 0.0374396 0.0458916 0.0415379 0]
45,8,15407737459,15407825308,379569546.8,134024630.2,15780934348,15780934603,389904107.8,136127045.7,-15780934348,[-8.8004 -10.3205 -9.946 -13.2922 -8.81017 -10.4951 -11.7836 -2.80512 9.76495 11.8802 5.20958 2.33981 -2.68128 -2.22491 -0.457641 3.64714 10.2835 20.036 22.8254 1.39663 -0.943096 -1.20551 0.273994 -1.12655 -1.51485 -1.61443 -4.11746 -5.53711 0.0290401 -8.67177 -10.2915 -4.98093 -15.6352 2.05514 -10.2596 -10.0591 -11.1519 -10.5022 -7.27405 -16.8848 -18.8048 -15.569 -15.8061 -9.01441 11.6432 9.24341 5.97859 3.82544 0.680257 -11.2047 12.4049 15.9442 13.6259 15.696 12.3558 16.9825 20.1155 21.935 13.4524 0.188663 3.19141 0.470604 -5.18774 -0.905445 3.74724 10.6592 18.5582 20.1486 19.7074 19.6043 0.190656 -1.20969 0.0163923 -6.81675 -6.13078 -11.6001 -13.5286 7.45342 0.20749 -0.00586409 -2.43678 -3.38963 -10.7615 1.36441 1.72934 0.332586 -0.822083 -1.05724 -3.26547 -1.60795 -1.60395 -0.752917 -3.27124 -0.184509 -0.00978801 -30 3.63229 -2.76092 1.92518 -5.93554 -4.18757 -0.5008 -0.712036 -3.21935 -0.549983 0.0232507 2.17449 1.66098 -0.386957 -1.87008 -0.333361 0.0953539 -1.88645 -3.00567 -0.467319 0.117717 -3.78765 -0.613127 0.960845 -1.50781 1.93138 -5.48638 -0.488275 3.13495 -4.97245 -0.135603 -0.052585 -0.693899 -0.32604 -3.46719 1.36269 -1.82879 3.40036 0.213878 -2.67636 1.82564 -0.143546 -0.0742508 0.0796862 0.162423 -0.00125383 -0.0204262 -0.160274],10,[-1.57803e+10 -1.57804e+10 -1.57803e+10 -1.57804e+10 -1.57804e+10 -1.57809e+10 -1.57802e+10 -1.57799e+10 -1.57802e+10 -1.57804e+10],[0 0 0 2 0 0 0 0 0 0],[-1.03399e+07 -2.07473e+06;-1.0328e+07 -2.09006e+06;-1.03242e+07 -2.09197e+06;-1.03307e+07 -2.08903e+06;-1.03282e+07 -2.09122e+06;-1.03346e+07 -2.10242e+06;-1.03376e+07 -2.0734e+06;-1.03115e+07 -2.09e+06;-1.03314e+07 -2.08146e+06;-1.03345e+07 -2.08589e+06],2.422139461,2.421557148,2.72270553,1.568678431,1,6,-15780900000,,[-8.8004 -10.3205 -9.946 -13.2922 -8.81017 -10.4951 -11.7836 -2.80512 9.76495 11.8802 5.20958 2.33981 -2.68128 -2.22491 -0.457641 3.64714 10.2835 20.036 22.8254 1.39663 -0.943096 -1.20551 0.273994 -1.12655 -1.51485 -1.61443 -4.11746 -5.53711 0 0 0 0.0290401 -8.67177 -10.2915 -4.98093 0 -15.6352 2.05514 -10.2596 -10.0591 -11.1519 -10.5022 -7.27405 -16.8848 -18.8048 -15.569 -15.8061 -9.01441 11.6432 9.24341 5.97859 3.82544 0.680257 -11.2047 12.4049 15.9442 13.6259 15.696 12.3558 16.9825 20.1155 21.935 13.4524 0.188663 3.19141 0 0.470604 -5.18774 -0.905445 3.74724 10.6592 18.5582 20.1486 19.7074 19.6043 0.190656 -1.20969 0 0 0.0163923 -6.81675 -6.13078 -11.6001 -13.5286 7.45342 0.20749 0 -0.00586409 -2.43678 -3.38963 0 -10.7615 1.36441 1.72934 0.332586 -0.822083 -1.05724 -3.26547 -1.60795 -1.60395 -0.752917 -3.27124 -0.184509 -0.00978801 -30 3.63229 -2.76092 1.92518 -5.93554 -4.18757 -0.5008 -0.712036 -3.21935 -0.549983 0.0232507 0 2.17449 1.66098 -0.386957 -1.87008 -0.333361 0.0953539 -1.88645 -3.00567 -0.467319 0.117717 0 -3.78765 -0.613127 0.960845 -1.50781 1.93138 -5.48638 -0.488275 3.13495 -4.97245 -0.135603 -0.052585 0 -0.693899 -0.32604 -3.46719 1.36269 -1.82879 3.40036 0.213878 -2.67636 0 1.82564 -0.143546 -0.0742508 0.0796862 0.162423 0 0 -0.00125383 -0.0204262 -0.160274 0]
100,8,17393512321,17393593212,434778711.1,145007729.3,17498098059,17498098203,438266391.8,145003548.3,-17498098059,[-0.0224605 -0.109717 3.25296 -0.205155 -0.326633 0.781124 2.07219 1.84176 1.2176 1.12105 0.0227111 0.01606 0.883558 3.06655 2.92239 1.39672 0.0353334 2.69324 -2.02064 -1.66374 -0.0828929 0.0690687 0.665164 1.4909 1.10494 -0.0267464 0.0533607 0.299978 2.35945 0.650746 1.10176 1.50994 2.08139 1.30205 0.623331 0.545694 0.424219 0.456099 0.492253 0.726354 1.02408 1.4354 1.65402 1.17096 0.0682266 0.0359519 0.815861 1.8411 2.13342 1.06183 0.514609 0.669666 0.609317 0.489753 0.62092 1.69677 0.0393211 0.0475761 -0.0441529 -0.0572255 0.0706583 1.13771 2.82805 1.66918 0.939402 2.32825 0.053149 -0.0436589 -0.0245169 0.337791 -0.0516286 0.0609572 0.155806 -14.1508 1.2385 4.22079 -4.12388 -1.85341 -8.43477 -4.56852 -2.13971 -3.85875 -6.83042 -7.12096 -4.55359 -24.5973 2.47056 -13.263 16.6008 18.1704 7.56431 -3.64627 -6.35039 -14.7151 4.94938 -7.47102 -7.5785 3.16889 -2.32163 7.77293 8.26063 5.08951 12.2155 -4.69008 -0.904731 -4.46814 -1.65078 0.671814 0.237231 -12.418 20.9878 -9.58599 -4.06809 -4.25832 -7.02274 10.1395 2.61746 -5.05416 2.96813 -8.4951 8.18417 -1.89061 -10.1551 3.73097 0.571597 -6.2945 -0.492839 -3.40966 -1.36218],10,[-1.74981e+10 -1.74981e+10 -1.74981e+10 -1.74981e+10 -1.74981e+10 -1.74981e+10 -1.74981e+10 -1.74981e+10 -1.74981e+10 -1.74981e+10],[0 0 0 0 0 0 0 0 0 0],[-3.48768e+06 4181;-3.4836e+06 385.48;-3.48327e+06 4.13645;-3.48328e+06 28.2804;-3.48344e+06 127.154;-3.48371e+06 355.096;-3.48316e+06 50.3307;-3.48328e+06 5.38627;-3.48332e+06 25.0558;-3.4836e+06 233.403],0.601291658,0.600824622,0.802173749,-0.002883292,0,1,-17498100000,,[0 -0.0224605 -0.109717 3.25296 0 -0.205155 -0.326633 0.781124 2.07219 1.84176 1.2176 1.12105 0 0.0227111 0.01606 0.883558 3.06655 2.92239 1.39672 0.0353334 2.69324 -2.02064 -1.66374 -0.0828929 0.0690687 0.665164 1.4909 1.10494 0 0 0 -0.0267464 0 0 0.0533607 0 0.299978 2.35945 0.650746 1.10176 1.50994 2.08139 1.30205 0.623331 0.545694 0.424219 0.456099 0.492253 0.726354 1.02408 1.4354 1.65402 1.17096 0.0682266 0.0359519 0.815861 1.8411 2.13342 1.06183 0.514609 0.669666 0.609317 0.489753 0.62092 1.69677 0.0393211 0.0475761 0 0 -0.0441529 -0.0572255 0.0706583 1.13771 2.82805 1.66918 0.939402 2.32825 0 0.053149 0 0 -0.0436589 0 0 -0.0245169 0.337791 0 0 -0.0516286 0.0609572 0 0.155806 -14.1508 1.2385 4.22079 -4.12388 -1.85341 -8.43477 -4.56852 -2.13971 -3.85875 -6.83042 -7.12096 -4.55359 -24.5973 2.47056 -13.263 16.6008 18.1704 7.56431 -3.64627 -6.35039 -14.7151 4.94938 -7.47102 -7.5785 3.16889 -2.32163 7.77293 8.26063 5.08951 12.2155 -4.69008 -0.904731 -4.46814 -1.65078 0.671814 0.237231 -12.418 20.9878 -9.58599 -4.06809 -4.25832 -7.02274 10.1395 2.61746 -5.05416 2.96813 -8.4951 8.18417 -1.89061 -10.1551 3.73097 0.571597 -6.2945 -0.492839 -3.40966 -1.36218 0 0 0 0 0 0 0 0 0 0 0]
145,8,16675383310,16675465034,371185423.5,184663410.9,16782090836,16782090380,375185821.8,184217190.9,-16782090836,[0.768998 0.333944 6.13326 0.154791 1.68734 0.479173 0.991486 1.15299 2.83441 0.494745 2.19378 1.30142 0.977357 1.00056 0.335073 0.542981 0.703483 1.51364 1.75495 2.2728 0.769571 1.34412 1.08057 2.19669 2.04232 1.92666 -1.67937 2.54109 2.46801 0.125074 10.0929 1.72996 -0.191165 -0.785453 23.9219 1.39022 0.534312 -0.637962 0.66382 0.1234 4.95729 6.853 6.27779 5.50727 19.8409 -1.08229 1.25953 0.268358 -0.496201 -0.317635 -0.176432 3.01105 5.0024 -0.924739 7.04993 3.46734 3.10801 10.8814 1.167 0.439784 1.22976 0.386657 -0.697417 -1.01358 -1.26001 6.13288 3.2605 25.3636 6.74278 3.249 1.42932 1.19646 1.89345 2.44356 4.58173 7.42116 1.93374 0.755905 1.18233 9.27096 17.5215 0.212037 -2.42343 -1.51978 -0.222047 10.0158 -0.52899 -0.530997 -1.57963 -1.41634 1.38412 2.81255 0.298189 0.476468 -1.41944 -1.57645 -1.28604 -0.496759 4.78829 3.56825 -1.21226 0.507588 -2.18022 1.18458 4.5654 4.76311 2.65807 -1.69648 -1.63224 -0.898749 -0.635512 1.71675 0.525953 0.755876 2.91975 1.84141 0.791864 -3.49533 -0.792121 -0.113533 -0.463805 -2.50028 -1.70275 -0.470884 0.354975 4.25838 2.84992 2.22782 2.34312 3.7185 2.28243 0.186543 -3.08752 -3.12571 5.17605 3.82212 0.0489509 -0.847447 -12.0561 -1.4182 0.511554 2.73324 -0.747947 -6.01695 -0.315792 -1.22564 1.14143],10,[-1.67783e+10 -1.67783e+10 -1.67783e+10 -1.67783e+10 -1.67783e+10 -1.67783e+10 -1.67784e+10 -1.6778e+10 -1.67785e+10 -1.67821e+10],[0 0 0 0 0 0 0 0 0 -2],[-3.42793e+06 408.81;-3.42724e+06 151.57;-3.42763e+06 454.247;-3.43292e+06 5757.01;-3.43e+06 1905.82;-3.42738e+06 261.598;-3.43256e+06 2076.28;-3.41986e+06 1303.37;-3.44584e+06 9756.97;-4.0004e+06 446220],0.639910486,0.639414524,1.077735818,-0.241639682,0,10,-16782100000,,[0 0.768998 0.333944 6.13326 0 0.154791 1.68734 0.479173 0.991486 1.15299 2.83441 0.494745 0 2.19378 1.30142 0.977357 1.00056 0.335073 0.542981 0 0.703483 1.51364 1.75495 2.2728 0.769571 1.34412 1.08057 2.19669 0 0 2.04232 1.92666 -1.67937 2.54109 2.46801 0 0.125074 10.0929 1.72996 -0.191165 -0.785453 23.9219 1.39022 0.534312 -0.637962 0.66382 0.1234 4.95729 6.853 6.27779 5.50727 19.8409 -1.08229 1.25953 0.268358 -0.496201 -0.317635 -0.176432 3.01105 5.0024 -0.924739 7.04993 3.46734 3.10801 10.8814 1.167 0.439784 1.22976 0.386657 -0.697417 -1.01358 -1.26001 6.13288 3.2605 25.3636 6.74278 3.249 0 1.42932 1.19646 1.89345 2.44356 4.58173 7.42116 1.93374 0.755905 0 1.18233 9.27096 17.5215 0 0.212037 -2.42343 -1.51978 -0.222047 10.0158 -0.52899 -0.530997 -1.57963 -1.41634 1.38412 2.81255 0.298189 0.476468 -1.41944 -1.57645 -1.28604 -0.496759 4.78829 3.56825 -1.21226 0.507588 -2.18022 1.18458 4.5654 4.76311 2.65807 -1.69648 -1.63224 -0.898749 -0.635512 1.71675 0.525953 0.755876 2.91975 1.84141 0.791864 -3.49533 -0.792121 -0.113533 -0.463805 -2.50028 -1.70275 -0.470884 0.354975 4.25838 2.84992 2.22782 2.34312 3.7185 2.28243 0.186543 -3.08752 -3.12571 5.17605 3.82212 0.0489509 -0.847447 -12.0561 0 -1.4182 0.511554 2.73324 -0.747947 -6.01695 0 -0.315792 -1.22564 1.14143]
190,8,12920192227,12920296444,325801603.2,104874944.9,14179346666,14179340347,351138062.3,121506615.9,-14179346666,[0.0169536 -5.97482 -4.82143 -5.07376 7.75602 0.00528182 -5.77504 -3.70284 1.31506 -2.82403 -1.31458 -0.258449 1.25465 2.12668 1.17233 -0.795231 1.69173 1.61605 1.56988 1.05099 -5.02612 7.08473 0.0976503 1.94734 1.16585 -6.71016 0.210125 5.46472 5.87282 8.25616 -8.64302 -12.6911 -9.77809 -8.32704 -10.3278 -4.79702 0.12421 3.26122 0.610335 -0.0509031 -1.1069 -1.68062 -9.4075 -6.3333 -5.67254 -14.2851 0.619975 10.1688 29.3804 20.587 -7.03204 -7.02858 5.22299 4.40514 12.0554 15.9055 9.81712 8.1228 19.5319 8.50905 6.36028 29.9754 -7.75733 -10.5587 -10.8659 -3.93884 1.34357 13.9104 9.80782 8.68287 10.7109 -7.1979 -30 -18.7291 -10.3317 3.18017 3.58924 7.33374 23.8764 23.5043 19.4495 24.6218 29.9767 18.3977 14.1105 19.3969 22.0859 22.5545 15.9089 -29.9692 29.9759 26.7976 17.3347 28.823 16.4875 25.098 20.0459 24.7201 22.0626 23.0736 17.7337 29.9997 1.90151 18.9654 15.8569 17.0918 18.9294 3.58896 17.4786 23.3168 17.0007 22.9675 29.9995 29.938 21.4391 15.5535 15.1724 27.3365 16.1252 23.7697 22.5135 15.9163 17.578 18.9661 -29.9951 29.977 29.9903 18.7626 22.6651 13.3689 10.3692 2.74877 0.459583 29.9746 -1.98814 29.9838 30 29.9995 19.6208 -1.41913 29.9564 29.9983 29.9996 19.9679],10,[-1.41244e+10 -1.41571e+10 -1.41781e+10 -1.41633e+10 -1.40835e+10 -1.41495e+10 -1.41793e+10 -1.41586e+10 -1.40593e+10 -1.41437e+10],[0 0 0 0 2 0 0 0 2 0],[-2.45376e+07 -1.55977e+07;-2.46535e+07 -1.65743e+07;-2.57127e+07 -1.62148e+07;-2.49033e+07 -1.653e+07;-2.38839e+07 -1.4889e+07;-2.53405e+07 -1.56337e+07;-2.53365e+07 -1.66317e+07;-2.4695e+07 -1.65802e+07;-2.45423e+07 -1.34254e+07;-2.49343e+07 -1.58441e+07],9.745632391,9.744698263,7.776652672,15.85857427,1,7,-14179300000,,[0 0 0 0.0169536 0 0 0 0 -5.97482 -4.82143 -5.07376 7.75602 0 0 0 0.00528182 -5.77504 -3.70284 1.31506 0 0 0 0 -2.82403 -1.31458 -0.258449 1.25465 2.12668 0 1.17233 -0.795231 1.69173 1.61605 1.56988 1.05099 -5.02612 7.08473 0.0976503 1.94734 1.16585 -6.71016 0.210125 5.46472 5.87282 8.25616 -8.64302 -12.6911 -9.77809 -8.32704 -10.3278 -4.79702 0.12421 3.26122 0.610335 -0.0509031 -1.1069 -1.68062 -9.4075 -6.3333 -5.67254 -14.2851 0.619975 10.1688 29.3804 20.587 -7.03204 -7.02858 5.22299 4.40514 12.0554 15.9055 9.81712 8.1228 19.5319 8.50905 6.36028 29.9754 -7.75733 -10.5587 -10.8659 -3.93884 1.34357 13.9104 9.80782 8.68287 10.7109 -7.1979 -30 -18.7291 -10.3317 3.18017 3.58924 7.33374 23.8764 23.5043 19.4495 24.6218 29.9767 18.3977 14.1105 19.3969 22.0859 22.5545 15.9089 -29.9692 29.9759 26.7976 17.3347 28.823 16.4875 25.098 20.0459 24.7201 22.0626 23.0736 17.7337 29.9997 1.90151 18.9654 15.8569 17.0918 18.9294 3.58896 17.4786 23.3168 17.0007 22.9675 29.9995 29.938 21.4391 15.5535 15.1724 27.3365 16.1252 23.7697 22.5135 15.9163 17.578 18.9661 -29.9951 29.977 29.9903 18.7626 22.6651 13.3689 10.3692 2.74877 0.459583 29.9746 -1.98814 29.9838 30 29.9995 19.6208 -1.41913 29.9564 29.9983 29.9996 19.9679]
225,8,15258336390,15258424824,361315061.2,147299099.6,15484460101,15484460064,368855898.7,147292770.1,-15484460101,[-0.0082196 -8.60274 -1.74275 -1.09006 8.12779 -0.0482235 -1.6372 4.98572 8.60503 6.95462 7.04427 0.025418 -5.2486 -5.29075 -6.45128 -5.59484 -4.97893 -2.68985 -0.855319 -5.99114 -7.68764 -6.42817 -12.4975 -11.6358 -9.61904 1.1084 0.658214 -7.41818 0.0637108 1.67865 10.5884 10.8482 11.4725 7.38704 4.71999 1.89464 0.0092081 -13.2127 -6.10882 -7.55206 -6.71169 -1.17632 -2.92096 11.2811 11.3224 5.95565 1.16931 -1.44098 -5.20171 8.07398 9.56224 12.9449 10.0733 7.5574 6.67168 7.09064 4.74598 5.18948 5.02046 8.85049 8.24475 -10.4965 -9.67237 -7.13968 -8.87655 -4.57809 0.320692 6.63916 9.503 13.3208 7.65921 8.41263 18.3828 30 -18.3522 -3.20149 0.0257149 -0.00848578 0.00128322 0.301101 0.357048 1.62817 2.30434 -3.96848 -1.4242 -1.04034 -1.97365 -0.686054 -1.51253 4.17615 -1.40617 -0.836653 -1.35238 -4.33763 1.54269 -3.73721 3.52948 0.261627 -2.24222 -1.74107 -1.5918 -0.924632 0.477415 -0.708736 6.69141 -1.42379 -1.78241 -6.96785 -0.872738 -1.36076 0.243859 -1.10149 5.17341 -1.36871 -2.91198 -2.15134 3.67563 -4.47095 3.11487 -3.8924 -2.64857 2.50201 -5.33631 -2.85704 -0.589214 2.36533 1.4759 -2.50388 -1.37199 0.643888 -1.18415 -0.937415 -0.0683799 2.16495 -3.45776 2.5699],10,[-1.54672e+10 -1.54843e+10 -1.54843e+10 -1.5483e+10 -1.54836e+10 -1.54843e+10 -1.54845e+10 -1.54843e+10 -1.54843e+10 -1.54841e+10],[0 0 0 0 0 0 0 0 0 0],[-6.96144e+06 1781.15;-7.53011e+06 211.054;-7.53031e+06 19.7096;-7.48612e+06 392.748;-7.50788e+06 2969.03;-7.53031e+06 207.047;-7.54084e+06 6329.43;-7.53028e+06 21.872;-7.53044e+06 81.9332;-7.5251e+06 1548.47],1.481968316,1.481379913,2.087053172,-0.004296994,0,7,-15484500000,,[0 0 0 0 0 -0.0082196 -8.60274 -1.74275 -1.09006 8.12779 0 0 0 -0.0482235 -1.6372 4.98572 8.60503 6.95462 7.04427 0 0.025418 -5.2486 -5.29075 -6.45128 -5.59484 -4.97893 -2.68985 -0.855319 0 -5.99114 -7.68764 -6.42817 -12.4975 -11.6358 -9.61904 1.1084 0.658214 0 -7.41818 0.0637108 0 0 1.67865 10.5884 10.8482 11.4725 7.38704 4.71999 1.89464 0.0092081 0 0 0 -13.2127 -6.10882 -7.55206 -6.71169 -1.17632 -2.92096 11.2811 11.3224 5.95565 1.16931 -1.44098 -5.20171 8.07398 9.56224 12.9449 10.0733 7.5574 6.67168 7.09064 4.74598 5.18948 5.02046 8.85049 8.24475 -10.4965 -9.67237 -7.13968 -8.87655 -4.57809 0.320692 6.63916 9.503 13.3208 7.65921 8.41263 18.3828 30 -18.3522 -3.20149 0 0 0 0 0 0 0.0257149 0 -0.00848578 0.00128322 0.301101 0.357048 1.62817 2.30434 -3.96848 -1.4242 -1.04034 -1.97365 -0.686054 -1.51253 4.17615 -1.40617 -0.836653 -1.35238 -4.33763 1.54269 -3.73721 3.52948 0.261627 -2.24222 -1.74107 -1.5918 -0.924632 0.477415 -0.708736 6.69141 -1.42379 -1.78241 -6.96785 -0.872738 -1.36076 0.243859 -1.10149 5.17341 -1.36871 -2.91198 -2.15134 3.67563 -4.47095 3.11487 -3.8924 -2.64857 2.50201 -5.33631 -2.85704 -0.589214 2.36533 1.4759 -2.50388 -1.37199 0.643888 -1.18415 -0.937415 -0.0683799 2.16495 -3.45776 2.5699]
280,8,16710452998,16710541013,429549168.2,127468865.6,17035052258,17035048906,438682795.4,129152168.1,-17035052258,[-18.2882 -8.74071 -8.71683 -7.88567 -7.35145 -2.43155 -2.20046 -2.34251 -3.72536 -6.61497 -5.44505 -4.63602 -5.66746 -4.6876 -4.50737 -1.98798 -10.0953 -8.61 -9.37451 -13.0134 -9.51995 -9.02714 -8.22135 -7.69446 -7.62101 2.99376 -7.82629 -9.16526 -9.01086 -9.14913 -9.2634 -8.27347 -4.04258 -2.82482 -2.65931 -5.79024 0.00136254 -7.32432 -8.30514 -2.98327 -2.66693 -2.68932 -2.67972 -2.66472 -4.02399 -0.0294518 -7.88986 -7.60511 -7.19336 -4.08999 -6.846 -4.35413 -12.6654 0.933613 -0.510554 -1.98168 -1.78754 4.43032 -5.73912 -5.90462 -5.80696 -6.00605 -5.80966 -5.33791 -4.39284 -3.92258 -5.17299 -6.20301 -3.72661 1.92837 -7.80798 -9.45477 -8.7532 -7.73276 -8.07287 -8.9201 -7.16553 -14.934 -6.4206 -7.9169 -9.44425 -9.66281 0.932689 -2.3069 -0.929147 -0.578458 -0.85691 -4.22536 7.06779 4.523 5.56543 5.92158 8.1712 11.6388 -0.0779874 6.53452 -1.87478 -0.988371 -9.55696 5.03201 1.9382 0.517646 0.59698 0.404305 -10.0629 2.01646 5.48796 4.66157 -5.34682 -11.5132 -0.66169 -1.8927 -2.9827 0.408001 4.26321 14.1354 -19.0765 -0.394014 13.9402 -1.78427 3.93932 -0.837106 6.13614 -3.68978 -0.718267 7.30715 -3.64704 0.0987066 -5.57158 7.8251 -0.0422935],10,[-1.70346e+10 -1.7035e+10 -1.70346e+10 -1.7035e+10 -1.70351e+10 -1.70347e+10 -1.70349e+10 -1.70345e+10 -1.7035e+10 -1.70341e+10],[0 0 0 0 0 0 0 0 0 0],[-9.12799e+06 -1.67234e+06;-9.12638e+06 -1.68965e+06;-9.13626e+06 -1.66554e+06;-9.13122e+06 -1.68233e+06;-9.13363e+06 -1.6833e+06;-9.13337e+06 -1.67245e+06;-9.13033e+06 -1.68115e+06;-9.13202e+06 -1.66797e+06;-9.13294e+06 -1.6831e+06;-9.11814e+06 -1.66603e+06],1.942492286,1.94193529,2.126328694,1.320559763,1,5,-17035100000,,[-18.2882 -8.74071 0 0 -8.71683 -7.88567 -7.35145 -2.43155 -2.20046 -2.34251 -3.72536 0 -6.61497 -5.44505 -4.63602 -5.66746 -4.6876 -4.50737 -1.98798 -10.0953 -8.61 -9.37451 -13.0134 -9.51995 -9.02714 -8.22135 -7.69446 -7.62101 2.99376 -7.82629 -9.16526 -9.01086 -9.14913 -9.2634 -8.27347 -4.04258 -2.82482 0 -2.65931 -5.79024 0.00136254 0 -7.32432 -8.30514 -2.98327 -2.66693 -2.68932 -2.67972 -2.66472 -4.02399 -0.0294518 0 0 -7.88986 -7.60511 -7.19336 -4.08999 -6.846 -4.35413 -12.6654 0.933613 -0.510554 -1.98168 -1.78754 4.43032 -5.73912 -5.90462 -5.80696 -6.00605 -5.80966 -5.33791 -4.39284 -3.92258 -5.17299 -6.20301 -3.72661 1.92837 -7.80798 -9.45477 -8.7532 -7.73276 -8.07287 -8.9201 -7.16553 -14.934 -6.4206 -7.9169 -9.44425 -9.66281 0.932689 -2.3069 -0.929147 0 0 0 0 0 0 0 0 0 0 0 0 -0.578458 -0.85691 -4.22536 7.06779 4.523 5.56543 5.92158 8.1712 11.6388 -0.0779874 0 0 6.53452 -1.87478 -0.988371 -9.55696 5.03201 1.9382 0.517646 0.59698 0.404305 0 0 -10.0629 2.01646 5.48796 4.66157 -5.34682 -11.5132 -0.66169 -1.8927 -2.9827 0.408001 0 0 4.26321 14.1354 -19.0765 -0.394014 13.9402 -1.78427 3.93932 -0.837106 0 6.13614 -3.68978 -0.718267 7.30715 -3.64704 0.0987066 -5.57158 7.8251 -0.0422935 0 0]
325,8,18223775844,18223856474,475174167.1,132287715.3,18280728975,18280728561,476031462.6,133326156,-18280728975,[0.0365535 10.3072 -8.29794 -1.38263 -2.3527 -2.56602 -1.00834 -0.074746 0.138818 7.33167 -13.3224 -1.51048 -0.940012 -0.787799 -0.660352 -0.744906 -1.62236 -2.77015 -1.72998 -1.20433 -0.631157 -0.728511 -0.918899 -0.702846 -0.466993 -0.551455 -0.973509 -2.53695 -0.855288 -0.560394 -0.857092 -1.62753 -0.969798 -0.555747 -1.98832 -2.07019 -0.00233455 0.00147136 3.76863 -1.61319 -2.26512 -1.78003 -0.732578 -1.31224 -1.40132 3.00407 -5.19364 0.201032 -1.35264 -2.38496 -2.45876 -0.587585 0.805681 0.845001 -1.67579 -2.08909 -0.0876541 -0.569284 0.329674 0.47555 -2.11509 -2.24092 -1.88812 -0.448602 0.372953 0.800425 0.700529 -3.23938 0.441823 2.81891 0.0349375 0.758719 -0.0203517 -0.0440041 -0.122626 0.0945442 0.771844 0.757171 -1.9518 -1.4611 -1.65504 1.05605 0.0322123 0.450991 7.14479 -7.9713 -0.270651 0.00386112 -0.00602454 0.0111069 -0.0193428 -0.0157112 0.0738677 -0.320258 -0.0510147 -0.00058891 -0.0213951 0.0133926 1.94743 1.25076 2.84859 1.2916 -0.158023 -0.0143607 -0.0771637 -0.232861 -0.067698 -0.125487 -0.0732162 9.66256 1.87198 1.79853 0.290449 -0.090487 -0.143411 -0.0618299 -0.202947 -0.0676566 1.97403 3.46356 2.46898 0.554041 -0.00596478 -0.0373845 -0.0370717 -0.0268135 -0.0123899 -0.021432 -0.0829958 1.60435 11.0084 3.13776 0.989927 0.139274 0.00626296 7.36194 -0.00856444 -1.28876 1.04433 0.374454 -14.7916 0.00100627 -0.0283117 -0.0233059 -0.00494767],10,[-1.82806e+10 -1.82807e+10 -1.82807e+10 -1.82806e+10 -1.82804e+10 -1.82807e+10 -1.82805e+10 -1.82807e+10 -1.82807e+10 -1.82807e+10],[0 0 0 0 0 0 0 0 0 0],[-833303 -1.0587e+06;-859454 -1.03617e+06;-857296 -1.03844e+06;-853983 -1.03885e+06;-851670 -1.0331e+06;-853609 -1.04068e+06;-852698 -1.03537e+06;-858985 -1.03635e+06;-839092 -1.0547e+06;-858079 -1.03725e+06],0.312521024,0.312074924,0.180417112,0.784986493,1,2,-18280700000,,[0.0365535 10.3072 -8.29794 0 -1.38263 -2.3527 -2.56602 -1.00834 -0.074746 0.138818 7.33167 -13.3224 -1.51048 -0.940012 -0.787799 -0.660352 -0.744906 -1.62236 -2.77015 -1.72998 -1.20433 -0.631157 -0.728511 -0.918899 -0.702846 -0.466993 -0.551455 -0.973509 -2.53695 -0.855288 -0.560394 -0.857092 -1.62753 -0.969798 -0.555747 -1.98832 -2.07019 0 -0.00233455 0.00147136 3.76863 0 -1.61319 -2.26512 -1.78003 -0.732578 -1.31224 -1.40132 3.00407 -5.19364 0.201032 0 0 -1.35264 -2.38496 -2.45876 -0.587585 0.805681 0.845001 -1.67579 -2.08909 -0.0876541 -0.569284 0.329674 0.47555 -2.11509 -2.24092 -1.88812 -0.448602 0.372953 0.800425 0.700529 -3.23938 0.441823 2.81891 0.0349375 0.758719 -0.0203517 -0.0440041 -0.122626 0.0945442 0.771844 0.757171 -1.9518 -1.4611 -1.65504 1.05605 0.0322123 0.450991 7.14479 -7.9713 -0.270651 0.00386112 -0.00602454 0.0111069 -0.0193428 -0.0157112 0.0738677 -0.320258 -0.0510147 -0.00058891 -0.0213951 0.0133926 0 1.94743 1.25076 2.84859 1.2916 -0.158023 -0.0143607 -0.0771637 -0.232861 -0.067698 -0.125487 -0.0732162 0 9.66256 1.87198 1.79853 0.290449 -0.090487 0 -0.143411 -0.0618299 -0.202947 -0.0676566 0 1.97403 3.46356 2.46898 0.554041 -0.00596478 -0.0373845 -0.0370717 -0.0268135 -0.0123899 -0.021432 -0.0829958 0 1.60435 11.0084 3.13776 0.989927 0.139274 0.00626296 0 0 0 7.36194 -0.00856444 -1.28876 1.04433 0.374454 -14.7916 0.00100627 -0.0283117 -0.0233059 -0.00494767 0]
30,9,22819345745,22819441107,559929892.9,200718144,23123028368,23123027922,567066018.3,203701579.2,-23123028368,[-10.6485 -7.77628 -7.676 11.295 -7.29581 1.98404 6.94461 13.6166 3.90827 -0.471113 -3.22367 -3.7642 -5.64138 -5.82345 -3.75517 -4.15652 0.923974 4.86578 8.83656 -2.70133 -2.46407 -4.30989 -5.29736 -5.72377 -5.10516 -6.40559 -7.18578 -7.72259 0.00801001 -4.24725 0.652263 7.76729 9.08304 9.96167 -9.97172 -5.36032 -5.5009 -3.98673 -3.34671 -9.3553 -12.0432 -21.5935 -30 19.746 16.429 10.6212 3.84489 1.30764 -2.5027 0.0102217 9.99565 11.0742 9.30325 5.83741 9.21311 0.759995 4.71303 4.93149 6.4507 -0.897511 -0.760654 0.72955 -0.00496996 -13.6671 -8.71304 -7.76529 -4.21262 1.2338 3.04494 8.41694 7.08102 0.352488 0.303318 4.6728 0.00535802 -3.39766 3.39572 0.776999 -4.59705 3.90051 0.462172 -0.5336 18.4168 9.66242 -0.516725 3.68703 -1.11009 -0.851471 1.13409 0.955237 0.23618 11.8556 -2.70927 0.473171 0.880169 0.0256266 0.0207796 -0.324438 8.07668 -0.559614 -0.341884 -1.46668 -1.57766 -0.506211 -0.000792866 0.0376946 0.0172761 0.00915667 30 -0.795728 0.192773 -0.738965 -1.93441 -2.08355 0.000171293 -0.00390622 -0.013792 0.0317596 -1.59496 -0.54129 -0.541834 -0.220034 0.656358 -1.80893 -0.783895 0.0406007 0.00830788 0.0289771 -0.00489804 -0.262784 -1.78268 1.94054 0.910596 -0.622642 -2.12516 -0.776603 0.0121055 4.11032 0.959825 0.170655 0.207929 0.208037 0.0411519 0.0350216 0.0468087],10,[-2.3123e+10 -2.31229e+10 -2.3123e+10 -2.3123e+10 -2.31189e+10 -2.31189e+10 -2.31229e+10 -2.3123e+10 -2.31229e+10 -2.3123e+10],[0 0 0 0 0 0 0 0 0 0],[-7.13596e+06 -2.98308e+06;-7.13657e+06 -2.98008e+06;-7.13514e+06 -2.98324e+06;-7.13613e+06 -2.98344e+06;-6.94105e+06 -3.04245e+06;-6.93618e+06 -3.0463e+06;-7.13991e+06 -2.97668e+06;-7.13928e+06 -2.97921e+06;-7.12905e+06 -2.98509e+06;-7.13556e+06 -2.98202e+06],1.330812137,1.330386724,1.274467649,1.486380403,1,1,-23123000000,,[-10.6485 -7.77628 -7.676 11.295 -7.29581 1.98404 6.94461 13.6166 3.90827 -0.471113 -3.22367 -3.7642 -5.64138 -5.82345 -3.75517 -4.15652 0.923974 4.86578 8.83656 -2.70133 -2.46407 -4.30989 -5.29736 -5.72377 -5.10516 -6.40559 -7.18578 -7.72259 0 0 0.00801001 -4.24725 0.652263 7.76729 9.08304 0 9.96167 -9.97172 -5.36032 -5.5009 -3.98673 -3.34671 -9.3553 -12.0432 -21.5935 -30 19.746 16.429 10.6212 3.84489 1.30764 -2.5027 0.0102217 9.99565 11.0742 9.30325 5.83741 9.21311 0.759995 4.71303 4.93149 6.4507 -0.897511 -0.760654 0.72955 -0.00496996 -13.6671 -8.71304 -7.76529 -4.21262 1.2338 3.04494 8.41694 7.08102 0.352488 0.303318 4.6728 0 0.00535802 -3.39766 3.39572 0.776999 -4.59705 3.90051 0.462172 -0.5336 0 18.4168 9.66242 -0.516725 0 3.68703 -1.11009 -0.851471 1.13409 0.955237 0.23618 11.8556 -2.70927 0.473171 0.880169 0.0256266 0.0207796 0 -0.324438 8.07668 -0.559614 -0.341884 -1.46668 -1.57766 -0.506211 -0.000792866 0.0376946 0.0172761 0.00915667 0 30 -0.795728 0.192773 -0.738965 -1.93441 -2.08355 0.000171293 -0.00390622 -0.013792 0.0317596 0 -1.59496 -0.54129 -0.541834 -0.220034 0.656358 -1.80893 -0.783895 0.0406007 0.00830788 0.0289771 -0.00489804 0 -0.262784 -1.78268 1.94054 0.910596 -0.622642 -2.12516 -0.776603 0.0121055 0 4.11032 0.959825 0.170655 0.207929 0.208037 0 0 0.0411519 0.0350216 0.0468087 0]
45,9,22715156464,22715251460,559047033,198128015.7,23094842999,23094843296,569344392.5,200483717.4,-23094842999,[-7.41476 -8.72101 -8.39194 -10.3035 -6.66078 -7.96604 -8.13718 -1.62583 6.56574 12.2163 4.26906 1.9683 -1.84998 -1.52149 -0.228669 3.24785 9.19739 16.8065 19.9361 1.04833 -0.759264 -0.887586 0.333329 -0.899428 -1.20054 -1.50839 -3.6592 -4.89047 0.0194812 -7.08321 -8.222 -3.94715 -9.95752 1.75194 -8.81916 -8.68373 -9.48574 -8.77808 -6.23657 -15.4321 -16.0791 -13.1857 -12.7756 -4.95399 9.34663 7.79079 4.67376 3.08421 0.146296 -5.001 8.99468 12.9781 11.5062 13.5143 11.1308 15.486 18.3995 19.0665 10.4512 0.282736 3.35764 0.121609 -4.72972 -0.859832 3.42384 9.6516 16.5767 18.1532 17.1187 15.8482 0.0476659 -0.970796 -0.00942379 -5.75631 -5.18263 -10.1928 -11.6673 6.70071 0.0723368 0.00110276 -2.19613 -2.77533 -7.99817 1.33513 1.5456 1.30425 -0.644321 -1.00808 -3.60908 -1.37882 -1.52574 -0.582139 -2.79969 -0.136546 -0.00735445 -21.49 2.58481 -2.14662 2.51722 -9.25262 -3.86503 -0.229492 -0.858379 -3.21906 -0.300503 -0.0129907 2.32187 1.47117 -0.472278 -2.47592 -0.167513 -0.150966 -1.68092 -2.85677 -0.351303 0.0105448 -3.14892 -0.716793 -0.0732246 -1.45856 1.75517 -5.22565 -0.521549 3.21489 -5.11942 -0.234799 0.0121792 -0.77958 -0.456921 -3.17738 1.22598 -1.70676 3.1699 0.0491623 -2.57885 1.8273 -5.02229e-05 -0.0047679 -0.0116125 0.000169199 -0.000269936 -0.013744 -0.00755],10,[-2.30948e+10 -2.30937e+10 -2.30937e+10 -2.30937e+10 -2.30948e+10 -2.30948e+10 -2.30935e+10 -2.30937e+10 -2.30948e+10 -2.30937e+10],[0 0 0 0 0 0 0 0 0 0],[-1.02969e+07 -2.3558e+06;-1.02979e+07 -2.31742e+06;-1.02995e+07 -2.3167e+06;-1.02925e+07 -2.32404e+06;-1.02974e+07 -2.3557e+06;-1.03018e+07 -2.35098e+06;-1.0269e+07 -2.34038e+06;-1.02885e+07 -2.32752e+06;-1.03016e+07 -2.35089e+06;-1.0289e+07 -2.32722e+06],1.671511863,1.671087976,1.84194869,1.188979605,1,1,-23094800000,,[-7.41476 -8.72101 -8.39194 -10.3035 -6.66078 -7.96604 -8.13718 -1.62583 6.56574 12.2163 4.26906 1.9683 -1.84998 -1.52149 -0.228669 3.24785 9.19739 16.8065 19.9361 1.04833 -0.759264 -0.887586 0.333329 -0.899428 -1.20054 -1.50839 -3.6592 -4.89047 0 0 0 0.0194812 -7.08321 -8.222 -3.94715 0 -9.95752 1.75194 -8.81916 -8.68373 -9.48574 -8.77808 -6.23657 -15.4321 -16.0791 -13.1857 -12.7756 -4.95399 9.34663 7.79079 4.67376 3.08421 0.146296 -5.001 8.99468 12.9781 11.5062 13.5143 11.1308 15.486 18.3995 19.0665 10.4512 0.282736 3.35764 0 0.121609 -4.72972 -0.859832 3.42384 9.6516 16.5767 18.1532 17.1187 15.8482 0.0476659 -0.970796 0 0 -0.00942379 -5.75631 -5.18263 -10.1928 -11.6673 6.70071 0.0723368 0 0.00110276 -2.19613 -2.77533 0 -7.99817 1.33513 1.5456 1.30425 -0.644321 -1.00808 -3.60908 -1.37882 -1.52574 -0.582139 -2.79969 -0.136546 -0.00735445 -21.49 2.58481 -2.14662 2.51722 -9.25262 -3.86503 -0.229492 -0.858379 -3.21906 -0.300503 -0.0129907 0 2.32187 1.47117 -0.472278 -2.47592 -0.167513 -0.150966 -1.68092 -2.85677 -0.351303 0.0105448 0 -3.14892 -0.716793 -0.0732246 -1.45856 1.75517 -5.22565 -0.521549 3.21489 -5.11942 -0.234799 0.0121792 0 -0.77958 -0.456921 -3.17738 1.22598 -1.70676 3.1699 0.0491623 -2.57885 0 1.8273 -5.02229e-05 -0.0047679 -0.0116125 0.000169199 0 0 -0.000269936 -0.013744 -0.00755 0]
100,9,25182966628,25183055529,628105161.7,211330022.6,25324035906,25324036087,632804769.8,211329766.5,-25324035906,[-0.196411 -0.0581076 2.3334 -0.0145127 0.0350529 0.62766 1.52166 1.30922 0.829703 0.783878 -0.00609675 0.0382609 0.637138 2.33647 2.27975 0.997662 -0.00369017 2.29917 -1.3875 -1.32663 -0.0965713 0.0176865 0.491786 1.20553 0.902911 0.00577341 0.00470359 0.149297 1.64964 0.41993 0.804613 1.09482 1.41243 0.963587 0.477481 0.359812 0.294887 0.285356 0.368947 0.578874 0.783809 1.07944 1.13237 0.75484 -0.000804754 0.0177075 0.697762 1.48245 1.5686 0.726745 0.408919 0.447834 0.444982 0.325219 0.463865 1.32106 0.000789448 0.00081151 -0.00147075 -0.00559998 0.107137 1.00357 2.33665 1.28367 0.726097 2.04986 0.00469086 0.00241729 0.0143508 0.327465 0.00287224 0.0027655 0.10501 -14.8346 1.4656 4.35913 -3.42193 -1.47913 -8.29786 -3.28874 -2.69962 -2.91436 -5.10776 -5.38453 -3.52757 -23.0284 2.30539 -13.3213 16.1452 18.472 6.8693 -3.35872 -5.66863 -13.7797 5.34993 -8.32195 -8.92546 2.80897 -2.11219 7.54873 8.00144 5.73767 11.9161 -4.56612 -0.879956 -4.85572 -1.32477 0.980453 0.940824 -12.393 20.7975 -8.75045 -3.96219 -4.36766 -6.73416 10.2433 2.61284 -4.49342 2.52582 -8.55796 7.8149 -1.8628 -10.2435 3.63901 0.689729 -6.14304 -0.58678 -3.26426 -1.07885],10,[-2.5324e+10 -2.5324e+10 -2.5324e+10 -2.5324e+10 -2.5324e+10 -2.5324e+10 -2.5324e+10 -2.5324e+10 -2.5324e+10 -2.5324e+10],[0 0 0 0 0 0 0 0 0 0],[-4.69922e+06 16.8619;-4.6992e+06 2.86992;-4.6992e+06 1.73157;-4.69917e+06 37.6751;-4.69941e+06 124.814;-4.69925e+06 33.7911;-4.69934e+06 90.6702;-4.6992e+06 3.62412;-4.69961e+06 256.154;-4.6992e+06 1.56309],0.560177359,0.559823083,0.748219943,-0.00012121,0,1,-25324000000,,[0 -0.196411 -0.0581076 2.3334 0 -0.0145127 0.0350529 0.62766 1.52166 1.30922 0.829703 0.783878 0 -0.00609675 0.0382609 0.637138 2.33647 2.27975 0.997662 -0.00369017 2.29917 -1.3875 -1.32663 -0.0965713 0.0176865 0.491786 1.20553 0.902911 0 0 0 0.00577341 0 0 0.00470359 0 0.149297 1.64964 0.41993 0.804613 1.09482 1.41243 0.963587 0.477481 0.359812 0.294887 0.285356 0.368947 0.578874 0.783809 1.07944 1.13237 0.75484 -0.000804754 0.0177075 0.697762 1.48245 1.5686 0.726745 0.408919 0.447834 0.444982 0.325219 0.463865 1.32106 0.000789448 0.00081151 0 0 -0.00147075 -0.00559998 0.107137 1.00357 2.33665 1.28367 0.726097 2.04986 0 0.00469086 0 0 0.00241729 0 0 0.0143508 0.327465 0 0 0.00287224 0.0027655 0 0.10501 -14.8346 1.4656 4.35913 -3.42193 -1.47913 -8.29786 -3.28874 -2.69962 -2.91436 -5.10776 -5.38453 -3.52757 -23.0284 2.30539 -13.3213 16.1452 18.472 6.8693 -3.35872 -5.66863 -13.7797 5.34993 -8.32195 -8.92546 2.80897 -2.11219 7.54873 8.00144 5.73767 11.9161 -4.56612 -0.879956 -4.85572 -1.32477 0.980453 0.940824 -12.393 20.7975 -8.75045 -3.96219 -4.36766 -6.73416 10.2433 2.61284 -4.49342 2.52582 -8.55796 7.8149 -1.8628 -10.2435 3.63901 0.689729 -6.14304 -0.58678 -3.26426 -1.07885 0 0 0 0 0 0 0 0 0 0 0]
145,9,24178447169,24178536464,539972893,265978322.5,24282219844,24282219586,543438016.1,265969303.4,-24282219844,[0.0544896 0.533433 2.13911 0.375196 1.0591 1.13966 0.723806 0.687772 2.26628 0.636107 1.69248 1.16013 1.08683 1.03288 0.523967 0.478624 0.620157 1.59797 1.86336 1.78232 0.986356 0.867483 0.899539 1.86053 1.72855 1.60291 -1.46822 2.18601 2.3462 0.0986427 7.23184 1.18131 0.476435 -0.821422 18.6925 1.74906 0.316403 -0.191942 0.539008 0.616686 3.89822 5.93245 5.05787 4.68396 16.691 -3.60612 0.965628 0.232046 -0.3893 -0.250752 0.135066 2.77277 3.69593 0.739335 5.82283 3.1051 2.8543 3.17114 0.875822 0.433259 0.745009 0.142752 -0.454159 -0.802502 -0.412897 2.97999 5.32404 15.0232 2.73232 3.43067 0.863336 0.977558 1.92406 2.25472 4.93415 2.96358 2.28016 -0.483086 1.72419 7.52361 12.0097 0.101085 -0.942471 -0.645338 0.146245 2.98766 -0.302306 -0.664259 -0.457423 -0.347341 1.52957 2.09433 0.40872 0.195739 -1.22229 -1.07072 -0.721984 -0.0985742 1.72825 1.02363 0.474632 1.14921 -1.53208 0.910656 4.09486 1.58097 0.342841 -0.976975 -0.809307 -0.282384 -0.1905 0.704798 0.361719 1.1474 2.72192 0.673994 0.098542 -4.87706 -0.945855 -0.213408 -0.189277 -0.084975 -0.61863 -0.41921 1.0189 3.1614 1.49958 1.06604 1.90968 2.2419 1.66612 0.240478 -1.04353 -1.01551 1.58625 3.49467 0.882823 0.53917 -3.93103 0.0124664 0.0570482 -0.0383823 -0.411949 -2.70292 -0.0918331 0.0527835 -0.0434836],10,[-2.42822e+10 -2.42821e+10 -2.4282e+10 -2.4282e+10 -2.42821e+10 -2.42822e+10 -2.4282e+10 -2.4282e+10 -2.4282e+10 -2.42821e+10],[0 0 0 0 0 0 0 0 0 0],[-3.45814e+06 4163.23;-3.45169e+06 644.255;-3.45023e+06 419.727;-3.45028e+06 1.43296;-3.45078e+06 -0.0104769;-3.46512e+06 9019.05;-3.4499e+06 629.744;-3.45013e+06 92.8521;-3.44927e+06 56.6967;-3.45059e+06 115.464],0.429194953,0.428822984,0.641721677,-0.003390897,1,1,-24282200000,,[0 0.0544896 0.533433 2.13911 0 0.375196 1.0591 1.13966 0.723806 0.687772 2.26628 0.636107 0 1.69248 1.16013 1.08683 1.03288 0.523967 0.478624 0 0.620157 1.59797 1.86336 1.78232 0.986356 0.867483 0.899539 1.86053 0 0 1.72855 1.60291 -1.46822 2.18601 2.3462 0 0.0986427 7.23184 1.18131 0.476435 -0.821422 18.6925 1.74906 0.316403 -0.191942 0.539008 0.616686 3.89822 5.93245 5.05787 4.68396 16.691 -3.60612 0.965628 0.232046 -0.3893 -0.250752 0.135066 2.77277 3.69593 0.739335 5.82283 3.1051 2.8543 3.17114 0.875822 0.433259 0.745009 0.142752 -0.454159 -0.802502 -0.412897 2.97999 5.32404 15.0232 2.73232 3.43067 0 0.863336 0.977558 1.92406 2.25472 4.93415 2.96358 2.28016 -0.483086 0 1.72419 7.52361 12.0097 0 0.101085 -0.942471 -0.645338 0.146245 2.98766 -0.302306 -0.664259 -0.457423 -0.347341 1.52957 2.09433 0.40872 0.195739 -1.22229 -1.07072 -0.721984 -0.0985742 1.72825 1.02363 0.474632 1.14921 -1.53208 0.910656 4.09486 1.58097 0.342841 -0.976975 -0.809307 -0.282384 -0.1905 0.704798 0.361719 1.1474 2.72192 0.673994 0.098542 -4.87706 -0.945855 -0.213408 -0.189277 -0.084975 -0.61863 -0.41921 1.0189 3.1614 1.49958 1.06604 1.90968 2.2419 1.66612 0.240478 -1.04353 -1.01551 1.58625 3.49467 0.882823 0.53917 -3.93103 0 0.0124664 0.0570482 -0.0383823 -0.411949 -2.70292 0 -0.0918331 0.0527835 -0.0434836]
190,9,18869180110,18869290363,476126517.1,152849828.4,20627299329,20627293415,511792474.8,175783972.4,-20627299329,[-0.0384386 -4.96511 -3.97772 -4.33335 6.67671 0.0416118 -4.62199 -2.78232 0.712495 -2.4097 -1.14136 -0.166231 1.04697 1.82194 0.784834 -0.650216 1.43588 1.33989 1.37975 0.877262 -3.76169 6.06666 0.0883835 1.68848 1.03361 -5.70543 0.124084 4.95886 5.26921 6.83879 -5.1659 -10.7069 -8.51697 -7.19988 -8.63272 -3.96537 0.0786023 2.31143 0.505931 -0.0804539 -0.950785 -1.44309 -8.1957 -5.59647 -4.73317 -11.4815 0.313077 6.82992 26.4588 16.8799 -5.29016 -4.59316 3.49413 3.39569 9.98732 13.1814 7.90744 6.72867 16.5376 7.13995 5.01582 29.9997 -6.10704 -8.56363 -9.6474 -3.63768 1.25834 11.7397 8.4234 6.9853 9.37905 -5.20932 -26.1984 -15.9874 -8.0502 2.39796 3.20315 6.86142 23.7802 23.4902 19.2484 24.4917 30 17.7763 14.2907 19.1831 22.1142 22.221 15.0053 -29.9994 29.9997 26.6824 16.4224 30 14.3671 25.8563 19.7733 25.994 21.5208 22.9054 17.8419 30 -9.23328 23.8067 23.0004 20.222 19.7408 3.59164 17.0165 24.1946 16.0999 23.7566 29.9995 30 21.7185 15.1661 14.1513 28.7653 14.6314 24.8506 21.953 15.0395 17.3851 19.6212 -29.9988 30 29.9993 17.3749 23.7233 12.9174 10.2157 2.03587 0.291652 29.9992 14.7166 30 29.9988 29.9992 18.2111 -2.12534 29.9998 29.9984 30 20.279],10,[-2.06043e+10 -2.06047e+10 -2.0607e+10 -2.06121e+10 -2.05369e+10 -2.06e+10 -2.06273e+10 -2.05559e+10 -2.06227e+10 -2.06223e+10],[0 0 0 0 0 0 0 0 0 0],[-3.47711e+07 -2.30633e+07;-3.53619e+07 -2.24861e+07;-3.41626e+07 -2.37613e+07;-3.48046e+07 -2.32894e+07;-3.39526e+07 -2.16341e+07;-3.52131e+07 -2.2477e+07;-3.5666e+07 -2.29341e+07;-3.54402e+07 -2.07786e+07;-3.47679e+07 -2.36795e+07;-3.49877e+07 -2.34444e+07],9.317411826,9.316741747,7.490857252,15.00436361,1,7,-20627300000,,[0 0 0 -0.0384386 0 0 0 0 -4.96511 -3.97772 -4.33335 6.67671 0 0 0 0.0416118 -4.62199 -2.78232 0.712495 0 0 0 0 -2.4097 -1.14136 -0.166231 1.04697 1.82194 0 0.784834 -0.650216 1.43588 1.33989 1.37975 0.877262 -3.76169 6.06666 0.0883835 1.68848 1.03361 -5.70543 0.124084 4.95886 5.26921 6.83879 -5.1659 -10.7069 -8.51697 -7.19988 -8.63272 -3.96537 0.0786023 2.31143 0.505931 -0.0804539 -0.950785 -1.44309 -8.1957 -5.59647 -4.73317 -11.4815 0.313077 6.82992 26.4588 16.8799 -5.29016 -4.59316 3.49413 3.39569 9.98732 13.1814 7.90744 6.72867 16.5376 7.13995 5.01582 29.9997 -6.10704 -8.56363 -9.6474 -3.63768 1.25834 11.7397 8.4234 6.9853 9.37905 -5.20932 -26.1984 -15.9874 -8.0502 2.39796 3.20315 6.86142 23.7802 23.4902 19.2484 24.4917 30 17.7763 14.2907 19.1831 22.1142 22.221 15.0053 -29.9994 29.9997 26.6824 16.4224 30 14.3671 25.8563 19.7733 25.994 21.5208 22.9054 17.8419 30 -9.23328 23.8067 23.0004 20.222 19.7408 3.59164 17.0165 24.1946 16.0999 23.7566 29.9995 30 21.7185 15.1661 14.1513 28.7653 14.6314 24.8506 21.953 15.0395 17.3851 19.6212 -29.9988 30 29.9993 17.3749 23.7233 12.9174 10.2157 2.03587 0.291652 29.9992 14.7166 30 29.9988 29.9992 18.2111 -2.12534 29.9998 29.9984 30 20.279]
225,9,22419245791,22419341365,533143500.5,214167878.3,22643113250,22643113248,540603927.8,214166513.8,-22643113250,[0.00646193 -6.82454 -1.23492 -0.763105 6.28937 -0.00523905 -1.24696 3.83555 7.07949 6.01228 6.23584 -0.000572355 -4.12348 -4.1869 -5.8102 -5.14134 -4.50903 -2.40814 -0.802022 -4.52422 -5.95356 -4.94817 -10.5007 -9.86768 -7.99867 0.578608 0.621436 -6.78452 0.00881975 1.48055 8.91078 8.39764 6.18469 5.77598 3.61482 1.27862 -0.00312835 -10.723 -4.80433 -5.58585 -5.27682 -0.675511 -2.52199 9.31328 9.89711 5.21059 1.11434 -1.30413 -4.76163 5.73647 7.64757 11.8772 8.52384 6.49924 5.55295 5.9075 3.94234 4.58978 4.5288 7.90178 7.20294 -8.39561 -7.72188 -5.76504 -7.59379 -3.89744 0.454303 5.95161 7.98563 11.7464 5.26136 5.07122 15.4726 26.0632 -16.7047 -2.82058 -0.00050509 -0.000275374 0.000249598 0.0100517 -0.0448413 1.67338 2.30819 -3.88189 -1.40916 -0.889532 -2.03686 -0.638821 -1.32373 4.04457 -1.46229 -1.02896 -0.791332 -4.23878 1.49163 -3.67574 2.02106 0.131809 -2.20842 -1.64559 -1.61324 -1.13341 0.470397 -0.287912 6.13857 -1.5302 -1.66982 -6.6627 -0.821247 -1.42768 0.322869 -1.13861 4.64398 -1.26331 -2.29104 -1.68155 3.65472 -4.38178 3.16496 -3.57995 -2.35886 2.49735 -5.73761 -2.74362 -0.510458 1.86169 1.36825 -2.39352 -0.990215 0.620598 -1.02652 -0.450406 -0.296242 2.1223 -3.66748 2.94432],10,[-2.26431e+10 -2.26431e+10 -2.26431e+10 -2.26431e+10 -2.26431e+10 -2.2643e+10 -2.26431e+10 -2.26431e+10 -2.2643e+10 -2.2643e+10],[0 0 0 0 0 0 0 0 0 0],[-7.45707e+06 45.026;-7.45698e+06 9.38135;-7.45706e+06 42.9129;-7.45709e+06 57.7747;-7.45704e+06 64.6992;-7.45562e+06 506.439;-7.46043e+06 1364.5;-7.45737e+06 272.955;-7.4569e+06 75.8825;-7.45731e+06 2275.54],0.99855036,0.998119789,1.399328182,-0.000637116,0,1,-22643100000,,[0 0 0 0 0 0.00646193 -6.82454 -1.23492 -0.763105 6.28937 0 0 0 -0.00523905 -1.24696 3.83555 7.07949 6.01228 6.23584 0 -0.000572355 -4.12348 -4.1869 -5.8102 -5.14134 -4.50903 -2.40814 -0.802022 0 -4.52422 -5.95356 -4.94817 -10.5007 -9.86768 -7.99867 0.578608 0.621436 0 -6.78452 0.00881975 0 0 1.48055 8.91078 8.39764 6.18469 5.77598 3.61482 1.27862 -0.00312835 0 0 0 -10.723 -4.80433 -5.58585 -5.27682 -0.675511 -2.52199 9.31328 9.89711 5.21059 1.11434 -1.30413 -4.76163 5.73647 7.64757 11.8772 8.52384 6.49924 5.55295 5.9075 3.94234 4.58978 4.5288 7.90178 7.20294 -8.39561 -7.72188 -5.76504 -7.59379 -3.89744 0.454303 5.95161 7.98563 11.7464 5.26136 5.07122 15.4726 26.0632 -16.7047 -2.82058 0 0 0 0 0 0 -0.00050509 0 -0.000275374 0.000249598 0.0100517 -0.0448413 1.67338 2.30819 -3.88189 -1.40916 -0.889532 -2.03686 -0.638821 -1.32373 4.04457 -1.46229 -1.02896 -0.791332 -4.23878 1.49163 -3.67574 2.02106 0.131809 -2.20842 -1.64559 -1.61324 -1.13341 0.470397 -0.287912 6.13857 -1.5302 -1.66982 -6.6627 -0.821247 -1.42768 0.322869 -1.13861 4.64398 -1.26331 -2.29104 -1.68155 3.65472 -4.38178 3.16496 -3.57995 -2.35886 2.49735 -5.73761 -2.74362 -0.510458 1.86169 1.36825 -2.39352 -0.990215 0.620598 -1.02652 -0.450406 -0.296242 2.1223 -3.66748 2.94432]
280,9,24471694020,24471788856,626374520.9,189351774.3,24809101847,24809099442,635478213.4,191491768,-24809101847,[-15.122 -7.8091 -7.36459 -6.74493 -5.95556 -1.87807 -1.62616 -1.89636 -3.12244 -5.23502 -4.33608 -3.69841 -4.62574 -3.87009 -3.85813 -1.70522 -8.34983 -7.6023 -8.12207 -11.4108 -8.18248 -7.6576 -6.94421 -6.70439 -6.72704 2.12865 -6.41221 -7.68835 -7.60277 -7.74957 -7.83112 -6.92822 -3.16531 -2.45344 -2.31402 -5.09367 -0.0138748 -6.46225 -7.40916 -2.593 -2.26899 -2.2611 -2.27224 -2.27978 -3.46885 -0.00686842 -6.55313 -6.27504 -5.88749 -3.46544 -5.88037 -3.97277 -11.2479 0.753687 -0.404817 -1.65978 -1.5532 3.70177 -4.54773 -4.66367 -4.58092 -4.7994 -4.65641 -4.26468 -3.42375 -3.17688 -4.40228 -5.41729 -3.27063 1.71526 -6.46403 -8.0332 -7.37445 -6.47233 -6.87907 -7.54811 -6.09243 -13.6176 -5.40931 -6.54914 -8.06668 -8.14145 0.830006 -1.71787 -0.770645 -0.626608 -0.985216 -4.00536 7.20068 4.50531 5.46206 6.03759 8.00082 11.4564 -0.00671523 5.90283 -1.65712 -1.13019 -9.26704 4.56802 1.85511 0.538198 0.591379 0.0940623 -9.38109 2.08792 5.70358 4.77148 -5.73674 -10.772 -0.540525 -1.5819 -3.00817 0.408216 3.37598 12.8668 -18.7411 -0.242683 12.32 -2.14483 3.59561 -0.64334 4.83643 -2.95874 -0.527062 5.60979 -2.83484 0.136952 -4.52361 7.81605 0.00974714],10,[-2.48088e+10 -2.48066e+10 -2.48091e+10 -2.48085e+10 -2.48091e+10 -2.48083e+10 -2.4809e+10 -2.48086e+10 -2.48087e+10 -2.48083e+10],[0 0 0 0 0 0 0 0 0 0],[-9.10034e+06 -2.13272e+06;-9.09597e+06 -2.0647e+06;-9.10805e+06 -2.13509e+06;-9.1017e+06 -2.12287e+06;-9.10369e+06 -2.13999e+06;-9.10204e+06 -2.11367e+06;-9.10014e+06 -2.13939e+06;-9.11543e+06 -2.11163e+06;-9.11415e+06 -2.11541e+06;-9.10407e+06 -2.11289e+06],1.378767757,1.378365056,1.45339445,1.130168276,1,3,-24809100000,,[-15.122 -7.8091 0 0 -7.36459 -6.74493 -5.95556 -1.87807 -1.62616 -1.89636 -3.12244 0 -5.23502 -4.33608 -3.69841 -4.62574 -3.87009 -3.85813 -1.70522 -8.34983 -7.6023 -8.12207 -11.4108 -8.18248 -7.6576 -6.94421 -6.70439 -6.72704 2.12865 -6.41221 -7.68835 -7.60277 -7.74957 -7.83112 -6.92822 -3.16531 -2.45344 0 -2.31402 -5.09367 -0.0138748 0 -6.46225 -7.40916 -2.593 -2.26899 -2.2611 -2.27224 -2.27978 -3.46885 -0.00686842 0 0 -6.55313 -6.27504 -5.88749 -3.46544 -5.88037 -3.97277 -11.2479 0.753687 -0.404817 -1.65978 -1.5532 3.70177 -4.54773 -4.66367 -4.58092 -4.7994 -4.65641 -4.26468 -3.42375 -3.17688 -4.40228 -5.41729 -3.27063 1.71526 -6.46403 -8.0332 -7.37445 -6.47233 -6.87907 -7.54811 -6.09243 -13.6176 -5.40931 -6.54914 -8.06668 -8.14145 0.830006 -1.71787 -0.770645 0 0 0 0 0 0 0 0 0 0 0 0 -0.626608 -0.985216 -4.00536 7.20068 4.50531 5.46206 6.03759 8.00082 11.4564 -0.00671523 0 0 5.90283 -1.65712 -1.13019 -9.26704 4.56802 1.85511 0.538198 0.591379 0.0940623 0 0 -9.38109 2.08792 5.70358 4.77148 -5.73674 -10.772 -0.540525 -1.5819 -3.00817 0.408216 0 0 3.37598 12.8668 -18.7411 -0.242683 12.32 -2.14483 3.59561 -0.64334 0 4.83643 -2.95874 -0.527062 5.60979 -2.83484 0.136952 -4.52361 7.81605 0.00974714 0 0]
325,9,26488956883,26489045619,682395020.3,200573167,26545982843,26545982574,683196825.2,201669260.6,-26545982843,[0.0160403 8.52737 -6.67008 -0.814323 -1.61129 -1.92796 -0.761261 -0.0521951 0.114104 5.79758 -11.0034 -1.01895 -0.641041 -0.550132 -0.4479 -0.512525 -1.25786 -2.11442 -1.18772 -0.822063 -0.436666 -0.527612 -0.710429 -0.566501 -0.365614 -0.40407 -0.73559 -1.64382 -0.456593 -0.30043 -0.624327 -1.24036 -0.677582 -0.362946 -1.3526 -1.58543 -0.00125832 0.0026528 3.14008 -1.20998 -1.76246 -1.43682 -0.575298 -1.05886 -1.19232 2.66664 -3.40957 0.119604 -1.06007 -1.88061 -2.00108 -0.497008 0.680788 0.710947 -1.29005 -1.72697 -0.026925 -0.436966 0.280253 0.332835 -1.58214 -1.72111 -1.48039 -0.356496 0.32254 0.715291 0.608987 -2.75987 0.464547 2.32204 0.075392 0.5975 -0.0093566 0.0231948 -0.044626 0.119999 0.654275 0.657514 -1.44445 -1.25704 -1.39717 0.964048 0.119967 0.518196 5.84735 -6.27658 -0.227614 -0.0430088 0.00157782 -0.00567315 -0.00964101 -0.0287259 -0.00752022 -0.153462 -0.0134064 -0.02337 -0.0103323 0.00402419 1.20613 1.31432 2.83879 1.2482 -0.187453 -0.0272102 -0.00747612 0.0049271 -0.0806757 -0.145163 -0.0127951 7.53515 1.63882 1.78686 0.274582 -0.0561393 -0.159431 -0.0402169 -0.23694 0.00357744 1.89493 3.11801 2.14815 0.555703 -0.0181372 -0.0261163 -0.0144797 -0.0114997 -0.0231208 -0.033937 -0.0127931 1.25904 6.49999 2.54506 0.964208 0.158793 0.00265356 4.56934 -0.10905 -1.0636 0.909709 0.329619 -13.8155 0.00199336 -0.0132257 -0.0140479 -0.00453916],10,[-2.65459e+10 -2.65458e+10 -2.65459e+10 -2.65459e+10 -2.6546e+10 -2.65459e+10 -2.65456e+10 -2.65459e+10 -2.6546e+10 -2.6546e+10],[0 0 0 0 0 0 0 0 0 0],[-801037 -1.09532e+06;-785427 -1.10787e+06;-804104 -1.09224e+06;-797819 -1.09657e+06;-801805 -1.09609e+06;-801109 -1.09246e+06;-808299 -1.07834e+06;-806636 -1.0893e+06;-802778 -1.09452e+06;-799539 -1.09763e+06],0.215282014,0.214945285,0.117498639,0.546480688,1,5,-26546000000,,[0.0160403 8.52737 -6.67008 0 -0.814323 -1.61129 -1.92796 -0.761261 -0.0521951 0.114104 5.79758 -11.0034 -1.01895 -0.641041 -0.550132 -0.4479 -0.512525 -1.25786 -2.11442 -1.18772 -0.822063 -0.436666 -0.527612 -0.710429 -0.566501 -0.365614 -0.40407 -0.73559 -1.64382 -0.456593 -0.30043 -0.624327 -1.24036 -0.677582 -0.362946 -1.3526 -1.58543 0 -0.00125832 0.0026528 3.14008 0 -1.20998 -1.76246 -1.43682 -0.575298 -1.05886 -1.19232 2.66664 -3.40957 0.119604 0 0 -1.06007 -1.88061 -2.00108 -0.497008 0.680788 0.710947 -1.29005 -1.72697 -0.026925 -0.436966 0.280253 0.332835 -1.58214 -1.72111 -1.48039 -0.356496 0.32254 0.715291 0.608987 -2.75987 0.464547 2.32204 0.075392 0.5975 -0.0093566 0.0231948 -0.044626 0.119999 0.654275 0.657514 -1.44445 -1.25704 -1.39717 0.964048 0.119967 0.518196 5.84735 -6.27658 -0.227614 -0.0430088 0.00157782 -0.00567315 -0.00964101 -0.0287259 -0.00752022 -0.153462 -0.0134064 -0.02337 -0.0103323 0.00402419 0 1.20613 1.31432 2.83879 1.2482 -0.187453 -0.0272102 -0.00747612 0.0049271 -0.0806757 -0.145163 -0.0127951 0 7.53515 1.63882 1.78686 0.274582 -0.0561393 0 -0.159431 -0.0402169 -0.23694 0.00357744 0 1.89493 3.11801 2.14815 0.555703 -0.0181372 -0.0261163 -0.0144797 -0.0114997 -0.0231208 -0.033937 -0.0127931 0 1.25904 6.49999 2.54506 0.964208 0.158793 0.00265356 0 0 0 4.56934 -0.10905 -1.0636 0.909709 0.329619 -13.8155 0.00199336 -0.0132257 -0.0140479 -0.00453916 0]
30,10,31750664147,31750768012,774114015.2,284244918.6,32004445786,32004445533,779455964.7,287358886.4,-32004445786,[-6.87581 -4.45597 -4.80362 7.55495 -4.79667 1.73963 4.86764 10.5815 2.63962 -0.606356 -2.59327 -2.74159 -3.32528 -3.66832 -2.24702 -1.94222 0.892536 3.3638 6.62329 -1.67219 -1.43433 -2.91259 -3.37559 -4.13836 -3.46024 -4.28339 -5.49032 -6.22579 0.00267101 -3.00702 0.435271 5.82412 6.82504 8.84604 -7.71291 -5.19864 -4.62759 -3.53906 -2.58601 -7.46175 -8.84801 -17.1497 -23.9506 13.4729 12.2935 6.02799 1.95154 1.15108 -1.62067 -0.0393516 7.71343 8.23974 6.6379 3.77721 7.15435 0.689252 4.09192 4.09756 4.64904 -0.762289 -0.54823 0.398681 0.0013847 -10.9328 -6.70656 -6.43735 -3.49207 0.75247 2.12989 6.1629 5.24732 0.093451 0.105353 3.53823 0.00533103 -1.94467 1.51797 0.358703 -2.35049 2.79662 0.35145 -0.395625 16.2677 8.40784 -0.384576 2.54184 -0.352863 -0.0763621 1.00337 0.665478 0.297046 9.61585 -2.15095 0.300588 0.637039 0.0285413 0.0363374 -0.135798 5.80105 -0.657896 -0.607863 -1.29228 -1.15881 -0.409012 -0.0181435 0.0565112 -0.101639 0.0194656 29.4388 -0.592435 0.0186581 -0.688316 -1.5113 -1.88394 -0.0154421 0.00875867 0.00145669 0.0219297 -1.47953 -0.592707 -0.447402 -0.194784 0.427865 -1.53767 -0.591618 0.0396069 0.00402104 0.0272312 0.0156562 -0.0928524 -1.43795 1.8005 0.729848 -0.560315 -2.01724 -0.760443 0.009438 2.98485 -0.615593 0.122959 0.169547 0.16086 0.047368 0.0522703 0.0479642],10,[-3.20044e+10 -3.19989e+10 -3.20044e+10 -3.20042e+10 -3.19988e+10 -3.19988e+10 -3.20044e+10 -3.19989e+10 -3.20044e+10 -3.19989e+10],[0 0 0 0 0 0 0 0 0 0],[-5.33648e+06 -3.11727e+06;-5.09947e+06 -3.1725e+06;-5.34195e+06 -3.11397e+06;-5.33659e+06 -3.11036e+06;-5.08383e+06 -3.18402e+06;-5.09897e+06 -3.16855e+06;-5.3091e+06 -3.14471e+06;-5.10237e+06 -3.17018e+06;-5.3457e+06 -3.10916e+06;-5.10194e+06 -3.1699e+06],0.79929553,0.79896499,0.6900727,1.095522791,1,1,-32004400000,,[-6.87581 -4.45597 -4.80362 7.55495 -4.79667 1.73963 4.86764 10.5815 2.63962 -0.606356 -2.59327 -2.74159 -3.32528 -3.66832 -2.24702 -1.94222 0.892536 3.3638 6.62329 -1.67219 -1.43433 -2.91259 -3.37559 -4.13836 -3.46024 -4.28339 -5.49032 -6.22579 0 0 0.00267101 -3.00702 0.435271 5.82412 6.82504 0 8.84604 -7.71291 -5.19864 -4.62759 -3.53906 -2.58601 -7.46175 -8.84801 -17.1497 -23.9506 13.4729 12.2935 6.02799 1.95154 1.15108 -1.62067 -0.0393516 7.71343 8.23974 6.6379 3.77721 7.15435 0.689252 4.09192 4.09756 4.64904 -0.762289 -0.54823 0.398681 0.0013847 -10.9328 -6.70656 -6.43735 -3.49207 0.75247 2.12989 6.1629 5.24732 0.093451 0.105353 3.53823 0 0.00533103 -1.94467 1.51797 0.358703 -2.35049 2.79662 0.35145 -0.395625 0 16.2677 8.40784 -0.384576 0 2.54184 -0.352863 -0.0763621 1.00337 0.665478 0.297046 9.61585 -2.15095 0.300588 0.637039 0.0285413 0.0363374 0 -0.135798 5.80105 -0.657896 -0.607863 -1.29228 -1.15881 -0.409012 -0.0181435 0.0565112 -0.101639 0.0194656 0 29.4388 -0.592435 0.0186581 -0.688316 -1.5113 -1.88394 -0.0154421 0.00875867 0.00145669 0.0219297 0 -1.47953 -0.592707 -0.447402 -0.194784 0.427865 -1.53767 -0.591618 0.0396069 0.00402104 0.0272312 0.0156562 0 -0.0928524 -1.43795 1.8005 0.729848 -0.560315 -2.01724 -0.760443 0.009438 0 2.98485 -0.615593 0.122959 0.169547 0.16086 0 0 0.047368 0.0522703 0.0479642 0]
45,10,31546884337,31546987798,771656698.4,279909561.5,31871118096,31871118370,780053907.7,282316704.7,-31871118096,[-5.0188 -6.28887 -6.13014 -6.64857 -4.14813 -4.61241 -6.10856 -1.81191 5.63685 9.32003 3.06553 1.18162 -1.01616 -0.768083 0.0211783 2.10836 6.30925 11.4979 15.8867 0.642359 -0.463444 -0.489958 0.385611 -0.538139 -0.828414 -0.88676 -2.97319 -4.06344 0.0160318 -5.10369 -5.74384 -2.45286 -4.56319 1.27698 -6.59224 -6.58867 -6.91274 -6.35305 -5.04235 -11.7735 -12.905 -10.2206 -9.80298 -3.48955 7.72344 5.45798 2.77156 1.97597 0.298469 -1.58368 4.361 9.01483 8.86173 10.9017 9.52775 13.682 16.1655 14.8812 7.38629 0.15072 3.40443 0.0787678 -3.58063 -0.775581 2.71283 8.28429 14.0508 15.6489 13.5389 10.154 0.114376 -0.651942 -0.0011273 -3.937 -3.60431 -7.84774 -9.56095 5.47375 0.00920811 -0.00279023 -1.72341 -2.58313 -7.10081 0.794642 1.59518 2.0982 -0.664259 -0.973531 -3.25337 -1.09191 -1.23915 -0.437445 -2.18185 -0.11348 -0.00385233 -11.5709 2.17728 -1.87997 2.67283 -8.08896 -3.1524 -0.13783 -0.805195 -2.91933 -0.283977 -0.00685421 2.16591 0.990955 -0.33643 -2.33483 -0.212927 -0.507044 -1.62399 -2.60496 -0.338241 -0.00333942 -2.35092 -0.655506 -0.0771452 -1.15928 1.38952 -4.71164 -0.447791 3.15904 -4.92742 -0.152632 0.00740098 -0.53819 -0.377434 -2.66057 0.839225 -1.53304 2.89385 0.105025 -2.15397 1.54719 -0.00287606 0.00491774 0.00862507 -0.0032941 0.00455378 0.0060803 0.000168557],10,[-3.18704e+10 -3.18706e+10 -3.1871e+10 -3.18711e+10 -3.18711e+10 -3.18709e+10 -3.18707e+10 -3.18709e+10 -3.18711e+10 -3.18705e+10],[0 0 0 0 0 0 0 0 0 0],[-8.39039e+06 -2.39072e+06;-8.3881e+06 -2.39825e+06;-8.39137e+06 -2.40904e+06;-8.39447e+06 -2.40928e+06;-8.39721e+06 -2.40714e+06;-8.37732e+06 -2.42109e+06;-8.37935e+06 -2.41233e+06;-8.38549e+06 -2.41249e+06;-8.39987e+06 -2.4042e+06;-8.38585e+06 -2.39858e+06],1.027783776,1.027453315,1.088205318,0.859971753,1,4,-31871100000,,[-5.0188 -6.28887 -6.13014 -6.64857 -4.14813 -4.61241 -6.10856 -1.81191 5.63685 9.32003 3.06553 1.18162 -1.01616 -0.768083 0.0211783 2.10836 6.30925 11.4979 15.8867 0.642359 -0.463444 -0.489958 0.385611 -0.538139 -0.828414 -0.88676 -2.97319 -4.06344 0 0 0 0.0160318 -5.10369 -5.74384 -2.45286 0 -4.56319 1.27698 -6.59224 -6.58867 -6.91274 -6.35305 -5.04235 -11.7735 -12.905 -10.2206 -9.80298 -3.48955 7.72344 5.45798 2.77156 1.97597 0.298469 -1.58368 4.361 9.01483 8.86173 10.9017 9.52775 13.682 16.1655 14.8812 7.38629 0.15072 3.40443 0 0.0787678 -3.58063 -0.775581 2.71283 8.28429 14.0508 15.6489 13.5389 10.154 0.114376 -0.651942 0 0 -0.0011273 -3.937 -3.60431 -7.84774 -9.56095 5.47375 0.00920811 0 -0.00279023 -1.72341 -2.58313 0 -7.10081 0.794642 1.59518 2.0982 -0.664259 -0.973531 -3.25337 -1.09191 -1.23915 -0.437445 -2.18185 -0.11348 -0.00385233 -11.5709 2.17728 -1.87997 2.67283 -8.08896 -3.1524 -0.13783 -0.805195 -2.91933 -0.283977 -0.00685421 0 2.16591 0.990955 -0.33643 -2.33483 -0.212927 -0.507044 -1.62399 -2.60496 -0.338241 -0.00333942 0 -2.35092 -0.655506 -0.0771452 -1.15928 1.38952 -4.71164 -0.447791 3.15904 -4.92742 -0.152632 0.00740098 0 -0.53819 -0.377434 -2.66057 0.839225 -1.53304 2.89385 0.105025 -2.15397 0 1.54719 -0.00287606 0.00491774 0.00862507 -0.0032941 0 0 0.00455378 0.0060803 0.000168557 0]
100,10,34047252227,34047350132,840739636.8,294172034.2,34201559017,34201559235,845880070.2,294171904.3,-34201559017,[-0.0579967 0.00573902 1.3843 0.0068954 0.0366822 0.423919 0.990662 0.818362 0.464004 0.399907 -0.000315813 0.0198215 0.410158 1.46276 1.41488 0.629631 -0.000203986 1.76957 -0.878058 -0.997853 -0.0730312 0.00111167 0.29532 0.722466 0.531304 0.00283146 -0.00187838 0.0433155 0.867553 0.227986 0.462116 0.604896 0.675381 0.562035 0.298688 0.205915 0.175179 0.179976 0.218832 0.339707 0.470733 0.600653 0.550801 0.413849 -0.00218292 0.00848386 0.426506 0.886187 0.89683 0.433329 0.249391 0.247661 0.239599 0.196533 0.283072 0.787066 -0.00184981 0.00129998 0.00331524 0.00737039 0.0593733 0.636381 1.57878 0.955239 0.524667 1.33752 0.0027649 0.00607713 -0.0055025 0.205773 -0.00181599 -0.00175754 0.019641 -11.501 1.06505 3.69712 -2.49841 -1.1418 -7.19068 -2.29427 -1.63445 -2.51464 -3.9388 -4.50594 -2.44208 -22.6034 2.18767 -13.0988 14.755 18.045 5.15569 -2.4986 -4.27977 -12.0901 4.9358 -7.11955 -6.95128 2.43013 -1.95196 6.99937 8.02524 5.62179 11.5698 -4.0253 -0.477085 -5.10472 -1.05395 -0.194203 1.87176 -12.0173 20.5625 -8.38156 -3.17379 -5.12177 -5.61429 9.90236 1.97479 -3.30414 1.70483 -6.72524 7.47204 -1.81883 -10.4519 3.42342 0.65157 -6.40352 -0.609155 -2.36117 -0.812749],10,[-3.42016e+10 -3.42016e+10 -3.42016e+10 -3.42016e+10 -3.42016e+10 -3.42016e+10 -3.42016e+10 -3.42016e+10 -3.42016e+10 -3.42016e+10],[0 0 0 0 0 0 0 0 0 0],[-5.14024e+06 3.00946;-5.14032e+06 48.3313;-5.14043e+06 129.905;-5.14033e+06 53.1683;-5.14024e+06 79.0714;-5.14026e+06 20.8301;-5.14033e+06 55.0715;-5.14037e+06 89.1716;-5.14031e+06 71.8107;-5.14024e+06 2.77361],0.453213636,0.452925418,0.611417983,-4.42E-05,0,1,-34201600000,,[0 -0.0579967 0.00573902 1.3843 0 0.0068954 0.0366822 0.423919 0.990662 0.818362 0.464004 0.399907 0 -0.000315813 0.0198215 0.410158 1.46276 1.41488 0.629631 -0.000203986 1.76957 -0.878058 -0.997853 -0.0730312 0.00111167 0.29532 0.722466 0.531304 0 0 0 0.00283146 0 0 -0.00187838 0 0.0433155 0.867553 0.227986 0.462116 0.604896 0.675381 0.562035 0.298688 0.205915 0.175179 0.179976 0.218832 0.339707 0.470733 0.600653 0.550801 0.413849 -0.00218292 0.00848386 0.426506 0.886187 0.89683 0.433329 0.249391 0.247661 0.239599 0.196533 0.283072 0.787066 -0.00184981 0.00129998 0 0 0.00331524 0.00737039 0.0593733 0.636381 1.57878 0.955239 0.524667 1.33752 0 0.0027649 0 0 0.00607713 0 0 -0.0055025 0.205773 0 0 -0.00181599 -0.00175754 0 0.019641 -11.501 1.06505 3.69712 -2.49841 -1.1418 -7.19068 -2.29427 -1.63445 -2.51464 -3.9388 -4.50594 -2.44208 -22.6034 2.18767 -13.0988 14.755 18.045 5.15569 -2.4986 -4.27977 -12.0901 4.9358 -7.11955 -6.95128 2.43013 -1.95196 6.99937 8.02524 5.62179 11.5698 -4.0253 -0.477085 -5.10472 -1.05395 -0.194203 1.87176 -12.0173 20.5625 -8.38156 -3.17379 -5.12177 -5.61429 9.90236 1.97479 -3.30414 1.70483 -6.72524 7.47204 -1.81883 -10.4519 3.42342 0.65157 -6.40352 -0.609155 -2.36117 -0.812749 0 0 0 0 0 0 0 0 0 0 0]
145,10,33156887563,33156985787,743792815.1,361440044.5,33250319619,33250319473,746914653.5,361429329,-33250319619,[-0.0256268 0.419113 1.26271 0.20639 0.74411 0.716346 0.397386 0.372377 1.27089 0.501046 1.04221 0.604263 0.69214 0.670424 0.370412 0.260207 0.411332 0.997669 1.17562 1.30539 0.713686 0.705411 0.79213 1.40348 1.04392 1.00924 -1.12347 1.62726 1.8555 0.0813723 4.96522 0.73434 0.208961 -0.446965 15.4404 1.30668 0.31476 -0.0215927 0.445572 0.344072 2.27902 3.39378 3.33865 3.18989 14.5163 -1.68947 0.785261 0.273201 -0.108368 -0.0964304 0.0256445 1.93319 2.44287 0.515735 4.22585 2.23109 2.2938 2.40444 0.653058 0.308444 0.508345 0.0937901 -0.320985 -0.578199 -0.473618 1.92904 4.124 8.83788 1.99285 2.61665 0.59582 0.593588 1.48161 1.85634 4.48081 2.63123 1.86196 -0.156921 1.52076 6.95108 11.1146 0.0803675 -0.541661 -0.336555 0.07556 2.14897 -0.393119 -0.471732 -0.215302 -0.203362 1.14635 1.51816 0.394828 0.215761 -0.869898 -0.847628 -0.702127 -0.050628 1.45347 0.727263 0.265359 0.743119 -1.36533 0.871352 3.19616 0.91627 -2.97783 -0.850567 -0.486803 -0.408438 -0.0945762 0.464105 0.272648 0.944784 2.44016 0.629005 0.251633 -3.11012 -0.625113 -0.19527 -0.291951 -0.247681 -0.476243 -0.234578 0.999772 2.88177 1.00952 0.707417 1.27772 1.7284 1.04876 -0.176908 -0.716153 -0.805822 1.34937 2.4433 0.662202 0.308369 -3.11013 -0.0548505 0.0199683 0.0307991 -0.00674672 -1.97609 -0.0292229 -0.0658247 -0.018136],10,[-3.32497e+10 -3.32501e+10 -3.32497e+10 -3.32502e+10 -3.32503e+10 -3.32497e+10 -3.32497e+10 -3.32497e+10 -3.32497e+10 -3.32498e+10],[0 0 0 0 0 0 0 0 0 0],[-3.09203e+06 133.541;-3.11292e+06 9567.94;-3.09181e+06 87.1537;-3.11621e+06 8894.68;-3.12184e+06 10715.5;-3.09238e+06 333.383;-3.09241e+06 524.637;-3.09189e+06 36.1619;-3.0919e+06 85.678;-3.09368e+06 687.493],0.281787775,0.281490263,0.419718816,-0.002964672,0,5,-33250300000,,[0 -0.0256268 0.419113 1.26271 0 0.20639 0.74411 0.716346 0.397386 0.372377 1.27089 0.501046 0 1.04221 0.604263 0.69214 0.670424 0.370412 0.260207 0 0.411332 0.997669 1.17562 1.30539 0.713686 0.705411 0.79213 1.40348 0 0 1.04392 1.00924 -1.12347 1.62726 1.8555 0 0.0813723 4.96522 0.73434 0.208961 -0.446965 15.4404 1.30668 0.31476 -0.0215927 0.445572 0.344072 2.27902 3.39378 3.33865 3.18989 14.5163 -1.68947 0.785261 0.273201 -0.108368 -0.0964304 0.0256445 1.93319 2.44287 0.515735 4.22585 2.23109 2.2938 2.40444 0.653058 0.308444 0.508345 0.0937901 -0.320985 -0.578199 -0.473618 1.92904 4.124 8.83788 1.99285 2.61665 0 0.59582 0.593588 1.48161 1.85634 4.48081 2.63123 1.86196 -0.156921 0 1.52076 6.95108 11.1146 0 0.0803675 -0.541661 -0.336555 0.07556 2.14897 -0.393119 -0.471732 -0.215302 -0.203362 1.14635 1.51816 0.394828 0.215761 -0.869898 -0.847628 -0.702127 -0.050628 1.45347 0.727263 0.265359 0.743119 -1.36533 0.871352 3.19616 0.91627 -2.97783 -0.850567 -0.486803 -0.408438 -0.0945762 0.464105 0.272648 0.944784 2.44016 0.629005 0.251633 -3.11012 -0.625113 -0.19527 -0.291951 -0.247681 -0.476243 -0.234578 0.999772 2.88177 1.00952 0.707417 1.27772 1.7284 1.04876 -0.176908 -0.716153 -0.805822 1.34937 2.4433 0.662202 0.308369 -3.11013 0 -0.0548505 0.0199683 0.0307991 -0.00674672 -1.97609 0 -0.0292229 -0.0658247 -0.018136]
190,10,26215386260,26215503596,659657970.4,214192149.4,28582208399,28582203183,709953519.5,242786586.6,-28582208399,[-0.0145277 -3.16452 -2.52249 -2.81339 4.97924 -0.0242139 -3.11319 -1.73401 0.506994 -1.53258 -0.730801 -0.123033 0.612312 1.11662 1.01564 -0.405971 0.872793 0.979212 1.00768 0.567139 -2.43666 4.96576 0.0629641 0.978914 0.391518 -4.81377 0.133248 3.96102 3.30069 4.83751 -3.21949 -7.2407 -4.73765 -5.6507 -8.04159 -2.50723 0.028899 1.83982 0.148998 -0.0856724 -0.503132 -1.07099 -7.10436 -4.22873 -2.97334 -10.1308 0.553435 4.56511 22.8761 13.8383 -3.41846 -2.97408 2.01925 2.20407 6.8035 9.7034 5.2478 3.74855 14.5367 5.19021 3.07146 29.9891 -4.12883 -6.77074 -8.38818 -1.99392 0.251021 9.96315 6.81398 4.3361 5.5319 -4.50936 -22.2785 -12.2284 -4.64295 1.59999 1.99634 5.36883 23.526 23.2905 18.4722 24.2929 29.9973 16.7175 14.0838 18.3385 21.7394 21.2092 13.7511 -29.9976 29.9801 25.7314 18.342 30 11.3806 23.6983 18.2505 26.3862 21.3632 22.5252 16.1356 -29.9881 -9.77241 21.6402 25.9258 23.7868 18.8402 3.79087 14.8606 24.357 14.3731 23.6868 29.9783 29.7578 20.1332 17.0704 11.3389 28.7454 12.0561 25.1077 21.7578 12.84 15.5739 18.4933 -29.9829 29.9906 30 14.0676 24.5132 14.1434 10.9804 2.38814 0.446802 30 2.62077 29.9859 29.9999 29.9992 19.2281 -1.34279 29.9934 29.9998 29.9474 18.866],10,[-2.85395e+10 -2.85239e+10 -2.85671e+10 -2.84907e+10 -2.85702e+10 -2.85822e+10 -2.85703e+10 -2.85634e+10 -2.84983e+10 -2.84955e+10],[0 0 0 0 0 0 0 0 0 0],[-4.99986e+07 -2.74675e+07;-4.84998e+07 -2.84481e+07;-4.94152e+07 -2.89702e+07;-4.95562e+07 -2.62831e+07;-4.98688e+07 -2.86213e+07;-5.02955e+07 -2.85944e+07;-4.96518e+07 -2.88421e+07;-5.00188e+07 -2.82433e+07;-4.96918e+07 -2.64026e+07;-4.92614e+07 -2.67381e+07],9.028370269,9.027862381,7.62448895,13.34989973,1,6,-28582200000,,[0 0 0 -0.0145277 0 0 0 0 -3.16452 -2.52249 -2.81339 4.97924 0 0 0 -0.0242139 -3.11319 -1.73401 0.506994 0 0 0 0 -1.53258 -0.730801 -0.123033 0.612312 1.11662 0 1.01564 -0.405971 0.872793 0.979212 1.00768 0.567139 -2.43666 4.96576 0.0629641 0.978914 0.391518 -4.81377 0.133248 3.96102 3.30069 4.83751 -3.21949 -7.2407 -4.73765 -5.6507 -8.04159 -2.50723 0.028899 1.83982 0.148998 -0.0856724 -0.503132 -1.07099 -7.10436 -4.22873 -2.97334 -10.1308 0.553435 4.56511 22.8761 13.8383 -3.41846 -2.97408 2.01925 2.20407 6.8035 9.7034 5.2478 3.74855 14.5367 5.19021 3.07146 29.9891 -4.12883 -6.77074 -8.38818 -1.99392 0.251021 9.96315 6.81398 4.3361 5.5319 -4.50936 -22.2785 -12.2284 -4.64295 1.59999 1.99634 5.36883 23.526 23.2905 18.4722 24.2929 29.9973 16.7175 14.0838 18.3385 21.7394 21.2092 13.7511 -29.9976 29.9801 25.7314 18.342 30 11.3806 23.6983 18.2505 26.3862 21.3632 22.5252 16.1356 -29.9881 -9.77241 21.6402 25.9258 23.7868 18.8402 3.79087 14.8606 24.357 14.3731 23.6868 29.9783 29.7578 20.1332 17.0704 11.3389 28.7454 12.0561 25.1077 21.7578 12.84 15.5739 18.4933 -29.9829 29.9906 30 14.0676 24.5132 14.1434 10.9804 2.38814 0.446802 30 2.62077 29.9859 29.9999 29.9992 19.2281 -1.34279 29.9934 29.9998 29.9474 18.866]
225,10,31257132507,31257236664,744712651.6,297195237.2,31434753808,31434753831,750640959.6,297184168.1,-31434753808,[-0.0527182 -4.29632 -0.745596 -0.407753 4.13976 0.203687 -0.635047 2.30842 4.8804 3.90489 3.83835 0.0117334 -2.47288 -2.51361 -3.86339 -3.36287 -3.15811 -1.7092 -0.549823 -2.86847 -3.8499 -2.88449 -6.27212 -5.61917 -5.92687 0.593396 0.617042 -5.54608 -0.0352517 0.979829 6.49331 5.43538 2.65144 3.72154 2.34549 0.822314 -0.0095987 -6.96844 -3.28301 -3.71691 -3.6265 -0.388486 -1.54811 6.679 7.65708 4.00239 0.804396 -1.19509 -4.10099 3.21779 4.53402 7.51941 5.24772 3.98995 3.55687 4.40365 3.07538 3.5075 3.9526 6.67781 6.2251 -5.29257 -5.0385 -3.39453 -4.33322 -2.63703 -0.00053864 3.7628 5.78758 10.1921 2.71534 2.90843 10.8828 20.902 -13.611 -1.76844 -0.0756601 0.000160166 -0.0232061 -0.137795 -0.156666 1.37916 2.00031 -3.69682 -1.47656 -0.858279 -2.03446 -0.699385 -0.898349 4.01444 -1.28982 -0.666324 -0.289771 -3.86508 1.28434 -3.18106 1.82445 -0.0637476 -1.75118 -1.51272 -1.68766 -0.967633 0.529149 -0.393429 6.32011 -1.28163 -1.46878 -6.98213 -0.776978 -1.03953 0.188648 -1.3787 4.43639 -1.18036 -2.06629 -2.81615 2.78599 -4.23024 3.15998 -2.55241 -1.79289 2.3827 -6.15676 -1.09909 -0.0570859 1.71684 1.25863 -1.97894 -0.787345 0.468562 -0.758025 -1.09707 0.338872 1.68478 -3.96393 3.327],10,[-3.14195e+10 -3.14263e+10 -3.14344e+10 -3.14344e+10 -3.1374e+10 -3.14344e+10 -3.14343e+10 -3.14348e+10 -3.14344e+10 -3.14344e+10],[-2 -2 0 0 -2 0 0 0 0 0],[-6.87707e+06 1.46841e+06;-6.80515e+06 1.16815e+06;-5.90486e+06 0.0720712;-5.90614e+06 415.929;-4.69094e+06 797772;-5.90514e+06 59.2929;-5.90415e+06 542.688;-5.92831e+06 11069.1;-5.90534e+06 20.4542;-5.90484e+06 233.22],0.568258466,0.56792342,0.796053078,-0.003724512,0,8,-31434800000,,[0 0 0 0 0 -0.0527182 -4.29632 -0.745596 -0.407753 4.13976 0 0 0 0.203687 -0.635047 2.30842 4.8804 3.90489 3.83835 0 0.0117334 -2.47288 -2.51361 -3.86339 -3.36287 -3.15811 -1.7092 -0.549823 0 -2.86847 -3.8499 -2.88449 -6.27212 -5.61917 -5.92687 0.593396 0.617042 0 -5.54608 -0.0352517 0 0 0.979829 6.49331 5.43538 2.65144 3.72154 2.34549 0.822314 -0.0095987 0 0 0 -6.96844 -3.28301 -3.71691 -3.6265 -0.388486 -1.54811 6.679 7.65708 4.00239 0.804396 -1.19509 -4.10099 3.21779 4.53402 7.51941 5.24772 3.98995 3.55687 4.40365 3.07538 3.5075 3.9526 6.67781 6.2251 -5.29257 -5.0385 -3.39453 -4.33322 -2.63703 -0.00053864 3.7628 5.78758 10.1921 2.71534 2.90843 10.8828 20.902 -13.611 -1.76844 0 0 0 0 0 0 -0.0756601 0 0.000160166 -0.0232061 -0.137795 -0.156666 1.37916 2.00031 -3.69682 -1.47656 -0.858279 -2.03446 -0.699385 -0.898349 4.01444 -1.28982 -0.666324 -0.289771 -3.86508 1.28434 -3.18106 1.82445 -0.0637476 -1.75118 -1.51272 -1.68766 -0.967633 0.529149 -0.393429 6.32011 -1.28163 -1.46878 -6.98213 -0.776978 -1.03953 0.188648 -1.3787 4.43639 -1.18036 -2.06629 -2.81615 2.78599 -4.23024 3.15998 -2.55241 -1.79289 2.3827 -6.15676 -1.09909 -0.0570859 1.71684 1.25863 -1.97894 -0.787345 0.468562 -0.758025 -1.09707 0.338872 1.68478 -3.96393 3.327]
280,10,33537929116,33538031541,849941495.6,267992889.1,33754954185,33754952967,855218084.2,269947014.7,-33754954185,[-13.3839 -5.51495 -5.25277 -4.39347 -3.90214 -1.18834 -1.10083 -1.24503 -2.09842 -3.23821 -2.59695 -2.3001 -3.05244 -2.49351 -2.94189 -1.07989 -5.56585 -5.22467 -6.54454 -6.94676 -5.24698 -4.91552 -4.43986 -4.47049 -4.47099 1.01132 -4.15835 -4.90301 -4.82588 -4.78795 -4.83209 -4.28642 -1.93266 -1.59874 -1.52703 -3.85642 0.0640126 -5.2101 -5.76817 -1.7164 -1.4775 -1.49686 -1.48913 -1.51313 -2.36358 -0.0152957 -4.02975 -3.86333 -3.63256 -2.22584 -3.9325 -2.80695 -8.96604 0.587976 -0.214897 -1.04799 -1.14779 2.82306 -2.7576 -2.82847 -2.63278 -2.73628 -2.76737 -2.56819 -2.0568 -1.99094 -2.99597 -3.72039 -2.27054 1.33483 -4.19505 -5.03664 -4.66273 -4.14732 -4.6665 -5.06095 -3.95329 -10.3164 -3.95889 -4.50331 -5.38886 -5.399 0.420847 -1.4551 -0.493872 -0.588401 -0.96962 -3.4369 6.10628 4.13247 4.8007 5.79496 7.57974 11.1592 -0.00834722 5.62918 -1.35324 -0.895067 -9.19626 4.93183 1.94795 0.473689 0.464335 0.0439643 -8.98808 1.71246 6.01755 4.60928 -5.6673 -7.64414 -0.464734 -1.79258 -2.74369 0.385807 3.23392 11.4517 -20.1496 -0.173577 12.8647 -1.76942 3.83404 -0.550659 3.4293 -2.15807 -0.342932 4.23485 -1.99727 0.234197 -3.71455 5.83289 0.00514868],10,[-3.37549e+10 -3.37509e+10 -3.37549e+10 -3.37547e+10 -3.37539e+10 -3.3754e+10 -3.37549e+10 -3.37549e+10 -3.37546e+10 -3.3755e+10],[0 0 0 0 0 0 0 0 0 0],[-5.27453e+06 -1.95509e+06;-5.27875e+06 -1.81847e+06;-5.27983e+06 -1.95029e+06;-5.27297e+06 -1.94961e+06;-5.27901e+06 -1.91698e+06;-5.27391e+06 -1.92611e+06;-5.27801e+06 -1.9516e+06;-5.27581e+06 -1.95372e+06;-5.2812e+06 -1.93679e+06;-5.27659e+06 -1.95413e+06],0.647103369,0.646792362,0.620817865,0.729170679,1,10,-33755000000,,[-13.3839 -5.51495 0 0 -5.25277 -4.39347 -3.90214 -1.18834 -1.10083 -1.24503 -2.09842 0 -3.23821 -2.59695 -2.3001 -3.05244 -2.49351 -2.94189 -1.07989 -5.56585 -5.22467 -6.54454 -6.94676 -5.24698 -4.91552 -4.43986 -4.47049 -4.47099 1.01132 -4.15835 -4.90301 -4.82588 -4.78795 -4.83209 -4.28642 -1.93266 -1.59874 0 -1.52703 -3.85642 0.0640126 0 -5.2101 -5.76817 -1.7164 -1.4775 -1.49686 -1.48913 -1.51313 -2.36358 -0.0152957 0 0 -4.02975 -3.86333 -3.63256 -2.22584 -3.9325 -2.80695 -8.96604 0.587976 -0.214897 -1.04799 -1.14779 2.82306 -2.7576 -2.82847 -2.63278 -2.73628 -2.76737 -2.56819 -2.0568 -1.99094 -2.99597 -3.72039 -2.27054 1.33483 -4.19505 -5.03664 -4.66273 -4.14732 -4.6665 -5.06095 -3.95329 -10.3164 -3.95889 -4.50331 -5.38886 -5.399 0.420847 -1.4551 -0.493872 0 0 0 0 0 0 0 0 0 0 0 0 -0.588401 -0.96962 -3.4369 6.10628 4.13247 4.8007 5.79496 7.57974 11.1592 -0.00834722 0 0 5.62918 -1.35324 -0.895067 -9.19626 4.93183 1.94795 0.473689 0.464335 0.0439643 0 0 -8.98808 1.71246 6.01755 4.60928 -5.6673 -7.64414 -0.464734 -1.79258 -2.74369 0.385807 0 0 3.23392 11.4517 -20.1496 -0.173577 12.8647 -1.76942 3.83404 -0.550659 0 3.4293 -2.15807 -0.342932 4.23485 -1.99727 0.234197 -3.71455 5.83289 0.00514868 0 0]
325,10,35630325278,35630422890,898800595.9,288880167,35680987591,35680987437,899481931,289884316.9,-35680987591,[0.0143898 6.996 -5.44534 -0.367659 -0.940334 -1.25278 -0.509427 -0.0340189 0.0903453 4.90741 -9.49102 -0.474351 -0.283159 -0.30635 -0.258352 -0.322367 -0.863445 -1.42647 -0.592245 -0.433883 -0.23492 -0.320195 -0.476149 -0.396604 -0.233354 -0.25138 -0.449551 -0.929998 -0.123583 -0.0628949 -0.347153 -0.659685 -0.419674 -0.26266 -0.743954 -1.06036 0.00115719 0.00112113 2.04732 -0.758254 -1.09568 -0.86146 -0.342052 -0.738338 -0.86102 2.1739 -2.03376 -0.0968029 -0.734785 -1.20313 -1.20587 -0.261058 0.450075 0.448032 -0.844259 -1.17409 0.0418321 -0.22964 0.189694 0.0465349 -0.998608 -1.11481 -0.955946 -0.2004 0.249096 0.530278 0.506762 -1.9 0.372773 1.46982 -0.100191 0.341423 -0.0207935 0.00950107 -0.000472792 0.153926 0.556502 0.588698 -0.998354 -1.07559 -0.892408 0.728889 0.263443 0.497145 4.57521 -5.84456 -0.158567 -0.0119002 -0.000947343 -0.00434152 -0.001773 -0.00649453 -0.00307938 -0.124805 -0.0250195 -0.011349 -0.0159265 0.00209838 0.540843 1.00333 2.33738 1.11489 -0.157933 -0.00772576 -0.0143313 -0.0183973 -0.0628299 -0.116197 -0.00192052 2.72048 1.34455 1.36554 0.246234 -0.0581929 -0.122257 -0.0360472 -0.190324 -0.00718689 1.05809 2.37663 1.87264 0.51277 -0.0173154 -0.0139933 -0.0101368 -0.00683394 -0.0192699 -0.0343092 -0.00427778 0.738985 4.07181 2.31609 0.782459 0.156744 0.000853947 3.70419 -0.0570981 -0.717066 0.631651 0.229767 -10.9624 0.00206016 -0.0101449 -0.00938767 0.000822657],10,[-3.5681e+10 -3.5681e+10 -3.5681e+10 -3.5681e+10 -3.5681e+10 -3.5681e+10 -3.5681e+10 -3.5681e+10 -3.5681e+10 -3.5681e+10],[0 0 0 0 0 0 0 0 0 0],[-679430 -1.00578e+06;-680586 -1.00489e+06;-681556 -1.00392e+06;-678153 -1.00643e+06;-681335 -1.00415e+06;-682483 -1.00185e+06;-680276 -1.00448e+06;-678199 -1.00648e+06;-680151 -1.00517e+06;-683279 -1.00197e+06],0.142188747,0.14191397,0.07580492,0.347600826,1,1,-35681000000,,[0.0143898 6.996 -5.44534 0 -0.367659 -0.940334 -1.25278 -0.509427 -0.0340189 0.0903453 4.90741 -9.49102 -0.474351 -0.283159 -0.30635 -0.258352 -0.322367 -0.863445 -1.42647 -0.592245 -0.433883 -0.23492 -0.320195 -0.476149 -0.396604 -0.233354 -0.25138 -0.449551 -0.929998 -0.123583 -0.0628949 -0.347153 -0.659685 -0.419674 -0.26266 -0.743954 -1.06036 0 0.00115719 0.00112113 2.04732 0 -0.758254 -1.09568 -0.86146 -0.342052 -0.738338 -0.86102 2.1739 -2.03376 -0.0968029 0 0 -0.734785 -1.20313 -1.20587 -0.261058 0.450075 0.448032 -0.844259 -1.17409 0.0418321 -0.22964 0.189694 0.0465349 -0.998608 -1.11481 -0.955946 -0.2004 0.249096 0.530278 0.506762 -1.9 0.372773 1.46982 -0.100191 0.341423 -0.0207935 0.00950107 -0.000472792 0.153926 0.556502 0.588698 -0.998354 -1.07559 -0.892408 0.728889 0.263443 0.497145 4.57521 -5.84456 -0.158567 -0.0119002 -0.000947343 -0.00434152 -0.001773 -0.00649453 -0.00307938 -0.124805 -0.0250195 -0.011349 -0.0159265 0.00209838 0 0.540843 1.00333 2.33738 1.11489 -0.157933 -0.00772576 -0.0143313 -0.0183973 -0.0628299 -0.116197 -0.00192052 0 2.72048 1.34455 1.36554 0.246234 -0.0581929 0 -0.122257 -0.0360472 -0.190324 -0.00718689 0 1.05809 2.37663 1.87264 0.51277 -0.0173154 -0.0139933 -0.0101368 -0.00683394 -0.0192699 -0.0343092 -0.00427778 0 0.738985 4.07181 2.31609 0.782459 0.156744 0.000853947 0 0 0 3.70419 -0.0570981 -0.717066 0.631651 0.229767 -10.9624 0.00206016 -0.0101449 -0.00938767 0.000822657 0]
30,11,40014719989,40014830882,948071916.9,385755779.2,40137543643,40137543511,949755618.3,388162498.8,-40137543643,[-1.26775 -0.675079 -1.085 1.58094 -0.705314 0.367573 0.777387 5.21071 1.39388 -0.359009 -1.5594 -1.3379 -0.514562 -0.768415 -0.418952 -0.419622 0.742378 1.01046 2.58698 0.00198759 0.272773 -0.866543 -1.29534 -1.52003 -1.18858 -1.11177 -1.48326 -3.51066 0.000473523 -1.56838 0.264978 3.80976 4.19327 5.32542 -3.49494 -2.85056 -2.48681 -0.638656 -1.31564 -4.24065 -4.6747 -8.20344 -4.20543 3.85983 6.26092 1.57133 0.00620628 0.776935 -0.600446 -0.137756 4.66756 4.56753 3.41393 1.7173 3.64455 -0.181776 2.8231 0.630374 1.70382 -0.835247 -0.44982 0.513948 -0.00375845 -6.24689 -3.84253 -3.6512 -2.12056 0.325069 1.18129 3.65715 3.22711 0.255599 -0.029517 3.4995 0.000148999 -0.908779 0.768004 0.372722 -1.10902 1.84181 0.0343064 -0.258573 11.9342 6.40562 -0.205339 2.2387 -0.15523 0.110483 0.761477 0.444106 0.144384 6.43092 -1.79375 0.082641 0.442082 0.0145224 0.0156972 -0.111076 3.81043 -0.205738 -0.325328 -0.820872 -0.909383 -0.322645 -0.00531244 -0.015692 0.00766798 0.0478898 26.0111 -0.265353 -0.0748841 -0.466197 -0.941681 -1.45537 -0.00800789 0.00840512 0.00602667 0.0231161 -1.15014 -0.647341 -0.372272 -0.161195 0.301147 -1.15538 -0.414383 0.0312693 0.0124778 0.0144166 0.00383964 -0.0422816 -1.08201 1.48195 0.344068 -0.511264 -1.30229 -0.572295 -0.00211474 1.74674 0.365042 0.092724 0.106302 0.10287 0.0311709 0.0306619 0.0325677],10,[-4.01375e+10 -4.01375e+10 -4.01375e+10 -4.01375e+10 -4.01375e+10 -4.01375e+10 -4.01375e+10 -4.01375e+10 -4.01375e+10 -4.01375e+10],[0 0 0 0 0 0 0 0 0 0],[-1.68627e+06 -2.40399e+06;-1.68521e+06 -2.40473e+06;-1.68416e+06 -2.40509e+06;-1.6837e+06 -2.40672e+06;-1.683e+06 -2.40716e+06;-1.68446e+06 -2.40582e+06;-1.68285e+06 -2.40729e+06;-1.68746e+06 -2.40149e+06;-1.68451e+06 -2.40582e+06;-1.68438e+06 -2.40534e+06],0.306946179,0.306667868,0.177592154,0.62389723,1,1,-40137500000,,[-1.26775 -0.675079 -1.085 1.58094 -0.705314 0.367573 0.777387 5.21071 1.39388 -0.359009 -1.5594 -1.3379 -0.514562 -0.768415 -0.418952 -0.419622 0.742378 1.01046 2.58698 0.00198759 0.272773 -0.866543 -1.29534 -1.52003 -1.18858 -1.11177 -1.48326 -3.51066 0 0 0.000473523 -1.56838 0.264978 3.80976 4.19327 0 5.32542 -3.49494 -2.85056 -2.48681 -0.638656 -1.31564 -4.24065 -4.6747 -8.20344 -4.20543 3.85983 6.26092 1.57133 0.00620628 0.776935 -0.600446 -0.137756 4.66756 4.56753 3.41393 1.7173 3.64455 -0.181776 2.8231 0.630374 1.70382 -0.835247 -0.44982 0.513948 -0.00375845 -6.24689 -3.84253 -3.6512 -2.12056 0.325069 1.18129 3.65715 3.22711 0.255599 -0.029517 3.4995 0 0.000148999 -0.908779 0.768004 0.372722 -1.10902 1.84181 0.0343064 -0.258573 0 11.9342 6.40562 -0.205339 0 2.2387 -0.15523 0.110483 0.761477 0.444106 0.144384 6.43092 -1.79375 0.082641 0.442082 0.0145224 0.0156972 0 -0.111076 3.81043 -0.205738 -0.325328 -0.820872 -0.909383 -0.322645 -0.00531244 -0.015692 0.00766798 0.0478898 0 26.0111 -0.265353 -0.0748841 -0.466197 -0.941681 -1.45537 -0.00800789 0.00840512 0.00602667 0.0231161 0 -1.15014 -0.647341 -0.372272 -0.161195 0.301147 -1.15538 -0.414383 0.0312693 0.0124778 0.0144166 0.00383964 0 -0.0422816 -1.08201 1.48195 0.344068 -0.511264 -1.30229 -0.572295 -0.00211474 0 1.74674 0.365042 0.092724 0.106302 0.10287 0 0 0.0311709 0.0306619 0.0325677 0]
45,11,39710501999,39710612488,943914143.8,379772939.1,39827889726,39827889886,946671727.1,380924602.4,-39827889726,[-1.8091 -2.39765 -2.44588 -1.45333 -0.528044 -0.753941 -2.66995 -0.890553 3.16948 3.30195 1.29581 0.0406302 0.122743 0.234304 0.236059 0.621594 1.81665 2.76305 7.25297 -0.0106828 0.0173043 0.0496955 0.619806 0.00127699 -0.294356 -0.0629659 -2.0952 -2.48094 0.0117386 -3.18137 -3.55412 -1.42035 -1.16302 0.416136 -2.23344 -2.21243 -1.97336 -1.65388 -3.08026 -4.97557 -6.23965 -5.12119 -4.77066 -1.72286 4.648 1.51743 0.618342 0.651222 0.136215 -0.850231 2.87765 5.65224 5.68476 6.70706 5.99163 8.14728 9.26204 7.506 4.24078 -0.114497 3.13739 0.0372565 -1.95615 -0.16207 1.19535 4.84821 7.83579 9.41806 7.49806 4.88629 0.0591986 -0.419879 -0.00326707 -2.26957 -2.07792 -4.67465 -5.33154 3.16177 0.00989163 0.000754081 -0.997435 -1.526 -3.71876 1.11049 1.21911 -0.662067 -0.538347 -0.664487 -1.28611 -0.968475 -0.921847 -0.3859 -1.83493 -0.0946756 -0.000917008 -2.6089 1.76798 -1.39524 1.79107 -4.02168 -1.73361 -0.494349 -0.320572 -2.58684 -0.262101 0.00212629 1.02278 0.446274 -0.110117 -1.80535 -0.220958 -0.657737 -0.82263 -1.8959 -0.314902 0.000980268 -1.56174 -0.441386 -0.0893777 -1.41931 0.885248 -3.61638 -0.350229 2.50558 -3.73842 -0.0975183 -0.00231839 -0.322616 -0.227439 -2.06885 0.560918 -1.33052 2.68287 -0.376359 -1.53623 1.11371 -0.00476345 0.000347684 0.00384886 -0.00247872 -0.00351348 -0.00487942 -0.00474302],10,[-3.98279e+10 -3.98279e+10 -3.98279e+10 -3.98279e+10 -3.98279e+10 -3.98279e+10 -3.98279e+10 -3.98279e+10 -3.98277e+10 -3.98279e+10],[0 0 0 0 0 0 0 0 0 0],[-2.75277e+06 -1.15588e+06;-2.75215e+06 -1.15615e+06;-2.75468e+06 -1.15342e+06;-2.75758e+06 -1.15166e+06;-2.74954e+06 -1.15879e+06;-2.75593e+06 -1.15223e+06;-2.75281e+06 -1.15616e+06;-2.75762e+06 -1.1514e+06;-2.76429e+06 -1.13983e+06;-2.75694e+06 -1.15142e+06],0.29560877,0.295330118,0.292143446,0.303250494,1,1,-39827900000,,[-1.8091 -2.39765 -2.44588 -1.45333 -0.528044 -0.753941 -2.66995 -0.890553 3.16948 3.30195 1.29581 0.0406302 0.122743 0.234304 0.236059 0.621594 1.81665 2.76305 7.25297 -0.0106828 0.0173043 0.0496955 0.619806 0.00127699 -0.294356 -0.0629659 -2.0952 -2.48094 0 0 0 0.0117386 -3.18137 -3.55412 -1.42035 0 -1.16302 0.416136 -2.23344 -2.21243 -1.97336 -1.65388 -3.08026 -4.97557 -6.23965 -5.12119 -4.77066 -1.72286 4.648 1.51743 0.618342 0.651222 0.136215 -0.850231 2.87765 5.65224 5.68476 6.70706 5.99163 8.14728 9.26204 7.506 4.24078 -0.114497 3.13739 0 0.0372565 -1.95615 -0.16207 1.19535 4.84821 7.83579 9.41806 7.49806 4.88629 0.0591986 -0.419879 0 0 -0.00326707 -2.26957 -2.07792 -4.67465 -5.33154 3.16177 0.00989163 0 0.000754081 -0.997435 -1.526 0 -3.71876 1.11049 1.21911 -0.662067 -0.538347 -0.664487 -1.28611 -0.968475 -0.921847 -0.3859 -1.83493 -0.0946756 -0.000917008 -2.6089 1.76798 -1.39524 1.79107 -4.02168 -1.73361 -0.494349 -0.320572 -2.58684 -0.262101 0.00212629 0 1.02278 0.446274 -0.110117 -1.80535 -0.220958 -0.657737 -0.82263 -1.8959 -0.314902 0.000980268 0 -1.56174 -0.441386 -0.0893777 -1.41931 0.885248 -3.61638 -0.350229 2.50558 -3.73842 -0.0975183 -0.00231839 0 -0.322616 -0.227439 -2.06885 0.560918 -1.33052 2.68287 -0.376359 -1.53623 0 1.11371 -0.00476345 0.000347684 0.00384886 -0.00247872 0 0 -0.00351348 -0.00487942 -0.00474302 0]
100,11,41004624458,41004728938,976980254.4,389844043.5,41118821751,41118821946,980784358.8,389843039.4,-41118821751,[0.000761512 0.00723339 0.00219349 -0.00917925 0.0137048 0.0875286 0.201397 0.121118 -0.0359218 -0.0318734 -0.00736838 -0.00888673 0.106059 0.381346 0.434682 0.165923 -0.00572849 1.10205 -0.483318 -0.629461 -0.0403489 -0.0152526 0.063418 0.178641 0.124835 0.000356716 0.00791278 -0.0683052 0.133367 0.00747153 0.0253662 -0.00662799 -0.0211488 0.125376 0.0431271 0.0363643 0.030941 0.0307112 0.0421331 0.0591831 0.0563382 0.0220993 0.000195922 0.0867261 0.00195011 0.00498055 0.0981234 0.22349 0.23781 0.110426 0.0453912 0.0398717 0.0440068 0.0405721 0.0891911 0.239692 -0.00235434 -0.00292203 -0.00230891 0.00127061 0.0132644 0.182398 0.856492 0.795079 0.443491 0.681794 0.00533775 0.00198081 0.00358696 0.143524 -0.0222204 0.00748753 -0.0755588 -3.21476 0.429383 3.59897 -2.94355 -0.676938 -6.22945 -2.70719 -0.597052 -1.24771 -2.75161 -3.01316 -2.84694 -18.5534 1.65189 -9.55852 9.78786 15.5064 5.16542 -2.41104 -4.1044 -12.7817 3.14185 -3.55394 -4.36878 2.02972 -1.40263 6.67271 5.31342 4.68098 10.5707 -1.96819 -1.49955 -2.43705 -1.18325 -0.911152 3.37705 -13.7493 19.7647 -8.01474 -2.41554 -3.61347 -3.91948 7.16131 1.70307 -2.79813 1.25503 -4.59399 6.81067 -1.75827 -8.74035 2.50171 0.456331 -5.04865 -0.513904 -1.69645 -0.541494],10,[-4.11188e+10 -4.11187e+10 -4.11086e+10 -4.11184e+10 -4.11188e+10 -4.11188e+10 -4.11187e+10 -4.11188e+10 -4.11187e+10 -4.11102e+10],[0 0 0 0 0 0 0 0 0 0],[-3.8027e+06 10.6096;-3.80064e+06 783.386;-3.46383e+06 446.492;-3.80852e+06 18805.8;-3.80276e+06 74.7692;-3.8041e+06 1004.1;-3.80036e+06 2043.9;-3.80271e+06 51.4914;-3.79975e+06 34.4573;-3.73127e+06 215654],0.278498572,0.278243536,0.389373721,-0.000257565,0,1,-41118800000,,[0 0.000761512 0.00723339 0.00219349 0 -0.00917925 0.0137048 0.0875286 0.201397 0.121118 -0.0359218 -0.0318734 0 -0.00736838 -0.00888673 0.106059 0.381346 0.434682 0.165923 -0.00572849 1.10205 -0.483318 -0.629461 -0.0403489 -0.0152526 0.063418 0.178641 0.124835 0 0 0 0.000356716 0 0 0.00791278 0 -0.0683052 0.133367 0.00747153 0.0253662 -0.00662799 -0.0211488 0.125376 0.0431271 0.0363643 0.030941 0.0307112 0.0421331 0.0591831 0.0563382 0.0220993 0.000195922 0.0867261 0.00195011 0.00498055 0.0981234 0.22349 0.23781 0.110426 0.0453912 0.0398717 0.0440068 0.0405721 0.0891911 0.239692 -0.00235434 -0.00292203 0 0 -0.00230891 0.00127061 0.0132644 0.182398 0.856492 0.795079 0.443491 0.681794 0 0.00533775 0 0 0.00198081 0 0 0.00358696 0.143524 0 0 -0.0222204 0.00748753 0 -0.0755588 -3.21476 0.429383 3.59897 -2.94355 -0.676938 -6.22945 -2.70719 -0.597052 -1.24771 -2.75161 -3.01316 -2.84694 -18.5534 1.65189 -9.55852 9.78786 15.5064 5.16542 -2.41104 -4.1044 -12.7817 3.14185 -3.55394 -4.36878 2.02972 -1.40263 6.67271 5.31342 4.68098 10.5707 -1.96819 -1.49955 -2.43705 -1.18325 -0.911152 3.37705 -13.7493 19.7647 -8.01474 -2.41554 -3.61347 -3.91948 7.16131 1.70307 -2.79813 1.25503 -4.59399 6.81067 -1.75827 -8.74035 2.50171 0.456331 -5.04865 -0.513904 -1.69645 -0.541494 0 0 0 0 0 0 0 0 0 0 0]
145,11,41673559674,41673665929,927163921,461958276.6,41725393902,41725393849,928929223.5,461917238.2,-41725393902,[-0.0157161 0.303176 0.419186 0.00232176 0.0266002 -0.0145826 -0.017322 -0.0439479 -0.137774 0.256025 0.249691 0.170776 0.161094 0.173012 0.0611097 0.0409422 0.106183 0.24174 0.270335 0.750095 0.414153 0.142846 0.120863 0.806456 0.230425 0.204569 -0.861264 0.932351 0.975651 -0.0154311 2.18903 -0.0215198 -0.101903 -0.0320925 10.8554 0.799297 0.301714 0.0142064 0.126063 0.0327124 0.607229 0.384528 0.786076 0.990264 7.85277 -0.297648 0.513195 0.25291 0.220715 -0.0513847 -0.00261123 0.545885 1.38894 0.60052 1.98825 0.00203736 0.978828 1.79528 0.353913 0.158056 0.182686 0.00262366 -0.0955152 -0.152244 -0.233451 0.413995 1.34509 3.66318 1.66093 1.92295 0.107323 0.135279 0.456981 1.13471 4.00687 3.14302 1.90342 0.364375 1.005 5.92446 8.49028 -0.0148869 0.0882022 -0.0613159 0.0641706 1.07512 0.0940249 -0.392855 -0.0974419 0.237114 1.26896 1.59394 -0.0270995 -0.19825 -0.393011 -0.606062 -0.101812 -0.420087 0.684986 0.476599 0.65105 0.962038 -1.22823 0.475577 1.57683 0.399082 -4.99924 -0.119516 -0.246051 -0.53282 -0.170146 0.225274 0.497178 1.08849 2.38619 -0.0128936 -0.54649 -2.04961 -0.88086 -0.0718152 -0.0192823 0.0352245 -0.307232 0.162095 0.872186 2.19043 1.00167 0.704267 0.381676 0.684059 0.657251 0.146205 -0.463561 -0.545986 0.774275 1.35054 0.457643 0.265855 -1.7437 0.0803036 0.0289853 0.160885 0.0714208 -1.58298 0.171861 -0.0856035 -0.109512],10,[-4.1724e+10 -4.17234e+10 -4.1724e+10 -4.17233e+10 -4.17232e+10 -4.17232e+10 -4.17254e+10 -4.17236e+10 -4.1724e+10 -4.17235e+10],[0 0 0 0 0 0 0 0 0 0],[-1.69113e+06 13441.8;-1.65911e+06 2272.66;-1.69205e+06 13351.4;-1.65633e+06 1149.3;-1.65248e+06 53.964;-1.65239e+06 -0.00238818;-1.7653e+06 41038.4;-1.66992e+06 4926.7;-1.68901e+06 10191.5;-1.66733e+06 4725.67],0.124381569,0.124126159,0.190398095,-0.008883577,1,7,-41725400000,,[0 -0.0157161 0.303176 0.419186 0 0.00232176 0.0266002 -0.0145826 -0.017322 -0.0439479 -0.137774 0.256025 0 0.249691 0.170776 0.161094 0.173012 0.0611097 0.0409422 0 0.106183 0.24174 0.270335 0.750095 0.414153 0.142846 0.120863 0.806456 0 0 0.230425 0.204569 -0.861264 0.932351 0.975651 0 -0.0154311 2.18903 -0.0215198 -0.101903 -0.0320925 10.8554 0.799297 0.301714 0.0142064 0.126063 0.0327124 0.607229 0.384528 0.786076 0.990264 7.85277 -0.297648 0.513195 0.25291 0.220715 -0.0513847 -0.00261123 0.545885 1.38894 0.60052 1.98825 0.00203736 0.978828 1.79528 0.353913 0.158056 0.182686 0.00262366 -0.0955152 -0.152244 -0.233451 0.413995 1.34509 3.66318 1.66093 1.92295 0 0.107323 0.135279 0.456981 1.13471 4.00687 3.14302 1.90342 0.364375 0 1.005 5.92446 8.49028 0 -0.0148869 0.0882022 -0.0613159 0.0641706 1.07512 0.0940249 -0.392855 -0.0974419 0.237114 1.26896 1.59394 -0.0270995 -0.19825 -0.393011 -0.606062 -0.101812 -0.420087 0.684986 0.476599 0.65105 0.962038 -1.22823 0.475577 1.57683 0.399082 -4.99924 -0.119516 -0.246051 -0.53282 -0.170146 0.225274 0.497178 1.08849 2.38619 -0.0128936 -0.54649 -2.04961 -0.88086 -0.0718152 -0.0192823 0.0352245 -0.307232 0.162095 0.872186 2.19043 1.00167 0.704267 0.381676 0.684059 0.657251 0.146205 -0.463561 -0.545986 0.774275 1.35054 0.457643 0.265855 -1.7437 0 0.0803036 0.0289853 0.160885 0.0714208 -1.58298 0 0.171861 -0.0856035 -0.109512]
190,11,33984068304,33984192313,842111671.6,290694738.9,36739538577,36739534352,900594964.8,324056180.3,-36739538577,[-0.0326047 -0.916439 -0.688057 -0.782799 2.83115 0.0409269 -1.72995 -0.885011 0.221919 -0.461641 -0.234343 -0.0498805 0.208819 0.103645 -0.068147 -0.0712051 0.106506 0.239625 0.299762 0.101797 -0.398076 2.65532 0.0839468 0.180331 -0.351106 -2.9075 0.0473009 2.17243 1.04371 2.52785 -0.812249 -2.81504 -1.0715 -3.71672 -4.74799 -1.30807 0.0498945 0.103412 -0.434053 0.469991 -0.148988 -0.837183 -4.60993 -2.10093 -0.867814 -6.19921 0.490024 2.0077 9.81178 8.84902 -1.89949 -1.36272 0.91856 1.26024 3.11571 4.91312 2.67661 0.463548 8.93534 2.8006 0.52113 29.999 -1.18742 -3.88519 -5.13989 0.178571 -0.563404 4.31743 3.63653 1.17173 0.782271 -2.70104 -12.6355 -4.87912 -1.26305 0.159191 0.479726 0.00895747 22.978 22.7199 16.5877 22.1703 29.9999 15.6617 13.7958 16.4421 19.7054 18.879 11.9636 -29.9997 29.9997 24.5793 12.9995 27.9418 13.5754 19.849 16.1547 23.4013 21.0119 21.4129 15.099 -30 -8.31625 16.5644 21.9356 20.2526 17.3095 3.18628 11.6493 20.3802 13.4956 18.3287 20.9033 23.3532 19.9563 12.0166 11.6127 23.8324 12.9798 20.7404 21.3102 12.6457 12.4119 13.7774 -29.999 30 30 14.7249 18.7456 10.34 6.76244 1.96983 0.459451 29.9994 -11.9277 30 29.9984 29.9999 15.9336 0.402381 28.2467 29.9928 29.9358 15.4543],10,[-3.6627e+10 -3.64383e+10 -3.67275e+10 -3.65179e+10 -3.67171e+10 -3.67236e+10 -3.66275e+10 -3.67395e+10 -3.66506e+10 -3.67395e+10],[0 2 0 2 0 0 0 0 0 0],[-5.85038e+07 -2.95882e+07;-5.57085e+07 -2.60956e+07;-5.78851e+07 -3.35587e+07;-5.4164e+07 -3.02941e+07;-5.74402e+07 -3.36554e+07;-5.7497e+07 -3.38176e+07;-5.55656e+07 -3.25461e+07;-5.84833e+07 -3.33614e+07;-5.58444e+07 -3.30365e+07;-5.85713e+07 -3.3271e+07],8.108123631,8.107716709,6.944838219,11.47645174,1,8,-36739500000,,[0 0 0 -0.0326047 0 0 0 0 -0.916439 -0.688057 -0.782799 2.83115 0 0 0 0.0409269 -1.72995 -0.885011 0.221919 0 0 0 0 -0.461641 -0.234343 -0.0498805 0.208819 0.103645 0 -0.068147 -0.0712051 0.106506 0.239625 0.299762 0.101797 -0.398076 2.65532 0.0839468 0.180331 -0.351106 -2.9075 0.0473009 2.17243 1.04371 2.52785 -0.812249 -2.81504 -1.0715 -3.71672 -4.74799 -1.30807 0.0498945 0.103412 -0.434053 0.469991 -0.148988 -0.837183 -4.60993 -2.10093 -0.867814 -6.19921 0.490024 2.0077 9.81178 8.84902 -1.89949 -1.36272 0.91856 1.26024 3.11571 4.91312 2.67661 0.463548 8.93534 2.8006 0.52113 29.999 -1.18742 -3.88519 -5.13989 0.178571 -0.563404 4.31743 3.63653 1.17173 0.782271 -2.70104 -12.6355 -4.87912 -1.26305 0.159191 0.479726 0.00895747 22.978 22.7199 16.5877 22.1703 29.9999 15.6617 13.7958 16.4421 19.7054 18.879 11.9636 -29.9997 29.9997 24.5793 12.9995 27.9418 13.5754 19.849 16.1547 23.4013 21.0119 21.4129 15.099 -30 -8.31625 16.5644 21.9356 20.2526 17.3095 3.18628 11.6493 20.3802 13.4956 18.3287 20.9033 23.3532 19.9563 12.0166 11.6127 23.8324 12.9798 20.7404 21.3102 12.6457 12.4119 13.7774 -29.999 30 30 14.7249 18.7456 10.34 6.76244 1.96983 0.459451 29.9994 -11.9277 30 29.9984 29.9999 15.9336 0.402381 28.2467 29.9928 29.9358 15.4543]
225,11,39950732554,39950844613,936559837.2,395134983.2,40006997350,40006997340,938433038.1,395133539.9,-40006997350,[0.00512583 -1.93221 -0.351062 -0.233884 2.37708 -0.0141019 -0.394892 1.24904 2.50697 1.13887 1.2052 0.00179841 -0.565373 -0.662882 -1.32403 -1.06899 -1.17966 -0.167182 -0.120417 -0.233884 -0.47289 -0.554708 -1.55318 -1.27428 -1.36793 -0.037359 0.445627 -3.02813 0.0148925 0.209363 3.27011 2.46369 0.500946 1.65319 1.1041 0.396384 -0.00704407 -3.31162 -1.82273 -2.04466 -1.78018 -0.226091 -0.870264 3.31182 4.32789 2.53433 0.523587 -0.637576 -3.13603 0.518714 0.778557 1.95809 1.28585 0.9735 1.23352 1.24623 1.77478 2.10718 2.37958 3.99738 3.56268 -1.07272 -0.909568 -0.682807 -1.06408 -0.686981 -0.830929 0.491859 3.17482 6.03468 0.457685 0.501372 3.05314 6.65039 -7.93866 -0.405947 0.0138377 -0.00363907 -0.016677 0.00417814 -0.00727124 1.19471 2.05019 -3.50291 -1.18039 -0.945621 -1.0016 -0.196816 -0.749336 2.62714 -0.904172 -0.148029 -0.0845027 -3.63378 1.04811 -2.30377 0.742864 -0.00518705 -2.54976 -0.806656 -0.544039 -0.227744 0.074114 0.0475026 3.95327 -1.0823 -1.4078 -4.96501 -0.522419 -1.12296 -0.0491871 -0.698314 2.89916 -0.803932 -1.32437 -0.518768 1.61688 -3.08234 2.22942 -2.31663 -1.04777 1.78816 -2.62207 -0.725617 0.185393 1.43044 1.13321 -1.43144 -0.972951 0.364456 -0.287108 -0.698503 -0.71365 1.74773 -2.22981 1.49548],10,[-4.00069e+10 -4.0007e+10 -4.00069e+10 -4.0007e+10 -4.00069e+10 -4.00069e+10 -4.0007e+10 -4.00069e+10 -4.00069e+10 -4.00069e+10],[0 0 0 0 0 0 0 0 0 0],[-1.86976e+06 17.1623;-1.87094e+06 743.026;-1.86964e+06 57.2704;-1.87168e+06 995.204;-1.86973e+06 3.68451;-1.86973e+06 4.15634;-1.8732e+06 1443.27;-1.86974e+06 7.2232;-1.86974e+06 5.38127;-1.86944e+06 1162.67],0.140835457,0.140554543,0.200008666,-0.000365259,0,2,-40007000000,,[0 0 0 0 0 0.00512583 -1.93221 -0.351062 -0.233884 2.37708 0 0 0 -0.0141019 -0.394892 1.24904 2.50697 1.13887 1.2052 0 0.00179841 -0.565373 -0.662882 -1.32403 -1.06899 -1.17966 -0.167182 -0.120417 0 -0.233884 -0.47289 -0.554708 -1.55318 -1.27428 -1.36793 -0.037359 0.445627 0 -3.02813 0.0148925 0 0 0.209363 3.27011 2.46369 0.500946 1.65319 1.1041 0.396384 -0.00704407 0 0 0 -3.31162 -1.82273 -2.04466 -1.78018 -0.226091 -0.870264 3.31182 4.32789 2.53433 0.523587 -0.637576 -3.13603 0.518714 0.778557 1.95809 1.28585 0.9735 1.23352 1.24623 1.77478 2.10718 2.37958 3.99738 3.56268 -1.07272 -0.909568 -0.682807 -1.06408 -0.686981 -0.830929 0.491859 3.17482 6.03468 0.457685 0.501372 3.05314 6.65039 -7.93866 -0.405947 0 0 0 0 0 0 0.0138377 0 -0.00363907 -0.016677 0.00417814 -0.00727124 1.19471 2.05019 -3.50291 -1.18039 -0.945621 -1.0016 -0.196816 -0.749336 2.62714 -0.904172 -0.148029 -0.0845027 -3.63378 1.04811 -2.30377 0.742864 -0.00518705 -2.54976 -0.806656 -0.544039 -0.227744 0.074114 0.0475026 3.95327 -1.0823 -1.4078 -4.96501 -0.522419 -1.12296 -0.0491871 -0.698314 2.89916 -0.803932 -1.32437 -0.518768 1.61688 -3.08234 2.22942 -2.31663 -1.04777 1.78816 -2.62207 -0.725617 0.185393 1.43044 1.13321 -1.43144 -0.972951 0.364456 -0.287108 -0.698503 -0.71365 1.74773 -2.22981 1.49548]
280,11,40839910818,40840018326,998036197.2,363297747,40903633276,40903633119,998681019.1,364773418.2,-40903633276,[-9.11082 -0.178558 -1.16942 -0.373551 -0.290808 0.00869373 -0.0664105 -0.283269 -0.550645 -0.295589 -0.125702 -0.0433258 -0.354726 -0.549587 -0.812958 -0.303945 -1.01108 -1.43401 -1.78332 -1.39096 -0.982509 -1.02741 -0.970399 -0.944205 -1.20764 0.174418 -0.84882 -1.14081 -0.777827 -0.288301 -0.324782 -0.414382 -0.22953 -0.465708 -0.450116 -2.42275 -0.000453723 -3.29878 -3.60645 -0.432628 -0.397373 -0.391485 -0.389005 -0.390817 -0.686252 -0.00586275 -0.382048 -0.373359 -0.416517 -0.412053 -1.16385 -1.01995 -5.7749 0.411617 0.094064 -0.273102 -0.62985 2.28159 -0.466855 -0.402629 0.0642578 0.12467 -0.159363 -0.248726 -0.146899 -0.243484 -0.821008 -1.44615 -1.6263 1.38196 -0.804561 -1.19845 -1.07626 -1.05898 -1.58237 -1.53505 -0.669471 -4.31002 -2.95689 -1.73808 -2.15179 -2.27705 0.690661 -1.55666 -0.125285 -0.409001 -0.531344 -2.94352 4.54977 3.71061 3.07123 4.179 5.716 9.96421 0.0520366 3.48578 -1.09115 -0.491176 -7.91821 3.2668 1.14292 0.387807 0.373477 0.127362 -6.1401 0.0617327 4.71438 4.56336 -3.70267 -3.72073 -0.336884 -1.04191 -2.41967 0.267824 2.32604 9.54529 -16.0694 -0.265773 9.48182 -2.16466 2.45007 -0.311874 4.76766 -2.7157 -0.347547 4.14433 -1.86214 0.238903 -2.45892 3.86239 0.014135],10,[-4.09013e+10 -4.09032e+10 -4.09036e+10 -4.09035e+10 -4.09031e+10 -4.09035e+10 -4.09034e+10 -4.09026e+10 -4.09033e+10 -4.09033e+10],[0 0 0 0 0 0 0 0 0 0],[-615405 -1.4279e+06;-660247 -1.44485e+06;-644822 -1.47567e+06;-644089 -1.47265e+06;-651176 -1.45265e+06;-639644 -1.47679e+06;-655946 -1.45783e+06;-649457 -1.43618e+06;-640175 -1.46938e+06;-655042 -1.45529e+06],0.156029868,0.155765828,0.064609065,0.40618783,1,3,-40903600000,,[-9.11082 -0.178558 0 0 -1.16942 -0.373551 -0.290808 0.00869373 -0.0664105 -0.283269 -0.550645 0 -0.295589 -0.125702 -0.0433258 -0.354726 -0.549587 -0.812958 -0.303945 -1.01108 -1.43401 -1.78332 -1.39096 -0.982509 -1.02741 -0.970399 -0.944205 -1.20764 0.174418 -0.84882 -1.14081 -0.777827 -0.288301 -0.324782 -0.414382 -0.22953 -0.465708 0 -0.450116 -2.42275 -0.000453723 0 -3.29878 -3.60645 -0.432628 -0.397373 -0.391485 -0.389005 -0.390817 -0.686252 -0.00586275 0 0 -0.382048 -0.373359 -0.416517 -0.412053 -1.16385 -1.01995 -5.7749 0.411617 0.094064 -0.273102 -0.62985 2.28159 -0.466855 -0.402629 0.0642578 0.12467 -0.159363 -0.248726 -0.146899 -0.243484 -0.821008 -1.44615 -1.6263 1.38196 -0.804561 -1.19845 -1.07626 -1.05898 -1.58237 -1.53505 -0.669471 -4.31002 -2.95689 -1.73808 -2.15179 -2.27705 0.690661 -1.55666 -0.125285 0 0 0 0 0 0 0 0 0 0 0 0 -0.409001 -0.531344 -2.94352 4.54977 3.71061 3.07123 4.179 5.716 9.96421 0.0520366 0 0 3.48578 -1.09115 -0.491176 -7.91821 3.2668 1.14292 0.387807 0.373477 0.127362 0 0 -6.1401 0.0617327 4.71438 4.56336 -3.70267 -3.72073 -0.336884 -1.04191 -2.41967 0.267824 0 0 2.32604 9.54529 -16.0694 -0.265773 9.48182 -2.16466 2.45007 -0.311874 0 4.76766 -2.7157 -0.347547 4.14433 -1.86214 0.238903 -2.45892 3.86239 0.014135 0 0]
325,11,41853050336,41853153094,1001569904,393535199.1,41880709538,41880709472,1001760628,394263020.7,-41880709538,[0.00833922 4.4243 -3.47408 0.13397 -0.0509932 -0.223621 -0.111342 -0.00858144 0.0581575 3.34871 -6.66336 0.0339049 0.0527773 -0.0290731 -0.0421757 -0.0906434 -0.33452 -0.448652 -0.0173043 -0.0237888 0.0232966 -0.0555022 -0.206609 -0.221554 -0.0740986 -0.0107711 -0.0764407 -0.173267 0.175802 0.149238 -0.0480525 -0.21716 -0.150348 -0.0525376 -0.280174 -0.235758 -0.00152286 0.000117815 0.510228 -0.156962 -0.268791 -0.246898 -0.131862 -0.471437 -0.670941 1.81291 -1.45335 -0.45871 -0.260421 -0.363923 -0.29129 0.0810664 0.480103 0.514383 -0.713627 -1.11806 0.0491761 -0.0442311 0.144843 -0.0431525 -0.431941 -0.365211 -0.232888 0.0136514 0.210796 0.447419 0.393046 -1.21215 0.39041 1.00515 -0.202919 0.135013 -0.00236855 0.030782 0.0488866 0.215 0.580339 0.478247 -1.04702 -0.996704 -0.681155 0.630886 0.548259 0.704088 2.65152 -5.65164 -0.0334299 -0.0138898 0.000494194 -0.00321121 0.000323079 -0.0102089 0.0012979 -0.0772128 -0.0209215 -0.0120627 -0.0127434 -0.00222199 0.410414 0.732643 1.69175 0.812448 -0.107192 -0.00939785 -0.0110406 -0.0171502 -0.0675075 -0.0886721 -0.00366356 1.18213 0.748354 0.953382 0.213179 -0.038145 -0.085133 -0.0303501 -0.157305 -0.010999 0.852954 1.78852 1.50243 0.420409 -0.00908344 -0.0121699 -0.00795915 -0.00579231 -0.0128335 -0.0229287 -0.007912 0.20551 1.49162 1.72796 0.564506 0.114405 -6.36062e-05 1.67551 -0.0547477 -0.519442 0.473147 0.175859 -8.64162 0.000371089 -0.00824381 -0.00580711 0.000750189],10,[-4.18807e+10 -4.18807e+10 -4.18807e+10 -4.18807e+10 -4.18807e+10 -4.18807e+10 -4.18807e+10 -4.18807e+10 -4.18807e+10 -4.18807e+10],[0 0 0 0 0 0 0 0 0 0],[-192131 -726399;-191006 -727539;-191139 -727364;-190626 -727919;-190724 -727822;-192153 -726375;-190262 -728283;-191773 -726768;-190993 -727544;-190752 -727794],0.066086466,0.065840628,0.019042546,0.184944462,1,1,-41880700000,,[0.00833922 4.4243 -3.47408 0 0.13397 -0.0509932 -0.223621 -0.111342 -0.00858144 0.0581575 3.34871 -6.66336 0.0339049 0.0527773 -0.0290731 -0.0421757 -0.0906434 -0.33452 -0.448652 -0.0173043 -0.0237888 0.0232966 -0.0555022 -0.206609 -0.221554 -0.0740986 -0.0107711 -0.0764407 -0.173267 0.175802 0.149238 -0.0480525 -0.21716 -0.150348 -0.0525376 -0.280174 -0.235758 0 -0.00152286 0.000117815 0.510228 0 -0.156962 -0.268791 -0.246898 -0.131862 -0.471437 -0.670941 1.81291 -1.45335 -0.45871 0 0 -0.260421 -0.363923 -0.29129 0.0810664 0.480103 0.514383 -0.713627 -1.11806 0.0491761 -0.0442311 0.144843 -0.0431525 -0.431941 -0.365211 -0.232888 0.0136514 0.210796 0.447419 0.393046 -1.21215 0.39041 1.00515 -0.202919 0.135013 -0.00236855 0.030782 0.0488866 0.215 0.580339 0.478247 -1.04702 -0.996704 -0.681155 0.630886 0.548259 0.704088 2.65152 -5.65164 -0.0334299 -0.0138898 0.000494194 -0.00321121 0.000323079 -0.0102089 0.0012979 -0.0772128 -0.0209215 -0.0120627 -0.0127434 -0.00222199 0 0.410414 0.732643 1.69175 0.812448 -0.107192 -0.00939785 -0.0110406 -0.0171502 -0.0675075 -0.0886721 -0.00366356 0 1.18213 0.748354 0.953382 0.213179 -0.038145 0 -0.085133 -0.0303501 -0.157305 -0.010999 0 0.852954 1.78852 1.50243 0.420409 -0.00908344 -0.0121699 -0.00795915 -0.00579231 -0.0128335 -0.0229287 -0.007912 0 0.20551 1.49162 1.72796 0.564506 0.114405 -6.36062e-05 0 0 0 1.67551 -0.0547477 -0.519442 0.473147 0.175859 -8.64162 0.000371089 -0.00824381 -0.00580711 0.000750189 0]
30,12,44820544530,44820656808,1013016416,481005477.9,44850097150,44850097109,1013016296,481986941.3,-44850097150,[0.00639271 0.0361283 0.0776297 0.0268778 -0.00265233 0.0170544 0.0254252 0.198054 0.0809027 0.0700253 -0.195203 -0.134396 -0.00370955 -0.0625862 0.064344 0.0351089 0.00728218 0.111016 0.1684 0.0264857 0.0450953 -0.0354415 0.0189346 -0.10038 0.0269579 -0.0609547 -0.0410835 -0.152848 -0.00443266 -0.0651279 0.00270708 0.0429585 -0.120045 0.172363 -0.0689765 -0.210455 0.0116111 -0.0235637 -0.123925 -0.2191 -0.249693 -0.858339 0.0508118 0.253016 0.227469 0.367329 -0.205393 0.22381 -0.253133 -0.117723 -0.0411376 0.356218 0.270342 0.0571703 0.25729 -0.285965 0.664139 -0.207407 0.458129 -0.512963 -0.0556601 -0.0277904 -0.00267229 -0.32046 0.12099 -0.133671 -0.150171 -0.0928397 0.254576 -0.0153197 -0.0953168 0.0495804 0.0804701 1.71279 -0.00171219 -0.0406989 0.148664 0.306852 -0.0889468 0.643998 -0.226708 0.00388481 2.56733 2.80953 -0.0572549 0.178404 0.145421 -0.304129 -0.247058 0.274831 0.443682 1.28234 -0.98251 -0.317255 -0.0271217 0.00155045 -0.00037336 0.817548 1.53844 -0.365486 -0.730683 -0.373078 -0.126857 -0.014652 0.00143368 -0.0124367 0.00750643 -0.000809681 15.6955 -0.88419 -0.130203 -0.0739829 -0.325907 -0.140839 -0.0117893 0.00608972 0.00344574 0.0138659 0.108976 0.306117 -0.0470503 -0.0190084 0.113869 -0.34385 -0.166325 0.00298694 -0.000761546 0.0128916 -0.00827301 -0.204838 -0.96288 -0.0314802 -0.0120513 -0.0330814 -0.0147431 -0.0108509 -0.00501723 -0.78728 -0.172525 0.0324866 0.0506963 0.00937711 -0.00545778 -0.00664376 -0.0221161],10,[-4.48501e+10 -4.48501e+10 -4.48501e+10 -4.48501e+10 -4.48501e+10 -4.48501e+10 -4.48501e+10 -4.48501e+10 -4.48501e+10 -4.48501e+10],[0 0 0 0 0 0 0 0 0 0],[69.8855 -981146;104.765 -981056;249.236 -981354;76.8559 -981166;346.924 -981322;105.539 -980849;120.109 -981463;190.277 -980934;469.347 -981500;183.773 -980716],0.065935432,0.065684672,-1.19E-05,0.204044139,0,1,-44850100000,,[0.00639271 0.0361283 0.0776297 0.0268778 -0.00265233 0.0170544 0.0254252 0.198054 0.0809027 0.0700253 -0.195203 -0.134396 -0.00370955 -0.0625862 0.064344 0.0351089 0.00728218 0.111016 0.1684 0.0264857 0.0450953 -0.0354415 0.0189346 -0.10038 0.0269579 -0.0609547 -0.0410835 -0.152848 0 0 -0.00443266 -0.0651279 0.00270708 0.0429585 -0.120045 0 0.172363 -0.0689765 -0.210455 0.0116111 -0.0235637 -0.123925 -0.2191 -0.249693 -0.858339 0.0508118 0.253016 0.227469 0.367329 -0.205393 0.22381 -0.253133 -0.117723 -0.0411376 0.356218 0.270342 0.0571703 0.25729 -0.285965 0.664139 -0.207407 0.458129 -0.512963 -0.0556601 -0.0277904 -0.00267229 -0.32046 0.12099 -0.133671 -0.150171 -0.0928397 0.254576 -0.0153197 -0.0953168 0.0495804 0.0804701 1.71279 0 -0.00171219 -0.0406989 0.148664 0.306852 -0.0889468 0.643998 -0.226708 0.00388481 0 2.56733 2.80953 -0.0572549 0 0.178404 0.145421 -0.304129 -0.247058 0.274831 0.443682 1.28234 -0.98251 -0.317255 -0.0271217 0.00155045 -0.00037336 0 0.817548 1.53844 -0.365486 -0.730683 -0.373078 -0.126857 -0.014652 0.00143368 -0.0124367 0.00750643 -0.000809681 0 15.6955 -0.88419 -0.130203 -0.0739829 -0.325907 -0.140839 -0.0117893 0.00608972 0.00344574 0.0138659 0 0.108976 0.306117 -0.0470503 -0.0190084 0.113869 -0.34385 -0.166325 0.00298694 -0.000761546 0.0128916 -0.00827301 0 -0.204838 -0.96288 -0.0314802 -0.0120513 -0.0330814 -0.0147431 -0.0108509 -0.00501723 0 -0.78728 -0.172525 0.0324866 0.0506963 0.00937711 0 0 -0.00545778 -0.00664376 -0.0221161 0]
45,12,44770788569,44770900976,1012995863,479367503.2,44775489083,44775489093,1012943232,479573071.4,-44775489083,[0.0501492 -0.242819 -0.094604 0.0266425 -0.0133328 0.125131 -0.117628 0.0520476 0.00989663 -0.0398749 -0.0119553 -0.0618709 0.0784021 0.0658076 -0.007396 -0.00590134 -0.0118349 0.155686 0.404389 0.0287791 0.075267 0.00626812 -0.00482745 -0.135226 0.058131 0.0607928 -0.11472 -0.292184 -0.00705175 -0.102235 0.0203486 -0.0416513 0.0850963 0.11804 -0.0466591 -0.172072 -0.31791 -0.338108 -0.222846 -0.241064 -0.162049 -0.178414 -0.180461 -0.138722 0.432231 0.182203 0.106497 0.277986 -0.277627 0.016258 0.393377 0.548621 0.651876 0.398414 0.954999 1.37379 0.9093 0.948651 0.315285 -0.0465592 2.05953 0.0168246 -0.0084029 0.0304451 -0.0163522 0.24083 0.286634 1.16689 1.44449 0.432464 -0.354533 0.154302 0.0490917 0.0781793 0.0175493 -0.184584 -0.983994 1.62099 -0.0383321 -0.0384675 -0.0876105 -1.03901 -0.178886 1.41706 1.30601 -0.534974 -0.447422 -0.337399 -0.688912 -0.525999 -0.253611 -0.00225395 -0.123431 0.0219671 -0.0411364 0.046553 -0.424209 -0.614483 1.61115 -0.269576 -0.879362 -0.0936845 -0.231451 -1.49186 0.0105079 -0.0723536 -0.197213 -0.00380644 0.0272135 -0.696482 0.157047 -0.72049 -0.527994 -1.18933 -0.334858 -0.0520624 -0.543312 -0.420411 0.0548528 -0.364802 0.561997 -1.53292 -0.222484 1.62734 -2.06468 -0.0367464 0.151687 -0.194574 -0.104091 -1.33033 0.44006 -1.01908 0.16537 -0.750938 -0.586769 0.704139 0.0112701 -0.0406887 0.0115919 0.0223585 -0.0734761 -0.0493135 -0.00964899],10,[-4.47751e+10 -4.47753e+10 -4.47751e+10 -4.47751e+10 -4.47755e+10 -4.47754e+10 -4.47751e+10 -4.47751e+10 -4.47751e+10 -4.47751e+10],[0 -2 0 0 -2 -2 0 0 0 0],[16.7657 -139824;47398.6 -195603;27.663 -140001;424.263 -140879;52631.1 -205568;42747.3 -192428;39.6325 -140053;97.2958 -140188;15.4053 -140016;10.2941 -140011],0.010499064,0.010247987,-0.005195585,0.04288323,0,5,-44775500000,,[0.0501492 -0.242819 -0.094604 0.0266425 -0.0133328 0.125131 -0.117628 0.0520476 0.00989663 -0.0398749 -0.0119553 -0.0618709 0.0784021 0.0658076 -0.007396 -0.00590134 -0.0118349 0.155686 0.404389 0.0287791 0.075267 0.00626812 -0.00482745 -0.135226 0.058131 0.0607928 -0.11472 -0.292184 0 0 0 -0.00705175 -0.102235 0.0203486 -0.0416513 0 0.0850963 0.11804 -0.0466591 -0.172072 -0.31791 -0.338108 -0.222846 -0.241064 -0.162049 -0.178414 -0.180461 -0.138722 0.432231 0.182203 0.106497 0.277986 -0.277627 0.016258 0.393377 0.548621 0.651876 0.398414 0.954999 1.37379 0.9093 0.948651 0.315285 -0.0465592 2.05953 0 0.0168246 -0.0084029 0.0304451 -0.0163522 0.24083 0.286634 1.16689 1.44449 0.432464 -0.354533 0.154302 0 0 0.0490917 0.0781793 0.0175493 -0.184584 -0.983994 1.62099 -0.0383321 0 -0.0384675 -0.0876105 -1.03901 0 -0.178886 1.41706 1.30601 -0.534974 -0.447422 -0.337399 -0.688912 -0.525999 -0.253611 -0.00225395 -0.123431 0.0219671 -0.0411364 0.046553 -0.424209 -0.614483 1.61115 -0.269576 -0.879362 -0.0936845 -0.231451 -1.49186 0.0105079 -0.0723536 0 -0.197213 -0.00380644 0.0272135 -0.696482 0.157047 -0.72049 -0.527994 -1.18933 -0.334858 -0.0520624 0 -0.543312 -0.420411 0.0548528 -0.364802 0.561997 -1.53292 -0.222484 1.62734 -2.06468 -0.0367464 0.151687 0 -0.194574 -0.104091 -1.33033 0.44006 -1.01908 0.16537 -0.750938 -0.586769 0 0.704139 0.0112701 -0.0406887 0.0115919 0.0223585 0 0 -0.0734761 -0.0493135 -0.00964899 0]
100,12,44440976077,44441082196,1010032706,471336700.9,44473857220,44473857296,1010785898,471676011.9,-44473857220,[-9.04593e-05 -0.00989888 -0.0106881 -0.000883561 0.00163512 0.0107137 0.0174647 0.0138541 -0.0110939 -0.0224833 -0.00258341 0.00139568 -0.0121534 -0.0309922 0.0385646 0.0467028 -0.00263366 0.0543161 -0.0177287 -0.0363958 -0.00313052 0.00452259 0.006621 0.00616287 -0.0190243 0.00643522 -0.00842053 0.0156526 -0.0194386 0.00434138 0.00172016 -0.0215048 -0.0498924 -0.039471 0.0082287 0.0532152 0.0404775 0.0170134 0.0077583 -0.00196127 -0.00940762 -0.0196381 -0.0363286 0.000597409 -0.00328224 0.00183409 -0.00682159 -0.0215255 -0.00575823 0.000145779 -0.01302 -0.00476169 -0.00725441 -0.00775694 -0.00724421 0.0267571 0.00671618 0.00648367 -0.00656367 -0.000912269 0.00368126 -0.0101736 0.0102339 0.0361422 -0.007368 0.0258493 0.000100415 -0.000763006 -0.00371064 0.00657497 0.00504626 0.000502988 0.00614 0.285263 0.0434072 0.876081 -1.31794 0.479215 -0.969459 -0.165613 -0.0400983 -0.272252 -0.835645 -1.15671 -1.66862 -0.390473 0.519897 -2.97981 3.96218 4.95372 3.00701 -0.939365 -2.60255 -5.66277 0.889176 -0.766996 -1.70537 -0.125096 0.28441 3.11201 6.50686 1.8466 7.7597 -0.566439 -1.06013 -0.944108 -0.842485 -0.577303 1.83084 -9.0427 12.6145 -3.02618 -1.64868 -1.40754 -2.41352 2.96488 -0.664938 -0.329188 0.367691 -1.07601 2.68164 -0.765596 -4.87339 1.59198 0.100453 -2.33754 -0.245642 -0.556015 -0.00637995],10,[-4.44739e+10 -4.44739e+10 -4.44739e+10 -4.44739e+10 -4.44738e+10 -4.44738e+10 -4.44738e+10 -4.44739e+10 -4.44738e+10 -4.44738e+10],[0 0 0 0 0 0 0 0 0 0],[-762707 -329673;-757762 -334624;-756358 -336049;-753192 -339311;-764714 -327328;-753965 -338260;-757655 -334463;-759049 -333425;-764273 -327904;-759221 -332973],0.073988346,0.073749553,0.074571082,0.071989088,1,1,-44473900000,,[0 -9.04593e-05 -0.00989888 -0.0106881 0 -0.000883561 0.00163512 0.0107137 0.0174647 0.0138541 -0.0110939 -0.0224833 0 -0.00258341 0.00139568 -0.0121534 -0.0309922 0.0385646 0.0467028 -0.00263366 0.0543161 -0.0177287 -0.0363958 -0.00313052 0.00452259 0.006621 0.00616287 -0.0190243 0 0 0 0.00643522 0 0 -0.00842053 0 0.0156526 -0.0194386 0.00434138 0.00172016 -0.0215048 -0.0498924 -0.039471 0.0082287 0.0532152 0.0404775 0.0170134 0.0077583 -0.00196127 -0.00940762 -0.0196381 -0.0363286 0.000597409 -0.00328224 0.00183409 -0.00682159 -0.0215255 -0.00575823 0.000145779 -0.01302 -0.00476169 -0.00725441 -0.00775694 -0.00724421 0.0267571 0.00671618 0.00648367 0 0 -0.00656367 -0.000912269 0.00368126 -0.0101736 0.0102339 0.0361422 -0.007368 0.0258493 0 0.000100415 0 0 -0.000763006 0 0 -0.00371064 0.00657497 0 0 0.00504626 0.000502988 0 0.00614 0.285263 0.0434072 0.876081 -1.31794 0.479215 -0.969459 -0.165613 -0.0400983 -0.272252 -0.835645 -1.15671 -1.66862 -0.390473 0.519897 -2.97981 3.96218 4.95372 3.00701 -0.939365 -2.60255 -5.66277 0.889176 -0.766996 -1.70537 -0.125096 0.28441 3.11201 6.50686 1.8466 7.7597 -0.566439 -1.06013 -0.944108 -0.842485 -0.577303 1.83084 -9.0427 12.6145 -3.02618 -1.64868 -1.40754 -2.41352 2.96488 -0.664938 -0.329188 0.367691 -1.07601 2.68164 -0.765596 -4.87339 1.59198 0.100453 -2.33754 -0.245642 -0.556015 -0.00637995 0 0 0 0 0 0 0 0 0 0 0]
145,12,45097271809,45097379434,1003011439,500234541.9,45105029670,45105029647,1003271133,500229854.9,-45105029670,[-0.00396233 -0.0168691 -0.0238172 0.00352206 0.0163884 -0.00921639 -0.029442 -0.0180107 -0.0370067 0.0222545 0.0279682 0.0189894 -0.00830853 0.00576121 0.000723495 -0.00744416 0.0142905 0.0346797 -0.0234882 0.0248571 0.0286674 0.00742403 0.00319671 0.0456395 0.0290076 -0.0233741 -0.0404289 0.0392229 -0.00969865 -0.00951664 0.0127615 -0.0511739 -0.0495167 -0.0023158 1.50285 0.038156 -0.0128914 -0.0249424 -0.0132561 -0.0101907 -0.0447747 0.0407386 -0.0705014 -0.112617 -0.114107 0.05896 -0.0139811 -0.031993 -0.038582 -0.0103174 0.00317781 -0.0376445 0.0733844 0.0390195 0.0243662 -0.0652192 0.00350729 0.109014 -0.026134 0.00359485 0.0400386 0.000712027 0.0290507 -0.022047 0.0103457 -0.00720707 0.193875 0.16376 0.662846 0.0269241 -0.0190918 -0.0292025 -0.00953266 0.0627613 0.739067 2.16134 0.96437 -0.00646364 0.0275554 2.84255 5.43265 -0.0165021 0.00241717 0.0118692 -0.00197921 0.0186531 0.0592527 -0.016302 -0.00224259 0.00752876 0.0422675 0.0536327 -0.0193996 -0.0343223 0.00343084 -0.0205814 -0.0126322 -0.0042985 0.0283353 0.0318698 0.121278 0.148694 -0.116459 0.115314 0.159517 -0.199799 -0.979603 -0.0323842 -0.0165378 0.00936744 0.00500367 -0.00260472 0.0495475 0.220785 0.174159 -0.0957718 -0.190971 -0.180707 -0.344575 -0.19133 -0.0312489 -0.00261852 -0.0165983 0.00735716 0.297156 0.551025 0.0817358 -0.278938 -0.233107 0.452121 -0.0826573 -0.417334 -0.192079 -0.0364627 0.0923122 0.311316 -0.113377 -0.0068307 0.0450829 0.0104869 -0.00100746 -0.00196474 0.0095936 0.0315981 0.00273917 -0.00504536 -0.00372191],10,[-4.5105e+10 -4.51044e+10 -4.5105e+10 -4.51047e+10 -4.51044e+10 -4.51046e+10 -4.5105e+10 -4.51044e+10 -4.51045e+10 -4.51046e+10],[0 0 0 0 0 0 0 0 0 0],[-259694 4687;-237193 1671.92;-259002 5167.56;-246244 3316.58;-233938 1359.96;-244607 2537.28;-258782 5500.37;-235761 1783.94;-237689 1715.13;-244829 3186.28],0.017202506,0.016963764,0.02589144,-0.00093696,0,1,-45105000000,,[0 -0.00396233 -0.0168691 -0.0238172 0 0.00352206 0.0163884 -0.00921639 -0.029442 -0.0180107 -0.0370067 0.0222545 0 0.0279682 0.0189894 -0.00830853 0.00576121 0.000723495 -0.00744416 0 0.0142905 0.0346797 -0.0234882 0.0248571 0.0286674 0.00742403 0.00319671 0.0456395 0 0 0.0290076 -0.0233741 -0.0404289 0.0392229 -0.00969865 0 -0.00951664 0.0127615 -0.0511739 -0.0495167 -0.0023158 1.50285 0.038156 -0.0128914 -0.0249424 -0.0132561 -0.0101907 -0.0447747 0.0407386 -0.0705014 -0.112617 -0.114107 0.05896 -0.0139811 -0.031993 -0.038582 -0.0103174 0.00317781 -0.0376445 0.0733844 0.0390195 0.0243662 -0.0652192 0.00350729 0.109014 -0.026134 0.00359485 0.0400386 0.000712027 0.0290507 -0.022047 0.0103457 -0.00720707 0.193875 0.16376 0.662846 0.0269241 0 -0.0190918 -0.0292025 -0.00953266 0.0627613 0.739067 2.16134 0.96437 -0.00646364 0 0.0275554 2.84255 5.43265 0 -0.0165021 0.00241717 0.0118692 -0.00197921 0.0186531 0.0592527 -0.016302 -0.00224259 0.00752876 0.0422675 0.0536327 -0.0193996 -0.0343223 0.00343084 -0.0205814 -0.0126322 -0.0042985 0.0283353 0.0318698 0.121278 0.148694 -0.116459 0.115314 0.159517 -0.199799 -0.979603 -0.0323842 -0.0165378 0.00936744 0.00500367 -0.00260472 0.0495475 0.220785 0.174159 -0.0957718 -0.190971 -0.180707 -0.344575 -0.19133 -0.0312489 -0.00261852 -0.0165983 0.00735716 0.297156 0.551025 0.0817358 -0.278938 -0.233107 0.452121 -0.0826573 -0.417334 -0.192079 -0.0364627 0.0923122 0.311316 -0.113377 -0.0068307 0.0450829 0 0.0104869 -0.00100746 -0.00196474 0.0095936 0.0315981 0 0.00273917 -0.00504536 -0.00372191]
190,12,39982926328,39983052613,953206708.6,379561711.8,42013026394,42013023379,986939229.3,413494883.4,-42013026394,[-0.0153232 -0.0335381 0.00760885 -0.0734203 -0.0505308 -0.0143443 0.0921536 0.0481511 -0.0283655 -0.00153554 0.0246559 -0.0229541 -0.0382379 0.0267217 -0.0375028 -0.0249258 0.0726974 -0.0353162 0.069512 -0.0124839 -0.0636608 -0.158667 0.0238186 -0.0580433 0.119187 -0.966824 0.0263701 -0.0787037 -0.0178826 0.0399231 -0.277862 0.133766 -0.0710205 -0.957328 -1.4352 0.0635981 0.0240051 -0.0165045 0.0650421 -0.0677408 -0.00391277 0.00643302 -0.727133 -0.0864988 0.0198133 -2.29241 0.128336 0.0370432 1.71248 3.74151 -0.0466146 -0.29996 0.201399 -0.0482653 0.762555 0.882972 0.079627 0.0674071 3.28825 0.195314 -0.236092 16.6654 0.0484607 -0.500287 -1.31799 0.593769 -0.228313 0.30844 0.386372 -0.0408744 -0.750155 -0.258463 -6.04653 -0.509421 -0.0960725 -0.288586 -0.0265341 -0.00303026 21.1162 22.4349 16.0252 19.6372 30 13.7231 11.9181 14.8919 17.4141 15.5057 8.6332 -9.26883 27.6231 13.5854 9.1971 12.2796 11.1228 13.7425 12.4579 15.9078 15.2751 13.4105 7.95156 -30 -7.11915 6.8225 14.8124 14.8669 8.26521 1.62246 7.26191 14.249 8.74426 9.82009 5.11296 12.3038 9.95687 5.32389 6.93075 13.7999 9.87453 13.4698 14.3541 8.97771 6.93151 5.44376 -8.2339 30 23.0961 10.5742 8.58564 2.81587 0.836254 0.1431 0.0205245 30 -5.38154 24.1602 27.0788 21.169 11.2053 1.09806 17.05 26.314 21.257 10.2562],10,[-4.19698e+10 -4.19697e+10 -4.20129e+10 -4.2013e+10 -4.20119e+10 -4.2013e+10 -4.19696e+10 -4.2013e+10 -4.20082e+10 -4.20124e+10],[0 2 0 0 0 0 0 0 0 0],[-3.1963e+07 -3.42604e+07;-3.18473e+07 -3.43753e+07;-3.3751e+07 -3.39104e+07;-3.37827e+07 -3.38809e+07;-3.38329e+07 -3.37949e+07;-3.37671e+07 -3.38961e+07;-3.19438e+07 -3.42754e+07;-3.37325e+07 -3.39332e+07;-3.40646e+07 -3.34401e+07;-3.38308e+07 -3.38134e+07],5.077417419,5.077077996,3.538846328,8.940093416,1,4,-42013000000,,[0 0 0 -0.0153232 0 0 0 0 -0.0335381 0.00760885 -0.0734203 -0.0505308 0 0 0 -0.0143443 0.0921536 0.0481511 -0.0283655 0 0 0 0 -0.00153554 0.0246559 -0.0229541 -0.0382379 0.0267217 0 -0.0375028 -0.0249258 0.0726974 -0.0353162 0.069512 -0.0124839 -0.0636608 -0.158667 0.0238186 -0.0580433 0.119187 -0.966824 0.0263701 -0.0787037 -0.0178826 0.0399231 -0.277862 0.133766 -0.0710205 -0.957328 -1.4352 0.0635981 0.0240051 -0.0165045 0.0650421 -0.0677408 -0.00391277 0.00643302 -0.727133 -0.0864988 0.0198133 -2.29241 0.128336 0.0370432 1.71248 3.74151 -0.0466146 -0.29996 0.201399 -0.0482653 0.762555 0.882972 0.079627 0.0674071 3.28825 0.195314 -0.236092 16.6654 0.0484607 -0.500287 -1.31799 0.593769 -0.228313 0.30844 0.386372 -0.0408744 -0.750155 -0.258463 -6.04653 -0.509421 -0.0960725 -0.288586 -0.0265341 -0.00303026 21.1162 22.4349 16.0252 19.6372 30 13.7231 11.9181 14.8919 17.4141 15.5057 8.6332 -9.26883 27.6231 13.5854 9.1971 12.2796 11.1228 13.7425 12.4579 15.9078 15.2751 13.4105 7.95156 -30 -7.11915 6.8225 14.8124 14.8669 8.26521 1.62246 7.26191 14.249 8.74426 9.82009 5.11296 12.3038 9.95687 5.32389 6.93075 13.7999 9.87453 13.4698 14.3541 8.97771 6.93151 5.44376 -8.2339 30 23.0961 10.5742 8.58564 2.81587 0.836254 0.1431 0.0205245 30 -5.38154 24.1602 27.0788 21.169 11.2053 1.09806 17.05 26.314 21.257 10.2562]
225,12,44757641743,44757755786,1012187656,479737537.2,44761735362,44761735354,1012310391,479747454.2,-44761735362,[0.000357274 0.0245558 -0.014206 -0.00876125 0.103591 -0.000683853 -0.0139175 -0.047029 0.0803669 -0.0075067 -0.0336958 -0.00139665 0.0824481 0.0444145 0.0170822 0.11587 -0.0124975 0.0422141 0.0100786 -0.047072 -0.0113574 -0.0705267 0.0361383 0.0854921 -0.0255281 0.00353938 0.0249835 -0.118825 -0.000297419 -0.0791702 0.0813749 -0.0728804 -0.00049029 0.0311337 0.0291684 0.0156562 0.000415582 -0.137465 -0.0158149 -0.100496 -0.0740937 0.0171002 -0.046749 0.0974979 0.147845 0.0386718 -0.0421096 0.0401061 -2.0832 -0.0332757 0.0713913 -0.00226732 -0.105242 0.076821 0.0219044 -0.0791187 0.101011 -0.0496092 0.0510507 0.185752 0.0360699 0.0877547 -0.0147152 -0.0496033 -0.0370711 0.0896128 -0.190965 0.158553 0.0897732 0.7421 -0.025 0.00632973 -0.0973271 0.492222 -0.129934 0.0727965 0.000564942 -0.000201 -0.00118111 0.0015305 4.91083e-05 -0.713559 2.99868 -2.18271 -0.631277 -1.08769 -0.261689 -0.136519 -0.344516 1.33683 0.26246 -0.299449 0.323169 -1.62959 0.544195 -1.77582 -0.324193 0.366525 0.359051 -0.672228 0.0977845 0.142088 0.147956 0.660661 0.939009 -0.0190804 -1.00391 -1.99234 -0.442028 -1.51862 0.059414 -0.181753 1.27452 -0.292864 -0.602697 0.293364 -0.0283405 -0.567325 0.275157 -1.06608 0.907085 -0.429251 -0.480977 -0.000619471 0.319883 0.192962 0.278325 -0.383756 -0.0324852 0.0995867 -0.413129 0.358511 -1.14638 0.302248 -0.709785 0.487734],10,[-4.47617e+10 -4.47617e+10 -4.47617e+10 -4.47617e+10 -4.47617e+10 -4.47617e+10 -4.47617e+10 -4.47617e+10 -4.47617e+10 -4.47617e+10],[0 0 0 0 0 0 0 0 0 0],[-122735 -9917.06;-122793 -9859.25;-122763 -9889.19;-122748 -9903.34;-122774 -9878.5;-122738 -9913.42;-122792 -9859.57;-122743 -9909.44;-122759 -9892.85;-122824 -9828.21],0.00914619,0.008891348,0.012125736,0.002067185,1,1,-44761700000,,[0 0 0 0 0 0.000357274 0.0245558 -0.014206 -0.00876125 0.103591 0 0 0 -0.000683853 -0.0139175 -0.047029 0.0803669 -0.0075067 -0.0336958 0 -0.00139665 0.0824481 0.0444145 0.0170822 0.11587 -0.0124975 0.0422141 0.0100786 0 -0.047072 -0.0113574 -0.0705267 0.0361383 0.0854921 -0.0255281 0.00353938 0.0249835 0 -0.118825 -0.000297419 0 0 -0.0791702 0.0813749 -0.0728804 -0.00049029 0.0311337 0.0291684 0.0156562 0.000415582 0 0 0 -0.137465 -0.0158149 -0.100496 -0.0740937 0.0171002 -0.046749 0.0974979 0.147845 0.0386718 -0.0421096 0.0401061 -2.0832 -0.0332757 0.0713913 -0.00226732 -0.105242 0.076821 0.0219044 -0.0791187 0.101011 -0.0496092 0.0510507 0.185752 0.0360699 0.0877547 -0.0147152 -0.0496033 -0.0370711 0.0896128 -0.190965 0.158553 0.0897732 0.7421 -0.025 0.00632973 -0.0973271 0.492222 -0.129934 0.0727965 0 0 0 0 0 0 0.000564942 0 -0.000201 -0.00118111 0.0015305 4.91083e-05 -0.713559 2.99868 -2.18271 -0.631277 -1.08769 -0.261689 -0.136519 -0.344516 1.33683 0.26246 -0.299449 0.323169 -1.62959 0.544195 -1.77582 -0.324193 0.366525 0.359051 -0.672228 0.0977845 0.142088 0.147956 0.660661 0.939009 -0.0190804 -1.00391 -1.99234 -0.442028 -1.51862 0.059414 -0.181753 1.27452 -0.292864 -0.602697 0.293364 -0.0283405 -0.567325 0.275157 -1.06608 0.907085 -0.429251 -0.480977 -0.000619471 0.319883 0.192962 0.278325 -0.383756 -0.0324852 0.0995867 -0.413129 0.358511 -1.14638 0.302248 -0.709785 0.487734]
280,12,44322503637,44322609502,1014298968,463121348.7,44333827967,44333827999,1014283551,463510715.3,-44333827967,[-1.18421 -0.0992983 -0.0478785 0.0510494 0.0401639 -0.0581325 -0.0735339 0.0112592 0.153023 0.0941749 0.00882337 0.0247594 0.0873718 -0.109073 0.0836671 -0.0201055 -0.109986 0.2273 0.000539183 -0.00139772 -0.0684136 0.0806864 0.0918292 -0.10686 0.173995 -0.0714218 0.0896153 -0.0405133 0.112587 0.0616773 -0.00305424 -0.0726089 -0.0299159 -0.0263418 0.124161 -0.032278 -0.0561214 0.0810037 -0.0519046 -0.00804088 0.0880787 0.0857638 0.0319209 0.0473153 -0.0401421 0.0758521 0.043747 -0.0926631 -0.000764698 -0.0539345 -0.0535176 0.0425663 -0.0569794 -0.116956 -0.018354 0.030185 -0.209272 0.908061 0.152518 -0.0542914 0.0468497 -0.0319556 0.044676 -0.000810085 0.0148277 0.0731601 -0.0508127 -0.218303 -0.552223 0.523333 -0.026128 -0.155929 -0.211718 -0.22815 -0.267271 -0.328642 0.123723 -0.585581 -0.626783 -0.275314 -0.653971 -0.736206 0.374875 -0.621945 0.00174855 -0.149929 -0.241754 -1.19046 2.14816 1.58512 1.81089 2.55119 3.19236 6.05328 -0.0062924 1.27519 -0.264222 -0.366408 -3.53656 0.787353 0.502898 0.107158 0.209504 -0.0347936 -3.39463 0.517375 2.18996 1.94036 -1.38039 -0.875912 -0.490334 -0.345203 -1.7006 0.264859 0.463238 2.96109 -2.34019 -0.262036 0.818116 -1.09703 1.06341 -0.311302 3.82356 -1.71633 0.118203 1.10151 -0.519028 0.143528 -1.1288 0.833115 -0.0034325],10,[-4.43338e+10 -4.43338e+10 -4.43338e+10 -4.43338e+10 -4.43338e+10 -4.43338e+10 -4.43333e+10 -4.43338e+10 -4.43336e+10 -4.43338e+10],[0 -2 0 0 0 0 -2 0 -2 -2],[210.384 -371966;22949.6 -394413;484.268 -372429;558.495 -372679;2904.54 -376624;3224.66 -377174;19011.9 -374846;50.9867 -371805;26767.4 -392537;15416.7 -389367],0.025549845,0.025311003,-0.001519935,0.084074421,0,1,-44333800000,,[-1.18421 -0.0992983 0 0 -0.0478785 0.0510494 0.0401639 -0.0581325 -0.0735339 0.0112592 0.153023 0 0.0941749 0.00882337 0.0247594 0.0873718 -0.109073 0.0836671 -0.0201055 -0.109986 0.2273 0.000539183 -0.00139772 -0.0684136 0.0806864 0.0918292 -0.10686 0.173995 -0.0714218 0.0896153 -0.0405133 0.112587 0.0616773 -0.00305424 -0.0726089 -0.0299159 -0.0263418 0 0.124161 -0.032278 -0.0561214 0 0.0810037 -0.0519046 -0.00804088 0.0880787 0.0857638 0.0319209 0.0473153 -0.0401421 0.0758521 0 0 0.043747 -0.0926631 -0.000764698 -0.0539345 -0.0535176 0.0425663 -0.0569794 -0.116956 -0.018354 0.030185 -0.209272 0.908061 0.152518 -0.0542914 0.0468497 -0.0319556 0.044676 -0.000810085 0.0148277 0.0731601 -0.0508127 -0.218303 -0.552223 0.523333 -0.026128 -0.155929 -0.211718 -0.22815 -0.267271 -0.328642 0.123723 -0.585581 -0.626783 -0.275314 -0.653971 -0.736206 0.374875 -0.621945 0.00174855 0 0 0 0 0 0 0 0 0 0 0 0 -0.149929 -0.241754 -1.19046 2.14816 1.58512 1.81089 2.55119 3.19236 6.05328 -0.0062924 0 0 1.27519 -0.264222 -0.366408 -3.53656 0.787353 0.502898 0.107158 0.209504 -0.0347936 0 0 -3.39463 0.517375 2.18996 1.94036 -1.38039 -0.875912 -0.490334 -0.345203 -1.7006 0.264859 0 0 0.463238 2.96109 -2.34019 -0.262036 0.818116 -1.09703 1.06341 -0.311302 0 3.82356 -1.71633 0.118203 1.10151 -0.519028 0.143528 -1.1288 0.833115 -0.0034325 0 0]
325,12,45018738758,45018842209,1013041071,487587002.3,45023584301,45023584294,1012983694,487802448.8,-45023584301,[0.00736893 -0.161348 0.0770782 0.00565528 0.00850026 0.00648412 0.033757 -0.0346275 -0.00233524 0.176166 -0.263257 0.0339881 0.0125583 0.0409274 0.0170442 0.0300368 -0.0616173 -0.0854621 0.0181021 -0.0247276 -0.00640635 0.0256931 -0.0325079 -0.0506049 -0.0278465 0.00417535 0.0118781 0.00787204 0.0770292 0.0579693 0.0652365 0.0404114 0.0450411 -0.0379028 -0.0620782 0.0268015 -0.0127723 -0.0115483 -0.0620996 -0.0360549 -0.0450228 -0.0743843 -0.0514522 -0.0146883 -0.0121449 0.284541 -0.175112 -0.072508 -0.228306 -0.149705 -0.0869046 0.00223305 0.201958 0.193609 -0.129706 -0.380801 -0.064505 -0.0516296 0.0742508 0.0569141 -0.232702 -0.167211 -0.111557 -0.041638 0.0758139 0.267284 0.28668 -0.485632 0.489203 0.847355 -0.252039 -0.165255 -0.0592569 0.0327734 0.0301428 0.156238 0.420306 0.633768 -0.437969 -0.627375 -0.20367 0.329089 0.28064 0.89876 0.536163 -2.68245 -0.0363394 0.092622 -0.0920495 -0.04249 -0.0207693 -0.008803 0.0209042 -0.041236 -0.00735617 0.0781922 7.1903e-05 0.0650828 -0.795694 0.107758 0.524427 0.149835 0.151112 0.0505007 -0.00484453 -0.0550931 -0.186873 0.036438 0.229646 2.29712 0.0443812 0.0184802 0.0196558 -0.287748 -0.0452608 0.0131822 -0.0768116 -0.0492957 -0.0943991 0.368637 0.311751 0.158662 -0.00481932 0.123296 -0.00249297 0.0739465 -0.130816 0.0232952 -0.065255 -0.643493 1.15343 0.81828 0.385695 0.26257 -0.0159931 0.212899 -0.120555 -0.182899 0.125005 0.0761883 -5.2819 -0.0104865 0.0598733 0.0578968 -0.122961],10,[-4.50234e+10 -4.50234e+10 -4.5023e+10 -4.50227e+10 -4.50227e+10 -4.50229e+10 -4.50229e+10 -4.50227e+10 -4.50236e+10 -4.50228e+10],[-2 -2 0 0 0 0 0 0 -2 0],[38104.2 -190132;37801.7 -190436;3364.53 -140676;658.833 -130612;310.49 -128825;2178.09 -137022;1807.39 -135656;616.916 -130147;57377 -215446;1404.14 -133094],0.010763392,0.010533555,-0.005663839,0.044186268,0,9,-45023600000,,[0.00736893 -0.161348 0.0770782 0 0.00565528 0.00850026 0.00648412 0.033757 -0.0346275 -0.00233524 0.176166 -0.263257 0.0339881 0.0125583 0.0409274 0.0170442 0.0300368 -0.0616173 -0.0854621 0.0181021 -0.0247276 -0.00640635 0.0256931 -0.0325079 -0.0506049 -0.0278465 0.00417535 0.0118781 0.00787204 0.0770292 0.0579693 0.0652365 0.0404114 0.0450411 -0.0379028 -0.0620782 0.0268015 0 -0.0127723 -0.0115483 -0.0620996 0 -0.0360549 -0.0450228 -0.0743843 -0.0514522 -0.0146883 -0.0121449 0.284541 -0.175112 -0.072508 0 0 -0.228306 -0.149705 -0.0869046 0.00223305 0.201958 0.193609 -0.129706 -0.380801 -0.064505 -0.0516296 0.0742508 0.0569141 -0.232702 -0.167211 -0.111557 -0.041638 0.0758139 0.267284 0.28668 -0.485632 0.489203 0.847355 -0.252039 -0.165255 -0.0592569 0.0327734 0.0301428 0.156238 0.420306 0.633768 -0.437969 -0.627375 -0.20367 0.329089 0.28064 0.89876 0.536163 -2.68245 -0.0363394 0.092622 -0.0920495 -0.04249 -0.0207693 -0.008803 0.0209042 -0.041236 -0.00735617 0.0781922 7.1903e-05 0.0650828 0 -0.795694 0.107758 0.524427 0.149835 0.151112 0.0505007 -0.00484453 -0.0550931 -0.186873 0.036438 0.229646 0 2.29712 0.0443812 0.0184802 0.0196558 -0.287748 0 -0.0452608 0.0131822 -0.0768116 -0.0492957 0 -0.0943991 0.368637 0.311751 0.158662 -0.00481932 0.123296 -0.00249297 0.0739465 -0.130816 0.0232952 -0.065255 0 -0.643493 1.15343 0.81828 0.385695 0.26257 -0.0159931 0 0 0 0.212899 -0.120555 -0.182899 0.125005 0.0761883 -5.2819 -0.0104865 0.0598733 0.0578968 -0.122961 0]
30,13,45364069317,45364177821,1013828515,498310745.5,45365358249,45365358245,1013818502,498360106.2,-45365358249,[0.0675159 0.0485088 0.0461193 -0.0644992 0.0141857 0.00150261 -0.0251746 0.00521705 -0.0106773 -0.00329841 0.00272637 0.0304071 -0.0144034 0.00399534 0.0179835 -0.0124069 -0.00408899 -0.00793071 0.0621922 0.0426324 0.0226691 0.0132246 -0.005981 -0.0130662 -0.00831334 -0.0152876 0.0638051 0.021176 -0.00237619 -0.00915568 -0.0127055 0.0217628 0.0222025 0.00126834 -0.00424646 -0.00743348 0.0098452 0.0305804 -0.0180143 -0.0224102 -0.0706319 0.0634635 -0.0110056 -0.0268644 0.038718 0.083248 -0.0360761 -0.00132144 -0.011138 -0.00591217 0.00118064 0.0367774 0.0408082 -0.0954227 -0.0416048 -7.57195e-05 -0.0636909 -0.0342428 -0.0130353 -0.196074 -0.00833691 0.00500626 -0.00612907 0.0961569 -0.0453439 0.0600908 0.0900219 -0.120431 -0.0465604 0.00368286 0.041435 -0.0120973 0.0319172 0.312086 0.00412425 0.00954604 0.000298459 0.169987 -0.0483911 -0.0134454 -0.00824704 -0.00216367 0.106121 1.36056 0.0159276 -0.0143491 -0.0468632 -0.0197358 0.0349213 0.00201068 -0.0384266 0.149486 0.00590761 -0.112547 -0.0458736 0.0190271 -0.00722826 -0.0295726 -0.12231 -0.101748 -0.0640141 0.0501064 0.0214951 0.0733907 0.0152786 -0.0777823 0.0194478 0.0787547 3.18984 -0.0711771 -0.0176494 -0.178911 0.0993732 0.0481758 -0.0327855 -0.0432213 -0.00890754 0.0333638 -0.0443847 0.00585548 -0.0312521 -0.0987778 0.0398803 0.0835949 0.0408991 -0.0705126 0.0939196 0.079908 0.0264714 0.00866827 0.121106 -0.000509095 -0.041448 0.0538608 0.06007 0.0398381 -0.0659316 -0.259134 0.111081 0.058985 -0.0177537 -0.0400799 0.0495224 -0.0221176 -0.158767],10,[-4.53653e+10 -4.53653e+10 -4.53653e+10 -4.53653e+10 -4.53653e+10 -4.53654e+10 -4.53653e+10 -4.53653e+10 -4.53653e+10 -4.53653e+10],[-2 -2 -2 -2 -2 -2 -2 -2 -2 -2],[9488.09 -47902;10162.2 -48873.1;10824.6 -47174.9;10848.9 -47651.8;10449.5 -49431.3;10013.3 -49360.7;8812.88 -47359.1;10582.1 -49475.5;10527.9 -49463.5;10910 -48432.5],0.002841307,0.002602105,-0.00098767,0.009905613,0,6,-45365400000,,[0.0675159 0.0485088 0.0461193 -0.0644992 0.0141857 0.00150261 -0.0251746 0.00521705 -0.0106773 -0.00329841 0.00272637 0.0304071 -0.0144034 0.00399534 0.0179835 -0.0124069 -0.00408899 -0.00793071 0.0621922 0.0426324 0.0226691 0.0132246 -0.005981 -0.0130662 -0.00831334 -0.0152876 0.0638051 0.021176 0 0 -0.00237619 -0.00915568 -0.0127055 0.0217628 0.0222025 0 0.00126834 -0.00424646 -0.00743348 0.0098452 0.0305804 -0.0180143 -0.0224102 -0.0706319 0.0634635 -0.0110056 -0.0268644 0.038718 0.083248 -0.0360761 -0.00132144 -0.011138 -0.00591217 0.00118064 0.0367774 0.0408082 -0.0954227 -0.0416048 -7.57195e-05 -0.0636909 -0.0342428 -0.0130353 -0.196074 -0.00833691 0.00500626 -0.00612907 0.0961569 -0.0453439 0.0600908 0.0900219 -0.120431 -0.0465604 0.00368286 0.041435 -0.0120973 0.0319172 0.312086 0 0.00412425 0.00954604 0.000298459 0.169987 -0.0483911 -0.0134454 -0.00824704 -0.00216367 0 0.106121 1.36056 0.0159276 0 -0.0143491 -0.0468632 -0.0197358 0.0349213 0.00201068 -0.0384266 0.149486 0.00590761 -0.112547 -0.0458736 0.0190271 -0.00722826 0 -0.0295726 -0.12231 -0.101748 -0.0640141 0.0501064 0.0214951 0.0733907 0.0152786 -0.0777823 0.0194478 0.0787547 0 3.18984 -0.0711771 -0.0176494 -0.178911 0.0993732 0.0481758 -0.0327855 -0.0432213 -0.00890754 0.0333638 0 -0.0443847 0.00585548 -0.0312521 -0.0987778 0.0398803 0.0835949 0.0408991 -0.0705126 0.0939196 0.079908 0.0264714 0 0.00866827 0.121106 -0.000509095 -0.041448 0.0538608 0.06007 0.0398381 -0.0659316 0 -0.259134 0.111081 0.058985 -0.0177537 -0.0400799 0 0 0.0495224 -0.0221176 -0.158767 0]
45,13,45459547652,45459656508,1013846159,501475725,45459676886,45459676886,1013846610,501475953.3,-45459676886,[0.0148161 -0.0191762 -0.0119526 0.0801697 -0.00713719 -0.0451304 0.0186411 -0.0245258 0.0151666 0.0813187 -0.0331584 -0.0138691 0.0203982 0.0169167 0.0205952 -0.00421046 0.0384854 -0.060277 -0.0125833 -0.00883544 0.00764385 0.0129988 -0.00290668 0.0180442 -0.030044 -0.0190586 0.044315 0.0225511 -0.000678542 0.0118465 -0.0491906 0.0184579 0.00215619 -0.0128213 0.0592696 0.0449589 -0.0380398 -0.0265925 0.0201081 0.0382698 0.045687 0.0383609 -0.0361544 -0.0165096 0.0303854 0.0194469 -0.00560926 -0.0162155 -0.0103086 0.0236354 -0.0232767 -0.040292 -0.0977721 -0.0402359 0.091403 0.021166 -0.00470555 0.065241 -0.00946492 0.00546226 0.0534479 -0.000952721 0.0393533 -0.00762023 0.0102663 -0.0407957 0.0619776 0.12351 -0.0208342 -0.0461662 0.0172033 0.00169888 -0.00052913 0.0112509 -0.015534 -0.0304849 -0.0713309 0.0226235 -0.0228347 -0.000481586 0.0167253 -0.0680282 0.0250936 -0.0237705 -0.0147459 -0.00502551 0.0156255 0.0305326 0.017661 -0.0296569 0.0162274 0.00273889 0.0143462 0.00150446 -0.000470029 0.043991 0.0215319 -0.0217961 -0.0435775 -0.0152119 0.0107546 0.0663791 -0.00906312 -0.00934735 -0.00206206 -0.00109133 0.00803323 -0.00496917 0.00693776 0.00783561 0.00612839 -0.0448485 -0.052752 0.0216292 0.00487371 -0.000197265 0.0384617 -0.0147459 0.0031437 0.0102823 0.00222233 -0.0134948 0.000530677 0.0501228 -0.0556674 -0.0033173 0.000271565 0.00402924 0.00582653 -0.00704527 0.00584608 -0.01081 -0.0144685 0.0320499 -0.0067885 -0.00361682 -0.000316504 0.000481242 0.000209759 0.000183753 -0.000180091 0.000116434 -0.000766929],10,[-4.54597e+10 -4.54597e+10 -4.54597e+10 -4.54597e+10 -4.54597e+10 -4.54597e+10 -4.54597e+10 -4.54597e+10 -4.54597e+10 -4.54597e+10],[0 2 0 0 0 0 2 0 2 2],[-450.611 -228.56;-452.476 -226.615;-450.179 -229.067;-451.925 -227.204;-449.801 -229.278;-451.373 -227.813;-450.909 -228.368;-449.171 -230.011;-452.062 -227.158;-448.667 -230.36],0.000284282,4.48E-05,4.45E-05,4.55E-05,1,1,-45459700000,,[0.0148161 -0.0191762 -0.0119526 0.0801697 -0.00713719 -0.0451304 0.0186411 -0.0245258 0.0151666 0.0813187 -0.0331584 -0.0138691 0.0203982 0.0169167 0.0205952 -0.00421046 0.0384854 -0.060277 -0.0125833 -0.00883544 0.00764385 0.0129988 -0.00290668 0.0180442 -0.030044 -0.0190586 0.044315 0.0225511 0 0 0 -0.000678542 0.0118465 -0.0491906 0.0184579 0 0.00215619 -0.0128213 0.0592696 0.0449589 -0.0380398 -0.0265925 0.0201081 0.0382698 0.045687 0.0383609 -0.0361544 -0.0165096 0.0303854 0.0194469 -0.00560926 -0.0162155 -0.0103086 0.0236354 -0.0232767 -0.040292 -0.0977721 -0.0402359 0.091403 0.021166 -0.00470555 0.065241 -0.00946492 0.00546226 0.0534479 0 -0.000952721 0.0393533 -0.00762023 0.0102663 -0.0407957 0.0619776 0.12351 -0.0208342 -0.0461662 0.0172033 0.00169888 0 0 -0.00052913 0.0112509 -0.015534 -0.0304849 -0.0713309 0.0226235 -0.0228347 0 -0.000481586 0.0167253 -0.0680282 0 0.0250936 -0.0237705 -0.0147459 -0.00502551 0.0156255 0.0305326 0.017661 -0.0296569 0.0162274 0.00273889 0.0143462 0.00150446 -0.000470029 0.043991 0.0215319 -0.0217961 -0.0435775 -0.0152119 0.0107546 0.0663791 -0.00906312 -0.00934735 -0.00206206 -0.00109133 0 0.00803323 -0.00496917 0.00693776 0.00783561 0.00612839 -0.0448485 -0.052752 0.0216292 0.00487371 -0.000197265 0 0.0384617 -0.0147459 0.0031437 0.0102823 0.00222233 -0.0134948 0.000530677 0.0501228 -0.0556674 -0.0033173 0.000271565 0 0.00402924 0.00582653 -0.00704527 0.00584608 -0.01081 -0.0144685 0.0320499 -0.0067885 0 -0.00361682 -0.000316504 0.000481242 0.000209759 0.000183753 0 0 -0.000180091 0.000116434 -0.000766929 0]
100,13,45428974617,45429079344,1013685223,500617421.5,45429737312,45429737314,1013687057,500637519.9,-45429737312,[0.00149744 -0.000677441 -0.0125035 -0.00108709 0.000378941 0.00407021 0.0092297 0.0042734 -0.00364162 -0.00711728 0.000404628 0.000330797 0.00567186 0.0139693 0.00613301 0.000500647 -6.09166e-05 0.00266044 -0.000953914 -0.00214416 -0.00142161 0.000158044 0.00244896 0.00541254 0.00617179 0.000269144 -0.000404019 -0.00122526 -0.00345929 0.00139889 0.00134548 -0.00242793 -0.0108427 0.00751966 0.00319872 -0.000814533 -0.000110933 -4.85558e-05 0.000957347 0.00184218 0.000762054 -0.00194527 -0.00682731 0.00590081 -0.000497909 -8.18273e-05 0.00462805 0.0113957 0.0131977 0.00662276 0.00162208 0.000185236 0.000589954 0.00254893 0.00353278 -0.00145021 0.000250226 9.4977e-05 -5.67216e-05 0.000821041 0.00420783 -0.00661946 -0.00906027 0.00083112 0.000824194 -0.000132443 -0.000152182 -0.000119449 -0.00041021 -0.000159159 -0.000253662 0.00156354 0.19557 -0.00444268 0.0621843 -0.0771643 -0.0324037 -0.0418144 0.012218 -0.0178914 0.0311891 0.117858 -0.0910713 -0.138705 -0.0667024 0.00207203 0.0682985 0.113759 -0.0460834 0.0622445 0.35317 -0.382727 -0.399074 0.0295641 -0.0570009 -0.100932 0.000300969 -0.00367711 0.0822915 0.0310785 0.685795 -0.570985 -0.023313 -0.0504309 0.0940048 -0.0303942 -0.0762111 0.0919492 0.0312253 2.74381 0.0188045 -0.121125 -0.0236459 0.0781289 0.060432 -0.0323704 0.0344604 0.0292524 -0.0827614 0.153681 -0.0325207 -0.116599 -0.0272558 0.0956781 0.00991687 0.0595827 -0.0412811 -0.0144675],10,[-4.54297e+10 -4.54297e+10 -4.54297e+10 -4.54297e+10 -4.54297e+10 -4.54297e+10 -4.54297e+10 -4.54297e+10 -4.54297e+10 -4.54297e+10],[0 0 0 0 0 0 2 2 0 0],[-1831.04 -20101.2;-1836.72 -20095.5;-1828.02 -20103.8;-1831.17 -20101.1;-1833.77 -20098.5;-1835.57 -20096.8;-1832 -20100.1;-1840.8 -20090.8;-1834 -20098.4;-1834.97 -20097.2],0.001678872,0.001448347,0.000180924,0.004014713,1,1,-45429700000,,[0 0.00149744 -0.000677441 -0.0125035 0 -0.00108709 0.000378941 0.00407021 0.0092297 0.0042734 -0.00364162 -0.00711728 0 0.000404628 0.000330797 0.00567186 0.0139693 0.00613301 0.000500647 -6.09166e-05 0.00266044 -0.000953914 -0.00214416 -0.00142161 0.000158044 0.00244896 0.00541254 0.00617179 0 0 0 0.000269144 0 0 -0.000404019 0 -0.00122526 -0.00345929 0.00139889 0.00134548 -0.00242793 -0.0108427 0.00751966 0.00319872 -0.000814533 -0.000110933 -4.85558e-05 0.000957347 0.00184218 0.000762054 -0.00194527 -0.00682731 0.00590081 -0.000497909 -8.18273e-05 0.00462805 0.0113957 0.0131977 0.00662276 0.00162208 0.000185236 0.000589954 0.00254893 0.00353278 -0.00145021 0 0.000250226 0 0 9.4977e-05 -5.67216e-05 0.000821041 0.00420783 -0.00661946 -0.00906027 0.00083112 0.000824194 0 -0.000132443 0 0 -0.000152182 0 0 -0.000119449 -0.00041021 0 0 -0.000159159 -0.000253662 0 0.00156354 0.19557 -0.00444268 0.0621843 -0.0771643 -0.0324037 -0.0418144 0.012218 -0.0178914 0.0311891 0.117858 -0.0910713 -0.138705 -0.0667024 0.00207203 0.0682985 0.113759 -0.0460834 0.0622445 0.35317 -0.382727 -0.399074 0.0295641 -0.0570009 -0.100932 0.000300969 -0.00367711 0.0822915 0.0310785 0.685795 -0.570985 -0.023313 -0.0504309 0.0940048 -0.0303942 -0.0762111 0.0919492 0.0312253 2.74381 0.0188045 -0.121125 -0.0236459 0.0781289 0.060432 -0.0323704 0.0344604 0.0292524 -0.0827614 0.153681 -0.0325207 -0.116599 -0.0272558 0.0956781 0.00991687 0.0595827 -0.0412811 -0.0144675 0 0 0 0 0 0 0 0 0 0 0]
145,13,45433514051,45433619370,1013454279,500999700.4,45433678677,45433678677,1013457674,500998282.1,-45433678677,[1.11048e-05 0.00476617 0.0051066 0.00283124 0.000605827 -0.00960719 -0.00460088 -0.0062347 -0.0167718 -0.00186761 0.00369759 0.00612522 0.00728412 -0.00815389 -0.00343434 0.00421319 0.000998432 0.00182553 0.0114953 -0.0151703 -0.0108804 -0.00976056 -0.00813291 -0.0117001 0.00624573 0.0131378 0.00860417 -0.00856365 -0.00945613 0.000500334 -0.0290719 -0.0170215 -0.0115356 -0.00304096 0.18792 -0.00458718 -0.00864215 -0.0147342 0.00891929 0.00908555 0.0478712 0.0177325 0.0178769 0.0201061 0.16108 -0.0228921 -0.00213072 -0.00135953 -0.00767705 -0.0113807 -0.000300864 0.0216359 0.056852 0.017971 -0.0332908 -0.0294918 -0.0177863 -0.00737594 -0.00115814 -0.0015785 0.00519495 0.00322664 0.000202479 0.00278552 0.0114056 0.0306883 -0.00789875 0.0148427 0.03594 0.00442741 0.00427825 0.00699478 -0.0198029 -0.00556086 -0.0453174 -0.0839962 0.0298892 -0.018446 0.0114251 0.127071 0.191771 -0.00160816 0.0101671 -0.0255631 -0.0237807 0.0507702 -0.0738784 -0.0367653 0.000934533 0.0273806 0.0146985 -0.00429707 -0.0200488 -0.00414431 0.0643798 -0.024656 -0.0458158 -0.0165969 0.00314049 0.00570836 0.025651 0.0327754 -0.00779307 -0.0329886 -0.00666497 0.0099148 -0.153993 0.0172123 0.00994033 0.0241124 0.00584469 0.00969867 -0.0323876 -0.0266258 -0.035558 -0.000779098 0.0158905 -0.292495 -0.0289759 0.0465521 0.0224427 0.0233103 0.0122814 0.00363208 0.142013 0.24025 -0.0426002 -0.0867076 -0.0889231 0.397789 -0.0714317 -0.0525095 -0.0574301 -0.0313391 0.0110037 0.0215395 -0.0181808 -0.00572116 -0.018587 -0.00120098 0.000504659 0.000285571 0.0031371 0.0240354 -0.000725039 0.000270902 0.00239913],10,[-4.54337e+10 -4.54337e+10 -4.54337e+10 -4.54337e+10 -4.54337e+10 -4.54337e+10 -4.54337e+10 -4.54337e+10 -4.54337e+10 -4.54337e+10],[2 -2 2 2 2 2 2 2 -2 2],[-3395.13 1418.26;-3541.6 1576.93;-3484.38 1515.71;-3400.05 1426.92;-3475.93 1502.57;-3440.8 1465.56;-3507.54 1549.92;-3545.62 1581.46;-3538.12 1574.18;-3465.69 1496.7],0.000362345,0.000130534,0.000335006,-0.000283086,0,1,-45433700000,,[0 1.11048e-05 0.00476617 0.0051066 0 0.00283124 0.000605827 -0.00960719 -0.00460088 -0.0062347 -0.0167718 -0.00186761 0 0.00369759 0.00612522 0.00728412 -0.00815389 -0.00343434 0.00421319 0 0.000998432 0.00182553 0.0114953 -0.0151703 -0.0108804 -0.00976056 -0.00813291 -0.0117001 0 0 0.00624573 0.0131378 0.00860417 -0.00856365 -0.00945613 0 0.000500334 -0.0290719 -0.0170215 -0.0115356 -0.00304096 0.18792 -0.00458718 -0.00864215 -0.0147342 0.00891929 0.00908555 0.0478712 0.0177325 0.0178769 0.0201061 0.16108 -0.0228921 -0.00213072 -0.00135953 -0.00767705 -0.0113807 -0.000300864 0.0216359 0.056852 0.017971 -0.0332908 -0.0294918 -0.0177863 -0.00737594 -0.00115814 -0.0015785 0.00519495 0.00322664 0.000202479 0.00278552 0.0114056 0.0306883 -0.00789875 0.0148427 0.03594 0.00442741 0 0.00427825 0.00699478 -0.0198029 -0.00556086 -0.0453174 -0.0839962 0.0298892 -0.018446 0 0.0114251 0.127071 0.191771 0 -0.00160816 0.0101671 -0.0255631 -0.0237807 0.0507702 -0.0738784 -0.0367653 0.000934533 0.0273806 0.0146985 -0.00429707 -0.0200488 -0.00414431 0.0643798 -0.024656 -0.0458158 -0.0165969 0.00314049 0.00570836 0.025651 0.0327754 -0.00779307 -0.0329886 -0.00666497 0.0099148 -0.153993 0.0172123 0.00994033 0.0241124 0.00584469 0.00969867 -0.0323876 -0.0266258 -0.035558 -0.000779098 0.0158905 -0.292495 -0.0289759 0.0465521 0.0224427 0.0233103 0.0122814 0.00363208 0.142013 0.24025 -0.0426002 -0.0867076 -0.0889231 0.397789 -0.0714317 -0.0525095 -0.0574301 -0.0313391 0.0110037 0.0215395 -0.0181808 -0.00572116 -0.018587 0 -0.00120098 0.000504659 0.000285571 0.0031371 0.0240354 0 -0.000725039 0.000270902 0.00239913]
190,13,43535825668,43535947614,999514906.7,451683347.1,44429413126,44429412057,1009388170,471592231.9,-44429413126,[0.00382817 0.0525562 0.0577518 0.0255625 0.0213478 0.020041 -0.000300794 -0.00356978 -0.000503323 -0.00114411 0.00792432 -0.0230532 0.0170031 -0.0211684 -0.00804672 -0.00442942 0.0294398 -0.0360838 0.0105392 -0.0138273 -0.0098477 0.0480673 -0.0109503 0.00783023 -0.0123648 0.0664911 0.00116113 -0.0107458 -0.049025 -0.0365997 0.0349454 -0.0153994 0.0403509 0.0355832 0.0898086 -0.0298972 0.0119557 0.00329973 -0.0312487 0.00789864 -0.01418 -0.00719215 0.0276207 0.00695854 0.0422825 0.0202507 0.0130751 -0.0154679 -0.262977 0.0819666 0.0178838 -0.041389 -0.000649732 0.0283253 0.014353 0.0500901 -0.029089 -0.0386697 -0.0377607 -0.0407997 0.0111632 0.177143 -0.0206252 -0.0424726 0.240414 0.00469439 -0.0405501 0.0117173 -0.0634062 0.0745631 0.0452801 -0.0163147 -1.30458 -0.0757521 0.0378137 -0.100015 -0.0226323 0.00925755 15.7289 19.4022 14.0016 16.2926 29.1695 10.8016 10.405 11.9475 12.1086 9.14432 3.39481 -0.517546 2.56034 1.73897 0.718067 0.198556 -0.0172854 0.211952 0.207531 -0.140269 0.124091 -0.225436 -0.288332 -30 -5.02428 -1.63964 6.12028 4.78837 2.35303 0.512561 0.0135285 0.155297 -0.138398 -0.134779 0.462026 -0.0365983 -0.362424 -0.0345313 0.156893 -0.192424 -0.00387167 -0.146085 0.156041 -0.0488567 0.0967201 0.0437424 -1.22487 13.9623 8.68491 2.86773 1.29182 0.423525 0.0249607 0.000167499 -0.0301088 13.4252 -3.10283 7.81094 21.7687 16.483 7.50976 1.03222 8.72535 17.2057 12.5202 4.7376],10,[-4.44294e+10 -4.44294e+10 -4.44292e+10 -4.44294e+10 -4.44294e+10 -4.44294e+10 -4.44293e+10 -4.44293e+10 -4.44294e+10 -4.44294e+10],[0 2 0 0 0 0 0 0 0 0],[-9.86346e+06 -1.99167e+07;-9.87326e+06 -1.99089e+07;-9.85975e+06 -1.9916e+07;-9.87946e+06 -1.99013e+07;-9.8401e+06 -1.99408e+07;-9.86737e+06 -1.99148e+07;-9.86907e+06 -1.99107e+07;-9.85614e+06 -1.99237e+07;-9.86222e+06 -1.99193e+07;-9.86024e+06 -1.99207e+07],2.052533619,2.05224531,0.987805504,4.407708403,1,1,-44429400000,,[0 0 0 0.00382817 0 0 0 0 0.0525562 0.0577518 0.0255625 0.0213478 0 0 0 0.020041 -0.000300794 -0.00356978 -0.000503323 0 0 0 0 -0.00114411 0.00792432 -0.0230532 0.0170031 -0.0211684 0 -0.00804672 -0.00442942 0.0294398 -0.0360838 0.0105392 -0.0138273 -0.0098477 0.0480673 -0.0109503 0.00783023 -0.0123648 0.0664911 0.00116113 -0.0107458 -0.049025 -0.0365997 0.0349454 -0.0153994 0.0403509 0.0355832 0.0898086 -0.0298972 0.0119557 0.00329973 -0.0312487 0.00789864 -0.01418 -0.00719215 0.0276207 0.00695854 0.0422825 0.0202507 0.0130751 -0.0154679 -0.262977 0.0819666 0.0178838 -0.041389 -0.000649732 0.0283253 0.014353 0.0500901 -0.029089 -0.0386697 -0.0377607 -0.0407997 0.0111632 0.177143 -0.0206252 -0.0424726 0.240414 0.00469439 -0.0405501 0.0117173 -0.0634062 0.0745631 0.0452801 -0.0163147 -1.30458 -0.0757521 0.0378137 -0.100015 -0.0226323 0.00925755 15.7289 19.4022 14.0016 16.2926 29.1695 10.8016 10.405 11.9475 12.1086 9.14432 3.39481 -0.517546 2.56034 1.73897 0.718067 0.198556 -0.0172854 0.211952 0.207531 -0.140269 0.124091 -0.225436 -0.288332 -30 -5.02428 -1.63964 6.12028 4.78837 2.35303 0.512561 0.0135285 0.155297 -0.138398 -0.134779 0.462026 -0.0365983 -0.362424 -0.0345313 0.156893 -0.192424 -0.00387167 -0.146085 0.156041 -0.0488567 0.0967201 0.0437424 -1.22487 13.9623 8.68491 2.86773 1.29182 0.423525 0.0249607 0.000167499 -0.0301088 13.4252 -3.10283 7.81094 21.7687 16.483 7.50976 1.03222 8.72535 17.2057 12.5202 4.7376]
225,13,45455923143,45456033737,1013869661,501331463.9,45456055970,45456055971,1013870399,501331467.2,-45456055970,[-0.000327271 -0.00779461 0.00190591 0.000961691 -0.000134898 0.00055048 0.00254542 0.00207987 -0.0083094 0.0403854 0.0359915 -0.00027363 -0.0222863 -0.0350819 -0.0337775 -0.0363444 -0.0248614 -0.0173134 -0.00500834 -0.0113088 -0.0193349 -0.0233193 0.0760998 0.0705601 0.0551662 0.00820283 -0.00128312 0.0501299 -0.000199342 0.0137905 -0.0374604 -0.0132177 0.0330444 0.000306739 0.0062095 0.0042648 0.000742773 0.00860587 0.0336067 0.0171145 0.00298357 -0.00328362 -0.00113206 0.027813 0.0420562 0.00937031 -0.00710077 0.00188412 -0.0397846 0.0377516 0.0318746 -0.0627543 0.0444333 0.0319776 0.0249479 -0.0398206 0.00256634 -0.00280755 0.0258288 0.0445812 0.0203133 -0.0284543 -0.0147591 -0.00199302 -0.0108228 -0.00215469 0.0155298 -0.0377162 -0.0221913 -0.0820533 -0.0314875 -0.0327466 0.0345464 -0.0470507 0.00609877 -0.0134 -0.000907908 -4.91441e-06 0.000576553 -0.00060465 0.000835193 -0.117849 0.0455296 0.0402145 -0.0202433 -0.0608643 0.00996078 0.0377689 0.0411807 -0.0271346 -0.0258581 0.0179574 0.0161646 0.0123744 0.00886728 0.0536541 -0.0281045 -0.0251721 0.0275359 -0.0461237 0.0351501 0.0597203 0.0294956 -0.00443608 -0.0488068 -0.0629614 -0.00392834 0.145042 0.0159729 -0.0802589 0.00359238 -0.00944021 0.00030984 0.00411593 -0.00220061 0.00998478 -0.0131221 0.109638 -0.0834814 -0.0211815 0.0284404 -0.0241646 0.109864 -0.0351894 0.00550499 -0.0669048 -0.0806202 0.0196895 0.022688 0.0114353 -0.0577731 0.0165954 0.0165643 0.0122591 0.0394275 -0.0265228],10,[-4.54561e+10 -4.54561e+10 -4.54561e+10 -4.54561e+10 -4.54561e+10 -4.54561e+10 -4.54561e+10 -4.54561e+10 -4.54561e+10 -4.54561e+10],[2 0 2 2 0 2 2 2 2 2],[-754.433 15.0038;-740.841 -0.249062;-745.018 4.66373;-738.27 -2.57923;-737.899 -3.23898;-743.982 3.63946;-739 -1.68037;-744.631 3.95496;-736.786 -4.11893;-741.302 0.356545],0.000292211,4.89E-05,7.28E-05,6.46E-07,1,1,-45456100000,,[0 0 0 0 0 -0.000327271 -0.00779461 0.00190591 0.000961691 -0.000134898 0 0 0 0.00055048 0.00254542 0.00207987 -0.0083094 0.0403854 0.0359915 0 -0.00027363 -0.0222863 -0.0350819 -0.0337775 -0.0363444 -0.0248614 -0.0173134 -0.00500834 0 -0.0113088 -0.0193349 -0.0233193 0.0760998 0.0705601 0.0551662 0.00820283 -0.00128312 0 0.0501299 -0.000199342 0 0 0.0137905 -0.0374604 -0.0132177 0.0330444 0.000306739 0.0062095 0.0042648 0.000742773 0 0 0 0.00860587 0.0336067 0.0171145 0.00298357 -0.00328362 -0.00113206 0.027813 0.0420562 0.00937031 -0.00710077 0.00188412 -0.0397846 0.0377516 0.0318746 -0.0627543 0.0444333 0.0319776 0.0249479 -0.0398206 0.00256634 -0.00280755 0.0258288 0.0445812 0.0203133 -0.0284543 -0.0147591 -0.00199302 -0.0108228 -0.00215469 0.0155298 -0.0377162 -0.0221913 -0.0820533 -0.0314875 -0.0327466 0.0345464 -0.0470507 0.00609877 -0.0134 0 0 0 0 0 0 -0.000907908 0 -4.91441e-06 0.000576553 -0.00060465 0.000835193 -0.117849 0.0455296 0.0402145 -0.0202433 -0.0608643 0.00996078 0.0377689 0.0411807 -0.0271346 -0.0258581 0.0179574 0.0161646 0.0123744 0.00886728 0.0536541 -0.0281045 -0.0251721 0.0275359 -0.0461237 0.0351501 0.0597203 0.0294956 -0.00443608 -0.0488068 -0.0629614 -0.00392834 0.145042 0.0159729 -0.0802589 0.00359238 -0.00944021 0.00030984 0.00411593 -0.00220061 0.00998478 -0.0131221 0.109638 -0.0834814 -0.0211815 0.0284404 -0.0241646 0.109864 -0.0351894 0.00550499 -0.0669048 -0.0806202 0.0196895 0.022688 0.0114353 -0.0577731 0.0165954 0.0165643 0.0122591 0.0394275 -0.0265228]
280,13,45461750790,45461853944,1013987608,501407523.5,45461880030,45461880031,1013988033,501407967.7,-45461880030,[-0.0107581 0.0302359 -0.0553961 0.00867169 0.0101722 0.0135467 0.00204097 -0.0068077 -0.0229833 0.00947804 0.0244049 0.0401088 0.0240396 -0.0329685 0.0410371 -0.0177171 -0.0243242 -0.071475 0.0275538 -0.033267 0.0138968 0.02152 0.00179814 -0.0476822 0.086009 0.0350172 0.0316519 0.0185254 -0.00615363 -0.0152868 -0.00625011 0.0151879 0.0177263 -0.0258741 -0.0212152 0.0470381 9.14544e-05 0.0826263 0.0593503 -0.0187046 -0.0165323 -0.0167357 -0.0165054 -0.0190357 -0.0382985 -0.00013132 0.0164712 0.0155394 0.00197107 -0.00375647 -0.0597669 -0.0167863 0.0554486 -0.0064701 -0.00738601 -0.00922722 0.00179995 -0.0229681 0.0332505 0.0401224 0.0255916 0.0154254 0.0230667 0.0292679 0.0267821 -0.00037547 -0.0324608 -0.0394563 0.00531318 -0.0193094 0.000700005 0.00902257 0.0217256 0.0295255 0.0384661 0.0315183 0.00682038 0.164578 0.0116606 -0.00228888 0.0186853 0.0346754 -0.0130879 -0.0521119 -0.00529032 0.00190427 -0.0041675 0.0152252 0.0234594 0.0117885 0.0757211 -0.0707497 0.00531794 0.0111859 -0.00115902 -0.0241122 -0.0709807 0.0383631 0.0337099 -0.00290949 -0.00181452 0.00763269 0.00224531 0.000592499 -0.0258945 0.00658442 0.0602345 -0.0472099 -0.164262 0.0512367 -0.0286461 0.000911988 -0.017977 0.00528996 0.0125008 -0.0466948 -0.141895 0.0816013 0.0105668 0.0526329 0.0130529 0.0150816 0.0842389 0.0383237 0.00137583 -0.0227723 0.0238167 -0.00704831 0.0471315 0.071193 -0.000276587],10,[-4.54619e+10 -4.54619e+10 -4.54619e+10 -4.54619e+10 -4.54619e+10 -4.54619e+10 -4.54619e+10 -4.54619e+10 -4.54619e+10 -4.54619e+10],[2 2 2 2 0 0 2 0 2 0],[-425.118 -444.374;-424.888 -444.568;-426.153 -443.212;-424.373 -445.081;-425.691 -443.847;-426.191 -443.303;-426.007 -443.49;-427.017 -442.534;-425.344 -444.21;-425.209 -444.146],0.000284284,5.74E-05,4.19E-05,8.86E-05,1,1,-45461900000,,[-0.0107581 0.0302359 0 0 -0.0553961 0.00867169 0.0101722 0.0135467 0.00204097 -0.0068077 -0.0229833 0 0.00947804 0.0244049 0.0401088 0.0240396 -0.0329685 0.0410371 -0.0177171 -0.0243242 -0.071475 0.0275538 -0.033267 0.0138968 0.02152 0.00179814 -0.0476822 0.086009 0.0350172 0.0316519 0.0185254 -0.00615363 -0.0152868 -0.00625011 0.0151879 0.0177263 -0.0258741 0 -0.0212152 0.0470381 9.14544e-05 0 0.0826263 0.0593503 -0.0187046 -0.0165323 -0.0167357 -0.0165054 -0.0190357 -0.0382985 -0.00013132 0 0 0.0164712 0.0155394 0.00197107 -0.00375647 -0.0597669 -0.0167863 0.0554486 -0.0064701 -0.00738601 -0.00922722 0.00179995 -0.0229681 0.0332505 0.0401224 0.0255916 0.0154254 0.0230667 0.0292679 0.0267821 -0.00037547 -0.0324608 -0.0394563 0.00531318 -0.0193094 0.000700005 0.00902257 0.0217256 0.0295255 0.0384661 0.0315183 0.00682038 0.164578 0.0116606 -0.00228888 0.0186853 0.0346754 -0.0130879 -0.0521119 -0.00529032 0 0 0 0 0 0 0 0 0 0 0 0 0.00190427 -0.0041675 0.0152252 0.0234594 0.0117885 0.0757211 -0.0707497 0.00531794 0.0111859 -0.00115902 0 0 -0.0241122 -0.0709807 0.0383631 0.0337099 -0.00290949 -0.00181452 0.00763269 0.00224531 0.000592499 0 0 -0.0258945 0.00658442 0.0602345 -0.0472099 -0.164262 0.0512367 -0.0286461 0.000911988 -0.017977 0.00528996 0 0 0.0125008 -0.0466948 -0.141895 0.0816013 0.0105668 0.0526329 0.0130529 0.0150816 0 0.0842389 0.0383237 0.00137583 -0.0227723 0.0238167 -0.00704831 0.0471315 0.071193 -0.000276587 0 0]
325,13,45442841262,45442942806,1013307903,501456857,45442958275,45442958275,1013307883,501457393.1,-45442958275,[0.00146262 0.0646477 -0.0524682 0.0162576 0.00165625 -0.00893087 -0.00666567 -0.000358737 -0.00168329 -0.0676933 0.124335 0.0123772 0.00641937 0.000463507 -0.00271786 -0.00231933 -0.00584982 -0.0101355 0.0107839 0.00612493 0.000951193 0.000380216 0.0022525 0.0016475 -0.000740888 -0.00269693 -0.00164259 -0.0125402 0.0173429 0.0128685 0.00442925 6.98539e-05 -0.00204787 -0.00668326 0.0125681 -0.00784308 0.000203234 9.26022e-05 0.0223269 -0.00170506 -0.00601418 -0.00604087 -0.00805991 -0.012508 -0.000127178 0.00949278 -0.00309341 0.00250461 -0.00961925 -0.0126461 -0.0134203 -0.00734882 -0.00889084 0.00377879 0.0195434 0.00825291 -0.00937833 -0.0163749 0.00443546 0.0182124 0.00735025 0.000475142 0.000143932 0.00168484 -0.000333366 -0.0111283 -0.0048488 0.00298015 0.0138941 0.0129441 -0.0192626 -0.0186389 0.00142866 0.00491917 0.00202935 -0.00848075 -0.0100883 -0.00346023 -0.0285533 0.00141174 0.00893482 -0.00469024 0.0390777 0.0369284 -0.11026 -0.123669 -0.00214635 -0.000215207 -0.00134884 0.000436395 0.000548326 0.000132432 -0.000633803 -0.00117761 -0.000302541 -0.00102527 0.000446177 -9.35136e-05 0.011632 0.000659251 -0.00042293 -0.00473166 0.00233752 0.000202734 -0.000804187 -0.000817395 -0.000254932 0.00042579 0.00108793 0.0466803 -0.0170615 -0.0148223 -0.00173252 -0.000653895 0.00147227 -0.000632022 -0.00128432 0.00012385 -0.0235731 0.00347852 0.00399534 -7.44579e-05 0.000363934 -0.000438514 0.000517728 7.75944e-05 0.000588775 0.000317459 0.00099712 -0.0138884 0.00764218 0.0240028 0.00807788 0.00145035 1.73402e-05 -0.0344609 -0.00609462 -0.00718142 0.0119432 0.00602624 0.207396 -0.000892547 0.000435789 0.00125078 -0.00050565],10,[-4.5443e+10 -4.5443e+10 -4.5443e+10 -4.5443e+10 -4.5443e+10 -4.5443e+10 -4.5443e+10 -4.5443e+10 -4.5443e+10 -4.5443e+10],[2 2 2 2 0 2 2 2 2 2],[20.4688 -536.1;20.3204 -535.873;24.2146 -538.544;24.9589 -539.507;0.387531 -515.106;25.9958 -541.625;21.5799 -537.126;18.3076 -533.075;20.9079 -536.08;23.7163 -538.202],0.000257493,3.40E-05,-2.02E-06,0.000106909,0,1,-45443000000,,[0.00146262 0.0646477 -0.0524682 0 0.0162576 0.00165625 -0.00893087 -0.00666567 -0.000358737 -0.00168329 -0.0676933 0.124335 0.0123772 0.00641937 0.000463507 -0.00271786 -0.00231933 -0.00584982 -0.0101355 0.0107839 0.00612493 0.000951193 0.000380216 0.0022525 0.0016475 -0.000740888 -0.00269693 -0.00164259 -0.0125402 0.0173429 0.0128685 0.00442925 6.98539e-05 -0.00204787 -0.00668326 0.0125681 -0.00784308 0 0.000203234 9.26022e-05 0.0223269 0 -0.00170506 -0.00601418 -0.00604087 -0.00805991 -0.012508 -0.000127178 0.00949278 -0.00309341 0.00250461 0 0 -0.00961925 -0.0126461 -0.0134203 -0.00734882 -0.00889084 0.00377879 0.0195434 0.00825291 -0.00937833 -0.0163749 0.00443546 0.0182124 0.00735025 0.000475142 0.000143932 0.00168484 -0.000333366 -0.0111283 -0.0048488 0.00298015 0.0138941 0.0129441 -0.0192626 -0.0186389 0.00142866 0.00491917 0.00202935 -0.00848075 -0.0100883 -0.00346023 -0.0285533 0.00141174 0.00893482 -0.00469024 0.0390777 0.0369284 -0.11026 -0.123669 -0.00214635 -0.000215207 -0.00134884 0.000436395 0.000548326 0.000132432 -0.000633803 -0.00117761 -0.000302541 -0.00102527 0.000446177 -9.35136e-05 0 0.011632 0.000659251 -0.00042293 -0.00473166 0.00233752 0.000202734 -0.000804187 -0.000817395 -0.000254932 0.00042579 0.00108793 0 0.0466803 -0.0170615 -0.0148223 -0.00173252 -0.000653895 0 0.00147227 -0.000632022 -0.00128432 0.00012385 0 -0.0235731 0.00347852 0.00399534 -7.44579e-05 0.000363934 -0.000438514 0.000517728 7.75944e-05 0.000588775 0.000317459 0.00099712 0 -0.0138884 0.00764218 0.0240028 0.00807788 0.00145035 1.73402e-05 0 0 0 -0.0344609 -0.00609462 -0.00718142 0.0119432 0.00602624 0.207396 -0.000892547 0.000435789 0.00125078 -0.00050565 0]
30,14,45442040525,45442145548,1013546211,501191974.2,45442168913,45442168913,1013545700,501193263.7,-45442168913,[-0.0148782 -0.0212072 -0.0105101 0.0390174 -0.0156695 0.019097 0.0208975 -0.0263884 -0.000276989 0.00318543 -0.010295 0.0105413 0.000435546 0.00621451 0.012463 0.0067267 -0.00821598 -0.00926588 0.0271589 0.0179121 -0.000515545 0.0257208 0.00703572 0.00193408 -0.00516525 0.0070945 -0.0269297 -0.0374186 -0.00940017 0.0123941 0.00196937 0.0164725 -0.0222448 -0.00081912 0.0056933 0.00960063 0.0102067 -0.00816949 0.00053747 0.00811792 0.0139997 -0.00901723 -0.0136964 -0.00342712 -0.0324728 0.00887071 0.0016854 -0.00631795 0.00331469 -0.00797674 -0.0152478 -0.020713 -0.0112256 -0.028641 0.0310918 0.0206148 0.0219563 0.00893452 0.010295 -0.000522665 0.000255141 0.00532505 0.00844104 -0.0196141 0.0116565 0.035062 0.00719805 -0.025421 -0.0437957 -0.0019563 -0.0105399 0.0102231 0.0001198 -0.0135289 0.0077057 0.00677935 -0.0185074 0.060317 -0.0181548 -0.00691089 0.0246703 -0.00370845 -0.0903733 0.341802 0.00274981 0.00431863 0.00646269 -0.0325436 -0.015441 -0.0093728 -0.00300719 0.0255731 0.00414417 0.00879181 -0.0100333 0.00446939 0.00872173 -0.00567751 -0.0147796 0.0155629 -0.0092969 0.00967708 -0.00156634 -0.0159148 -0.00508988 0.0258984 0.0215456 0.0199728 0.0314122 0.00657141 0.0197591 -0.00712434 -0.00604267 0.00632789 -0.00799449 0.0050625 0.0177515 0.00556702 -0.0289518 -0.0141817 -0.0117638 0.0059197 0.0130171 0.00841514 -0.000518308 -0.0144722 0.00319875 0.0120343 -0.000329464 0.014017 0.0410992 -0.0134354 0.00727723 6.58996e-05 -0.0215972 -0.0196343 -0.00733339 -0.163953 0.0111538 -0.0036941 0.00265618 0.00535396 0.00160394 0.000903648 -0.00717495],10,[-4.54422e+10 -4.54422e+10 -4.54422e+10 -4.54422e+10 -4.54422e+10 -4.54422e+10 -4.54422e+10 -4.54422e+10 -4.54422e+10 -4.54422e+10],[2 2 2 2 2 2 2 2 2 2],[503.571 -1253.1;510.685 -1289.52;508.828 -1263.46;553.375 -1301.86;526.678 -1282.94;522.197 -1266.5;548.957 -1319.43;529.833 -1276.21;503.928 -1273.08;504.216 -1269.21],0.000282532,5.14E-05,-5.04E-05,0.00025729,0,1,-45442200000,,[-0.0148782 -0.0212072 -0.0105101 0.0390174 -0.0156695 0.019097 0.0208975 -0.0263884 -0.000276989 0.00318543 -0.010295 0.0105413 0.000435546 0.00621451 0.012463 0.0067267 -0.00821598 -0.00926588 0.0271589 0.0179121 -0.000515545 0.0257208 0.00703572 0.00193408 -0.00516525 0.0070945 -0.0269297 -0.0374186 0 0 -0.00940017 0.0123941 0.00196937 0.0164725 -0.0222448 0 -0.00081912 0.0056933 0.00960063 0.0102067 -0.00816949 0.00053747 0.00811792 0.0139997 -0.00901723 -0.0136964 -0.00342712 -0.0324728 0.00887071 0.0016854 -0.00631795 0.00331469 -0.00797674 -0.0152478 -0.020713 -0.0112256 -0.028641 0.0310918 0.0206148 0.0219563 0.00893452 0.010295 -0.000522665 0.000255141 0.00532505 0.00844104 -0.0196141 0.0116565 0.035062 0.00719805 -0.025421 -0.0437957 -0.0019563 -0.0105399 0.0102231 0.0001198 -0.0135289 0 0.0077057 0.00677935 -0.0185074 0.060317 -0.0181548 -0.00691089 0.0246703 -0.00370845 0 -0.0903733 0.341802 0.00274981 0 0.00431863 0.00646269 -0.0325436 -0.015441 -0.0093728 -0.00300719 0.0255731 0.00414417 0.00879181 -0.0100333 0.00446939 0.00872173 0 -0.00567751 -0.0147796 0.0155629 -0.0092969 0.00967708 -0.00156634 -0.0159148 -0.00508988 0.0258984 0.0215456 0.0199728 0 0.0314122 0.00657141 0.0197591 -0.00712434 -0.00604267 0.00632789 -0.00799449 0.0050625 0.0177515 0.00556702 0 -0.0289518 -0.0141817 -0.0117638 0.0059197 0.0130171 0.00841514 -0.000518308 -0.0144722 0.00319875 0.0120343 -0.000329464 0 0.014017 0.0410992 -0.0134354 0.00727723 6.58996e-05 -0.0215972 -0.0196343 -0.00733339 0 -0.163953 0.0111538 -0.0036941 0.00265618 0.00535396 0 0 0.00160394 0.000903648 -0.00717495 0]
45,14,45446578651,45446683925,1013616620,501272844.6,45446687582,45446687582,1013616708,501272877.9,-45446687582,[0.0135525 7.93246e-05 0.00116103 -0.0279383 0.00532703 -0.011143 0.0188674 0.00208261 -0.0148013 0.032696 -0.0255651 0.00385286 0.0108147 0.00766613 0.010015 0.00653995 0.0171326 0.0294669 -0.0329463 -0.00592408 0.0037831 0.00647467 -0.00589408 0.0083981 0.00247758 -0.00126452 -0.023374 0.0113784 0.000647752 0.02767 -0.00117787 -0.0054505 -0.00979643 0.000704896 -0.0162364 -0.0182764 -0.00680439 -0.00500516 0.0189789 -0.030904 0.0277289 0.040518 0.0137712 0.00298544 -0.0140025 0.00123693 -0.00934318 -0.0111563 -0.00690341 -0.00280004 0.0125915 0.0171905 0.0203738 0.00826618 -0.00723846 -0.00182858 -0.0205086 -0.0113096 -0.0219395 -0.0006759 0.00892465 -0.000345937 -0.0122016 -0.00281921 -0.00336442 0.0286753 -0.0235285 -0.00160754 0.0159244 0.0146235 0.00683086 -0.011769 -0.000139823 0.0235664 0.0185804 -0.00391565 0.00444759 -0.0128758 -0.000239152 0.000291839 -0.00888862 -0.0144206 0.0200677 0.0166872 -0.0265639 -0.00180723 -0.00639585 -0.00179989 0.0169034 0.0330843 -0.0457713 0.0020657 0.0208899 0.00231801 0.000422283 0.00297413 -0.0125379 -0.000569429 0.0222938 0.0135743 -0.00640881 -0.0177237 -0.00335008 0.008204 0.00183338 0.000296432 -0.0150171 -0.00900644 0.00289926 0.00737925 0.0014567 -0.0127794 0.00861503 -0.00625115 -0.00136493 0.000632413 -0.0162451 0.00359383 0.0045637 5.98318e-05 -0.0105145 0.012817 0.00211172 0.000263574 -0.000803738 0.000476815 0.000719966 0.00225397 0.00400833 0.00774714 -0.00259157 0.00711083 0.0110736 0.00290243 0.00589327 -0.0117044 -8.00433e-05 -0.00040059 -9.90862e-05 -0.000242617 0.000171435 0.000326513 -0.000398744],10,[-4.54467e+10 -4.54467e+10 -4.54467e+10 -4.54467e+10 -4.54467e+10 -4.54467e+10 -4.54467e+10 -4.54467e+10 -4.54467e+10 -4.54467e+10],[0 0 2 0 0 2 2 2 2 2],[-88.9693 -32.8828;-89.3212 -32.344;-88.5702 -33.3093;-88.6101 -33.1532;-88.6696 -33.1049;-88.3392 -33.4064;-88.9144 -32.7267;-89.1666 -32.6727;-88.4294 -33.3056;-89.2226 -32.6039],0.000239689,8.05E-06,8.74E-06,6.64E-06,1,1,-45446700000,,[0.0135525 7.93246e-05 0.00116103 -0.0279383 0.00532703 -0.011143 0.0188674 0.00208261 -0.0148013 0.032696 -0.0255651 0.00385286 0.0108147 0.00766613 0.010015 0.00653995 0.0171326 0.0294669 -0.0329463 -0.00592408 0.0037831 0.00647467 -0.00589408 0.0083981 0.00247758 -0.00126452 -0.023374 0.0113784 0 0 0 0.000647752 0.02767 -0.00117787 -0.0054505 0 -0.00979643 0.000704896 -0.0162364 -0.0182764 -0.00680439 -0.00500516 0.0189789 -0.030904 0.0277289 0.040518 0.0137712 0.00298544 -0.0140025 0.00123693 -0.00934318 -0.0111563 -0.00690341 -0.00280004 0.0125915 0.0171905 0.0203738 0.00826618 -0.00723846 -0.00182858 -0.0205086 -0.0113096 -0.0219395 -0.0006759 0.00892465 0 -0.000345937 -0.0122016 -0.00281921 -0.00336442 0.0286753 -0.0235285 -0.00160754 0.0159244 0.0146235 0.00683086 -0.011769 0 0 -0.000139823 0.0235664 0.0185804 -0.00391565 0.00444759 -0.0128758 -0.000239152 0 0.000291839 -0.00888862 -0.0144206 0 0.0200677 0.0166872 -0.0265639 -0.00180723 -0.00639585 -0.00179989 0.0169034 0.0330843 -0.0457713 0.0020657 0.0208899 0.00231801 0.000422283 0.00297413 -0.0125379 -0.000569429 0.0222938 0.0135743 -0.00640881 -0.0177237 -0.00335008 0.008204 0.00183338 0.000296432 0 -0.0150171 -0.00900644 0.00289926 0.00737925 0.0014567 -0.0127794 0.00861503 -0.00625115 -0.00136493 0.000632413 0 -0.0162451 0.00359383 0.0045637 5.98318e-05 -0.0105145 0.012817 0.00211172 0.000263574 -0.000803738 0.000476815 0.000719966 0 0.00225397 0.00400833 0.00774714 -0.00259157 0.00711083 0.0110736 0.00290243 0.00589327 0 -0.0117044 -8.00433e-05 -0.00040059 -9.90862e-05 -0.000242617 0 0 0.000171435 0.000326513 -0.000398744 0]
100,14,45444365948,45444468409,1013592687,501222926.4,45444474618,45444474618,1013592872,501222948.1,-45444474618,[0.000315673 -0.000205469 -0.0082437 0.000551299 0.000345506 0.00162607 0.00238118 0.00100973 -0.00267763 -0.00340069 0.000249426 -0.000618159 0.00146856 0.00298126 -0.000569911 -0.00152197 -0.000302027 -0.00664966 0.00246079 0.00424234 0.000809613 -0.00047783 0.000785142 0.000958236 0.001697 0.0009106 -0.000366457 -0.000442611 -0.00267849 0.000609864 -0.000586607 -0.00329472 -0.0070972 0.00246292 0.000314534 -0.000101578 -0.00046281 0.000337815 0.000221081 0.000717205 -0.0005179 -0.00138515 -0.00451182 0.000854765 -0.000765379 -0.000787814 0.00155277 0.00246336 0.00537288 0.00194694 -0.000404262 -0.000760397 -0.000577393 0.000203058 -1.20734e-05 -0.00139646 -0.00045104 -0.00073851 -0.000871741 0.000755744 -0.000386288 -0.00969117 -0.00962711 -0.00357048 -0.00369614 0.000904666 -0.000607652 0.000151118 0.000213638 0.000758073 0.000593573 0.001359 -0.0885471 -0.00676521 -0.00751756 -0.000515285 -0.000168599 -0.0238419 0.029167 0.00829312 -0.00292364 0.0211401 0.018299 0.00441085 -0.0094491 0.00820472 -0.018815 0.0336239 0.0309223 -0.0407523 0.02898 0.00999837 -0.0138854 0.00296373 -0.000133218 -0.0448258 -0.00562502 0.0351469 -0.0162857 -0.0529354 0.0309894 -0.0107613 0.0457168 -0.0207752 0.0467695 -0.0122294 -0.0417612 -0.0669615 0.0472957 0.0818401 -0.0146837 0.0392497 -0.0259543 -0.0247956 0.0211097 -0.0404665 0.0389215 0.0102465 -0.0288041 0.0721361 -0.0188856 0.0369737 0.0168826 -0.0309067 -0.0231786 0.0382172 -0.0122531 -0.00488427],10,[-4.54445e+10 -4.54445e+10 -4.54445e+10 -4.54445e+10 -4.54445e+10 -4.54445e+10 -4.54445e+10 -4.54445e+10 -4.54445e+10 -4.54445e+10],[0 2 0 0 2 2 0 0 0 0],[-185.311 -21.6705;-186.337 -20.6183;-186.594 -20.3657;-185.1 -21.5314;-184.473 -22.4672;-188.68 -18.2517;-185.402 -21.5163;-182.278 -24.361;-184.31 -22.6071;-187.635 -19.3344],0.000239127,1.37E-05,1.83E-05,4.32E-06,1,1,-45444500000,,[0 0.000315673 -0.000205469 -0.0082437 0 0.000551299 0.000345506 0.00162607 0.00238118 0.00100973 -0.00267763 -0.00340069 0 0.000249426 -0.000618159 0.00146856 0.00298126 -0.000569911 -0.00152197 -0.000302027 -0.00664966 0.00246079 0.00424234 0.000809613 -0.00047783 0.000785142 0.000958236 0.001697 0 0 0 0.0009106 0 0 -0.000366457 0 -0.000442611 -0.00267849 0.000609864 -0.000586607 -0.00329472 -0.0070972 0.00246292 0.000314534 -0.000101578 -0.00046281 0.000337815 0.000221081 0.000717205 -0.0005179 -0.00138515 -0.00451182 0.000854765 -0.000765379 -0.000787814 0.00155277 0.00246336 0.00537288 0.00194694 -0.000404262 -0.000760397 -0.000577393 0.000203058 -1.20734e-05 -0.00139646 0 -0.00045104 0 0 -0.00073851 -0.000871741 0.000755744 -0.000386288 -0.00969117 -0.00962711 -0.00357048 -0.00369614 0 0.000904666 0 0 -0.000607652 0 0 0.000151118 0.000213638 0 0 0.000758073 0.000593573 0 0.001359 -0.0885471 -0.00676521 -0.00751756 -0.000515285 -0.000168599 -0.0238419 0.029167 0.00829312 -0.00292364 0.0211401 0.018299 0.00441085 -0.0094491 0.00820472 -0.018815 0.0336239 0.0309223 -0.0407523 0.02898 0.00999837 -0.0138854 0.00296373 -0.000133218 -0.0448258 -0.00562502 0.0351469 -0.0162857 -0.0529354 0.0309894 -0.0107613 0.0457168 -0.0207752 0.0467695 -0.0122294 -0.0417612 -0.0669615 0.0472957 0.0818401 -0.0146837 0.0392497 -0.0259543 -0.0247956 0.0211097 -0.0404665 0.0389215 0.0102465 -0.0288041 0.0721361 -0.0188856 0.0369737 0.0168826 -0.0309067 -0.0231786 0.0382172 -0.0122531 -0.00488427 0 0 0 0 0 0 0 0 0 0 0]
145,14,45437891759,45437994871,1013686835,500912994.1,45437999076,45437999076,1013687023,500912945.9,-45437999076,[-0.000911901 -0.000975589 -0.00212603 -0.000499628 -0.0022134 -0.00597342 -0.00389083 -0.00357977 -0.00780892 -0.00656308 -0.000177381 0.000413393 0.00337182 0.00275268 0.000996843 0.000720267 -0.000539882 -9.10263e-05 0.00221593 0.00731707 0.00318139 0.0027937 0.00475027 -0.00935407 -0.000135547 0.00216879 -0.00847128 0.00847256 -6.2376e-05 -0.000360051 -0.0310144 -0.00995375 -0.00644996 -0.00193142 -0.0122566 -0.00949079 0.00513238 0.00219122 0.00400106 -0.00104789 0.00485182 -0.00484104 0.014207 0.0192063 0.0302142 -0.00817296 -0.00171629 -0.00356669 0.00505453 0.000753761 -0.00177047 -0.0137629 -0.00308827 0.000410727 0.0353396 0.0203253 0.00450615 -0.0217993 -0.00512967 0.0022649 0.002489 0.000113672 0.000148175 -0.00228834 -0.010399 -0.00194711 0.00640578 0.0117374 -0.0136208 -0.0308584 0.0019394 0.0039073 0.00644515 -0.00809938 0.0245235 -0.0134891 -0.0214549 0.000104675 -0.000101738 -0.0171696 0.0660124 0.000282009 0.00391965 -0.000786439 -0.0032046 -0.00545597 -0.0165315 0.031371 0.00710193 -0.00669534 -0.024191 -0.0171852 0.0184154 0.000584888 -0.0208499 -0.00558574 0.00407058 0.00408781 -0.0227261 -0.0251077 -0.0105496 -0.0056688 0.0134198 0.0182594 0.0108118 -0.00890257 0.0428529 0.00561889 0.00500513 0.0129406 0.00653987 0.007421 -0.00317793 -0.0196609 -0.00106473 0.0139062 -0.00594493 0.0197045 0.027113 -0.00607969 0.00917053 0.00375807 -0.00438115 -0.00391901 -0.00991187 0.000206885 0.0230771 0.0047379 -0.025037 0.0309082 -0.0753022 -0.0387274 0.0086995 0.00381216 -0.00834018 0.010778 -0.00759423 -0.00481712 0.0496125 -0.000378282 -0.000101365 0.0002912 -0.000212163 0.0158322 0.00036622 -6.57903e-05 -0.000195591],10,[-4.5438e+10 -4.5438e+10 -4.5438e+10 -4.5438e+10 -4.5438e+10 -4.5438e+10 -4.5438e+10 -4.5438e+10 -4.5438e+10 -4.5438e+10],[2 2 2 2 2 2 2 2 2 2],[-187.642 47.8857;-192.523 52.439;-188.288 48.1173;-190.379 53.8989;-184.716 48.532;-189.136 49.0012;-189.887 49.9279;-186.658 46.503;-189.374 53.115;-188.349 48.2048],0.000236184,9.25E-06,1.86E-05,-9.61E-06,0,1,-45438000000,,[0 -0.000911901 -0.000975589 -0.00212603 0 -0.000499628 -0.0022134 -0.00597342 -0.00389083 -0.00357977 -0.00780892 -0.00656308 0 -0.000177381 0.000413393 0.00337182 0.00275268 0.000996843 0.000720267 0 -0.000539882 -9.10263e-05 0.00221593 0.00731707 0.00318139 0.0027937 0.00475027 -0.00935407 0 0 -0.000135547 0.00216879 -0.00847128 0.00847256 -6.2376e-05 0 -0.000360051 -0.0310144 -0.00995375 -0.00644996 -0.00193142 -0.0122566 -0.00949079 0.00513238 0.00219122 0.00400106 -0.00104789 0.00485182 -0.00484104 0.014207 0.0192063 0.0302142 -0.00817296 -0.00171629 -0.00356669 0.00505453 0.000753761 -0.00177047 -0.0137629 -0.00308827 0.000410727 0.0353396 0.0203253 0.00450615 -0.0217993 -0.00512967 0.0022649 0.002489 0.000113672 0.000148175 -0.00228834 -0.010399 -0.00194711 0.00640578 0.0117374 -0.0136208 -0.0308584 0 0.0019394 0.0039073 0.00644515 -0.00809938 0.0245235 -0.0134891 -0.0214549 0.000104675 0 -0.000101738 -0.0171696 0.0660124 0 0.000282009 0.00391965 -0.000786439 -0.0032046 -0.00545597 -0.0165315 0.031371 0.00710193 -0.00669534 -0.024191 -0.0171852 0.0184154 0.000584888 -0.0208499 -0.00558574 0.00407058 0.00408781 -0.0227261 -0.0251077 -0.0105496 -0.0056688 0.0134198 0.0182594 0.0108118 -0.00890257 0.0428529 0.00561889 0.00500513 0.0129406 0.00653987 0.007421 -0.00317793 -0.0196609 -0.00106473 0.0139062 -0.00594493 0.0197045 0.027113 -0.00607969 0.00917053 0.00375807 -0.00438115 -0.00391901 -0.00991187 0.000206885 0.0230771 0.0047379 -0.025037 0.0309082 -0.0753022 -0.0387274 0.0086995 0.00381216 -0.00834018 0.010778 -0.00759423 -0.00481712 0.0496125 0 -0.000378282 -0.000101365 0.0002912 -0.000212163 0.0158322 0 0.00036622 -6.57903e-05 -0.000195591]
190,14,44969644815,44969759815,1010068571,488923423.2,45288979132,45288978778,1013269932,496362693.6,-45288979132,[-0.105301 -0.114269 0.0978874 0.0681741 0.0760894 -0.0844983 0.080165 0.102481 -0.0825528 -0.10011 -0.1152 -0.109988 -0.091972 0.09651 -0.111973 -0.0702269 -0.0975765 -0.131552 0.105031 0.0134286 -0.104179 -0.103114 0.105525 -0.101659 -0.115011 0.0882165 0.0798944 -0.102599 -0.131424 0.0902755 -0.102912 -0.124995 0.0167503 0.0428455 0.0754447 -0.0994866 -0.113674 0.10643 0.084957 -0.128645 -0.116197 -0.102018 0.0832925 0.0898158 -0.0256496 -0.0618096 -0.113139 -0.167539 -0.104586 0.120685 -0.0679566 -0.0972213 0.024843 -0.125162 -0.147386 -0.12299 0.131642 -0.120816 0.0292126 0.108495 0.189527 -0.1197 0.00820745 0.0846384 -0.112506 0.115644 -0.0527164 -0.0926396 0.104101 -0.0952316 0.10629 -0.263123 0.106901 0.0243666 0.088367 0.0965177 -0.0437578 3.86529 7.16537 5.69327 7.89478 17.8587 5.21158 5.00401 2.16157 1.17335 0.766195 0.365007 0.0709167 -0.446586 -0.0994763 -0.149456 0.0200423 0.05381 0.0872138 0.282651 0.125627 0.335102 0.183851 -0.00408165 -21.3708 -3.47364 -0.639296 3.02428 2.09261 0.976247 0.0757482 0.144506 0.12835 0.1406 -0.037481 0.428015 0.0152915 -0.0981979 0.137653 -0.0931833 0.00640806 -0.0015037 0.171623 0.646746 0.204982 0.0886186 -0.12942 0.286069 2.88322 1.59363 0.407338 0.21096 -0.0330216 -0.116841 0.0591917 -0.102327 0.244723 -1.08636 -3.41734 0.168172 2.90955 1.84534 0.420643 0.402957 -0.169304 -0.290073 -0.196183],10,[-4.52886e+10 -4.52888e+10 -4.5288e+10 -4.52884e+10 -4.52882e+10 -4.52889e+10 -4.5289e+10 -4.52885e+10 -4.52884e+10 -4.52879e+10],[0 0 0 0 0 0 0 0 0 0],[-3.24948e+06 -7.38005e+06;-3.13636e+06 -7.49898e+06;-3.21817e+06 -7.38969e+06;-3.23177e+06 -7.38832e+06;-3.1655e+06 -7.44839e+06;-3.21451e+06 -7.42281e+06;-3.20136e+06 -7.43927e+06;-3.21454e+06 -7.40999e+06;-3.18175e+06 -7.43833e+06;-3.22989e+06 -7.37368e+06],0.710110827,0.709852498,0.316944988,1.521561464,1,7,-45289000000,,[0 0 0 -0.105301 0 0 0 0 -0.114269 0.0978874 0.0681741 0.0760894 0 0 0 0 -0.0844983 0.080165 0.102481 0 0 0 0 -0.0825528 -0.10011 -0.1152 -0.109988 -0.091972 0 0.09651 -0.111973 -0.0702269 -0.0975765 -0.131552 0.105031 0.0134286 -0.104179 -0.103114 0.105525 -0.101659 -0.115011 0.0882165 0.0798944 -0.102599 -0.131424 0.0902755 -0.102912 -0.124995 0.0167503 0.0428455 0.0754447 -0.0994866 -0.113674 0.10643 0.084957 -0.128645 -0.116197 -0.102018 0.0832925 0.0898158 -0.0256496 -0.0618096 -0.113139 -0.167539 -0.104586 0.120685 -0.0679566 -0.0972213 0.024843 -0.125162 -0.147386 -0.12299 0.131642 -0.120816 0.0292126 0.108495 0.189527 -0.1197 0.00820745 0.0846384 -0.112506 0.115644 -0.0527164 -0.0926396 0.104101 -0.0952316 0.10629 -0.263123 0.106901 0.0243666 0.088367 0.0965177 -0.0437578 3.86529 7.16537 5.69327 7.89478 17.8587 5.21158 5.00401 2.16157 1.17335 0.766195 0.365007 0.0709167 -0.446586 -0.0994763 -0.149456 0.0200423 0.05381 0.0872138 0.282651 0.125627 0.335102 0.183851 -0.00408165 -21.3708 -3.47364 -0.639296 3.02428 2.09261 0.976247 0.0757482 0.144506 0.12835 0.1406 -0.037481 0.428015 0.0152915 -0.0981979 0.137653 -0.0931833 0.00640806 -0.0015037 0.171623 0.646746 0.204982 0.0886186 -0.12942 0.286069 2.88322 1.59363 0.407338 0.21096 -0.0330216 -0.116841 0.0591917 -0.102327 0.244723 -1.08636 -3.41734 0.168172 2.90955 1.84534 0.420643 0.402957 -0.169304 -0.290073 -0.196183]
225,14,45445639277,45445746332,1013717129,501141082.2,45445751722,45445751722,1013717292,501141098.7,-45445751722,[0.000217284 0.00891917 0.00271973 0.00154848 -0.0160932 -0.000366896 0.00324223 -0.00813446 -0.0196683 0.0113871 0.00854581 0.000194577 -0.00594879 -0.0117393 -0.00614437 -0.00903257 -0.00291055 -0.00608165 -0.000911119 -0.00105325 -0.0022764 -0.00499338 -0.0167451 -0.0203794 -0.022787 0.00295798 -0.00354613 -0.0232392 -0.000535091 0.00370611 0.026086 -0.0200857 -0.00673186 -0.000639063 -0.00393044 -0.000656433 0.000286339 0.0244254 -0.0173626 0.0194394 0.0107734 -8.69456e-05 -0.00230379 -0.000734498 -0.00954735 -0.0162086 -0.00650933 0.0047584 0.0375252 0.0118095 0.00823033 0.0260935 0.0154595 0.00406893 0.00889273 0.00768705 0.0171009 -0.0121471 -0.00411843 -0.00966454 -0.013946 -0.00686649 -0.00537497 0.00971071 -0.00175447 -0.00615854 -0.00883484 0.0384756 -0.0284406 0.00979056 0.0100804 0.00679522 -0.00883041 0.0372488 0.0448113 -0.00185124 0.00063112 -0.000345869 0.000122144 -0.00045549 -0.000336601 0.0206153 -0.0412889 -0.0163763 -0.0114009 0.0610753 0.00592113 -0.0503242 0.00353058 0.0160288 0.0194761 -0.0156991 -0.00689843 -0.0373156 0.0224366 0.000648714 -0.00431003 -0.0315288 0.0385572 0.00884014 0.00824184 -0.00234987 -0.0241203 0.00692888 0.00775214 0.00385427 -0.0101577 -0.0150681 0.000168319 0.0194257 0.000833319 -0.00455127 0.00100027 -0.0100421 -0.00196628 0.0288221 -0.0617166 -0.0156525 0.00978125 0.00679369 -0.0217525 -0.00808154 -0.0272677 0.0191912 0.00334701 0.0244533 0.0344845 0.0308035 -0.00578146 -0.0435963 -0.00526534 0.00943636 0.00772542 -0.020712 -0.0206043 0.0165115],10,[-4.54458e+10 -4.54458e+10 -4.54458e+10 -4.54458e+10 -4.54458e+10 -4.54458e+10 -4.54458e+10 -4.54458e+10 -4.54458e+10 -4.54458e+10],[2 2 2 0 0 2 0 2 0 0],[-165.703 -13.8266;-163.222 -16.4423;-165.117 -14.5051;-165.899 -13.4512;-163.165 -16.3833;-166.484 -12.759;-162.303 -17.2436;-164.624 -15.0337;-160.916 -18.4396;-164.827 -14.7647],0.000247428,1.19E-05,1.61E-05,3.28E-06,1,1,-45445800000,,[0 0 0 0 0 0.000217284 0.00891917 0.00271973 0.00154848 -0.0160932 0 0 0 -0.000366896 0.00324223 -0.00813446 -0.0196683 0.0113871 0.00854581 0 0.000194577 -0.00594879 -0.0117393 -0.00614437 -0.00903257 -0.00291055 -0.00608165 -0.000911119 0 -0.00105325 -0.0022764 -0.00499338 -0.0167451 -0.0203794 -0.022787 0.00295798 -0.00354613 0 -0.0232392 -0.000535091 0 0 0.00370611 0.026086 -0.0200857 -0.00673186 -0.000639063 -0.00393044 -0.000656433 0.000286339 0 0 0 0.0244254 -0.0173626 0.0194394 0.0107734 -8.69456e-05 -0.00230379 -0.000734498 -0.00954735 -0.0162086 -0.00650933 0.0047584 0.0375252 0.0118095 0.00823033 0.0260935 0.0154595 0.00406893 0.00889273 0.00768705 0.0171009 -0.0121471 -0.00411843 -0.00966454 -0.013946 -0.00686649 -0.00537497 0.00971071 -0.00175447 -0.00615854 -0.00883484 0.0384756 -0.0284406 0.00979056 0.0100804 0.00679522 -0.00883041 0.0372488 0.0448113 -0.00185124 0 0 0 0 0 0 0.00063112 0 -0.000345869 0.000122144 -0.00045549 -0.000336601 0.0206153 -0.0412889 -0.0163763 -0.0114009 0.0610753 0.00592113 -0.0503242 0.00353058 0.0160288 0.0194761 -0.0156991 -0.00689843 -0.0373156 0.0224366 0.000648714 -0.00431003 -0.0315288 0.0385572 0.00884014 0.00824184 -0.00234987 -0.0241203 0.00692888 0.00775214 0.00385427 -0.0101577 -0.0150681 0.000168319 0.0194257 0.000833319 -0.00455127 0.00100027 -0.0100421 -0.00196628 0.0288221 -0.0617166 -0.0156525 0.00978125 0.00679369 -0.0217525 -0.00808154 -0.0272677 0.0191912 0.00334701 0.0244533 0.0344845 0.0308035 -0.00578146 -0.0435963 -0.00526534 0.00943636 0.00772542 -0.020712 -0.0206043 0.0165115]
280,14,45453831481,45453931955,1013866237,501264828.5,45453939244,45453939244,1013866408,501264900,-45453939244,[0.107287 0.022475 -0.0172055 0.0126093 0.0122498 0.00791679 0.00299783 -0.00137802 -0.00654859 0.00935876 0.0140716 0.0146865 0.00585609 -0.00348302 -0.0178225 -0.00556356 -0.00878499 -0.0242668 -0.0409168 -7.35298e-05 0.0112079 0.0094422 0.00380929 -0.0104757 -0.026014 0.00456024 0.00660174 0.010237 0.015068 0.0177135 0.0159128 0.0146636 0.0120288 -0.00834043 -0.0079968 -0.0278465 -6.15089e-06 -0.0371795 -0.0434155 -0.00546932 -0.00507673 -0.00496647 -0.00495291 -0.00572968 -0.0134545 -2.57413e-05 0.0143412 0.0137872 0.00810883 0.00283833 -0.0202617 -0.000453536 0.0684601 -0.00630698 -0.00444784 -0.00293826 -0.00627383 0.0201994 0.0223849 0.0242928 0.0132292 0.00702923 0.0127659 0.0146587 0.0155046 0.00755114 -0.00873483 -0.0142204 0.00541835 -0.00851831 0.00846441 0.011711 0.0156926 0.0135292 0.00930854 0.00965962 0.0147959 -0.0677144 -0.0225447 0.0125899 0.015121 0.0197724 -0.0153333 -0.00845517 -0.00194525 -0.00142757 0.000115942 -0.00657444 -0.0173215 -0.0166351 -0.0114727 0.0129407 0.0371631 0.057104 9.0004e-06 0.00486596 -0.00582691 0.0294182 -0.0428276 0.0069033 0.0077893 -0.00289352 -0.00084507 -0.000964298 -0.024162 -0.0109134 0.0213226 0.0111333 0.0082348 -0.0013021 0.0058678 0.00830602 0.00893072 -0.00335618 0.0121746 -0.00396141 0.0127101 -0.000358671 -0.00448649 0.0448927 -0.013809 -0.000243919 -0.0215425 0.00547127 -0.00482304 0.0280752 -0.000748922 0.00228611 0.0216021 0.0249212 -0.00037679],10,[-4.54539e+10 -4.54539e+10 -4.54539e+10 -4.54539e+10 -4.54539e+10 -4.54539e+10 -4.54539e+10 -4.54539e+10 -4.54539e+10 -4.54539e+10],[2 2 0 0 2 2 2 2 0 0],[-171.464 -71.2751;-171.59 -71.2492;-171.396 -71.5835;-170.86 -71.3145;-170.643 -72.051;-171.569 -71.242;-171.565 -71.388;-170.94 -71.8357;-171.42 -71.4708;-170.884 -71.6306],0.000237083,1.60E-05,1.69E-05,1.43E-05,1,1,-45453900000,,[0.107287 0.022475 0 0 -0.0172055 0.0126093 0.0122498 0.00791679 0.00299783 -0.00137802 -0.00654859 0 0.00935876 0.0140716 0.0146865 0.00585609 -0.00348302 -0.0178225 -0.00556356 -0.00878499 -0.0242668 -0.0409168 -7.35298e-05 0.0112079 0.0094422 0.00380929 -0.0104757 -0.026014 0.00456024 0.00660174 0.010237 0.015068 0.0177135 0.0159128 0.0146636 0.0120288 -0.00834043 0 -0.0079968 -0.0278465 -6.15089e-06 0 -0.0371795 -0.0434155 -0.00546932 -0.00507673 -0.00496647 -0.00495291 -0.00572968 -0.0134545 -2.57413e-05 0 0 0.0143412 0.0137872 0.00810883 0.00283833 -0.0202617 -0.000453536 0.0684601 -0.00630698 -0.00444784 -0.00293826 -0.00627383 0.0201994 0.0223849 0.0242928 0.0132292 0.00702923 0.0127659 0.0146587 0.0155046 0.00755114 -0.00873483 -0.0142204 0.00541835 -0.00851831 0.00846441 0.011711 0.0156926 0.0135292 0.00930854 0.00965962 0.0147959 -0.0677144 -0.0225447 0.0125899 0.015121 0.0197724 -0.0153333 -0.00845517 -0.00194525 0 0 0 0 0 0 0 0 0 0 0 0 -0.00142757 0.000115942 -0.00657444 -0.0173215 -0.0166351 -0.0114727 0.0129407 0.0371631 0.057104 9.0004e-06 0 0 0.00486596 -0.00582691 0.0294182 -0.0428276 0.0069033 0.0077893 -0.00289352 -0.00084507 -0.000964298 0 0 -0.024162 -0.0109134 0.0213226 0.0111333 0.0082348 -0.0013021 0.0058678 0.00830602 0.00893072 -0.00335618 0 0 0.0121746 -0.00396141 0.0127101 -0.000358671 -0.00448649 0.0448927 -0.013809 -0.000243919 0 -0.0215425 0.00547127 -0.00482304 0.0280752 -0.000748922 0.00228611 0.0216021 0.0249212 -0.00037679 0 0]
325,14,45437325776,45437425325,1013301455,501279389.3,45437428349,45437428349,1013301466,501279478.8,-45437428349,[0.000125899 -0.00796654 0.00663107 0.00755356 0.00249438 -0.00209807 -0.00158631 8.13856e-05 0.000596813 0.0375282 -0.069262 0.00570044 0.0024494 -0.000660493 -0.00148838 -0.000188217 0.00208834 0.000974608 0.0061629 0.00322611 0.00121108 -0.00130347 -0.00140572 -0.00146875 -0.00082711 -0.00191892 0.000670162 -0.00404213 0.00773015 0.00457526 0.00193692 -4.89787e-05 -0.001131 -0.00137015 0.00908348 -0.000706198 1.0188e-05 0.000666387 0.00660014 0.000376877 0.000537629 -0.0013989 -0.00412341 -0.00530917 0.0020468 -0.021483 0.0100305 0.00750261 0.00111552 -0.000971728 -0.00231193 -0.000904671 -0.000275558 -0.00491639 -0.00739306 0.00923647 -0.0057467 -0.00935151 -0.000192925 0.0126764 0.00462289 -0.000172447 -0.00298675 -0.00136847 -0.00119095 -0.00529086 6.35903e-05 0.00949796 -0.0128918 -0.016481 0.00196317 0.016108 0.00116876 0.00120086 -0.000156153 -0.0076389 -0.0101001 0.0141083 0.0185091 0.00326285 -0.00238992 0.00307515 -0.0163467 0.00622446 0.0528544 0.0111294 -0.000533344 6.02778e-05 0.000637772 0.000492773 5.84739e-05 -2.84333e-05 3.58095e-05 -0.00106305 -5.93437e-05 0.000296794 6.62673e-05 -0.000276556 0.00705735 -0.00449728 -0.0108027 -0.00841153 -0.00143119 0.000404304 7.3726e-05 -0.000228325 0.000520164 -0.00115347 -2.63975e-05 -0.0269732 0.00554256 0.00782961 0.00196918 -0.000775645 -0.00115423 0.00020383 0.000440866 0.00043304 0.00611412 -0.00670777 -0.00779597 -0.0030508 -0.000151923 -0.000241527 0.000471263 0.000321588 -0.000307146 -0.000398818 0.000612991 0.00196771 -0.00211521 -0.00190296 -0.00289635 -0.000781395 0.00121938 -0.0347243 -0.00341496 -0.00176056 0.00430763 0.00222997 -0.0843518 0.000406046 0.000289326 0.000241694 0.000267328],10,[-4.54374e+10 -4.54374e+10 -4.54374e+10 -4.54374e+10 -4.54374e+10 -4.54374e+10 -4.54374e+10 -4.54374e+10 -4.54374e+10 -4.54374e+10],[0 0 0 2 2 0 0 2 0 0],[-11.8181 -88.9164;-10.3559 -90.4179;-8.72626 -91.7097;-11.6494 -89.0933;-12.8744 -87.7378;-8.76872 -91.78;-8.05811 -92.1859;-11.2857 -89.5226;-7.35102 -92.7673;-11.7211 -88.8965],0.000225746,6.66E-06,1.11E-06,1.79E-05,1,1,-45437400000,,[0.000125899 -0.00796654 0.00663107 0 0.00755356 0.00249438 -0.00209807 -0.00158631 8.13856e-05 0.000596813 0.0375282 -0.069262 0.00570044 0.0024494 -0.000660493 -0.00148838 -0.000188217 0.00208834 0.000974608 0.0061629 0.00322611 0.00121108 -0.00130347 -0.00140572 -0.00146875 -0.00082711 -0.00191892 0.000670162 -0.00404213 0.00773015 0.00457526 0.00193692 -4.89787e-05 -0.001131 -0.00137015 0.00908348 -0.000706198 0 1.0188e-05 0.000666387 0.00660014 0 0.000376877 0.000537629 -0.0013989 -0.00412341 -0.00530917 0.0020468 -0.021483 0.0100305 0.00750261 0 0 0.00111552 -0.000971728 -0.00231193 -0.000904671 -0.000275558 -0.00491639 -0.00739306 0.00923647 -0.0057467 -0.00935151 -0.000192925 0.0126764 0.00462289 -0.000172447 -0.00298675 -0.00136847 -0.00119095 -0.00529086 6.35903e-05 0.00949796 -0.0128918 -0.016481 0.00196317 0.016108 0.00116876 0.00120086 -0.000156153 -0.0076389 -0.0101001 0.0141083 0.0185091 0.00326285 -0.00238992 0.00307515 -0.0163467 0.00622446 0.0528544 0.0111294 -0.000533344 6.02778e-05 0.000637772 0.000492773 5.84739e-05 -2.84333e-05 3.58095e-05 -0.00106305 -5.93437e-05 0.000296794 6.62673e-05 -0.000276556 0 0.00705735 -0.00449728 -0.0108027 -0.00841153 -0.00143119 0.000404304 7.3726e-05 -0.000228325 0.000520164 -0.00115347 -2.63975e-05 0 -0.0269732 0.00554256 0.00782961 0.00196918 -0.000775645 0 -0.00115423 0.00020383 0.000440866 0.00043304 0 0.00611412 -0.00670777 -0.00779597 -0.0030508 -0.000151923 -0.000241527 0.000471263 0.000321588 -0.000307146 -0.000398818 0.000612991 0 0.00196771 -0.00211521 -0.00190296 -0.00289635 -0.000781395 0.00121938 0 0 0 -0.0347243 -0.00341496 -0.00176056 0.00430763 0.00222997 -0.0843518 0.000406046 0.000289326 0.000241694 0.000267328 0]
30,15,45440214488,45440316603,1013428433,501248787.4,45440319189,45440319189,1013428459,501248847.2,-45440319189,[-0.00926303 -0.0122429 -0.00502152 0.0161461 -0.00185922 0.00475498 0.0105121 0.0191071 -0.00767294 0.00267415 -0.0020744 0.00985137 0.00539627 0.00415182 0.0119359 0.0109621 0.000997025 0.00520291 0.000346965 0.0077269 0.00473845 0.0121781 0.00800866 0.00211523 0.00778375 0.000248012 -0.00852909 -0.0102629 -0.000703624 0.00933981 -0.000458929 -0.00783091 -0.0187361 -0.015492 0.00907909 0.00980503 0.00157444 -0.0056529 -0.00759197 -0.0155376 0.0112298 -0.00348551 0.000101635 0.000677137 -0.0297063 -0.000545819 -0.00383086 -0.00500356 0.00714126 0.000595558 -0.0216892 0.0193192 0.00919325 0.0105925 0.00919658 -0.00664796 0.0103995 0.00521392 0.000748006 0.014867 -0.00151085 0.00318793 3.84052e-05 0.00834743 0.0211872 -0.0131388 -0.00936896 0.00500103 0.0133514 0.0176258 -0.0212872 0.0130845 -0.000778926 -0.0306456 0.000386575 0.000973163 0.00414492 -0.00123479 0.00443548 0.00899021 -0.00152169 0.000288031 0.02282 -0.0314012 -0.000944302 -0.000176038 0.000165809 -0.016328 -0.0256496 -0.00600428 0.000456755 0.0115051 0.0104354 -0.00118437 -0.00358423 -0.000165677 -0.000674811 -0.00919412 -0.00680575 0.0054201 0.0169345 7.15372e-05 -0.00446256 -0.000900479 -0.000792227 0.000271584 0.000142246 0.000262639 -0.0907006 0.0147766 0.00515511 -0.00315608 -0.00115626 -0.00242287 0.00035302 0.000382153 -4.29346e-05 0.000140184 0.000274671 -1.86121e-05 -0.000909498 -0.00111741 0.000904926 -0.00294089 -0.00259219 0.000262774 -0.000531305 0.000660939 0.000268624 -0.00012107 -0.00380188 0.00165984 -0.000120725 -0.00192336 -0.00199817 -0.000558491 0.000732953 0.00819644 -0.000374176 0.000487464 -2.97353e-05 -3.38386e-05 6.34297e-05 0.000208932 -0.00012778],10,[-4.54403e+10 -4.54403e+10 -4.54403e+10 -4.54403e+10 -4.54403e+10 -4.54403e+10 -4.54403e+10 -4.54403e+10 -4.54403e+10 -4.54403e+10],[2 0 2 2 0 0 2 2 2 2],[-26.1643 -59.993;-25.4107 -60.6414;-25.5697 -60.509;-26.1642 -59.9851;-26.8568 -58.9079;-26.2004 -59.6317;-24.5405 -61.2891;-25.7574 -60.3307;-25.8424 -60.242;-26.4426 -59.7529],0.000230416,5.69E-06,2.61E-06,1.19E-05,1,1,-45440300000,,[-0.00926303 -0.0122429 -0.00502152 0.0161461 -0.00185922 0.00475498 0.0105121 0.0191071 -0.00767294 0.00267415 -0.0020744 0.00985137 0.00539627 0.00415182 0.0119359 0.0109621 0.000997025 0.00520291 0.000346965 0.0077269 0.00473845 0.0121781 0.00800866 0.00211523 0.00778375 0.000248012 -0.00852909 -0.0102629 0 0 -0.000703624 0.00933981 -0.000458929 -0.00783091 -0.0187361 0 -0.015492 0.00907909 0.00980503 0.00157444 -0.0056529 -0.00759197 -0.0155376 0.0112298 -0.00348551 0.000101635 0.000677137 -0.0297063 -0.000545819 -0.00383086 -0.00500356 0.00714126 0.000595558 -0.0216892 0.0193192 0.00919325 0.0105925 0.00919658 -0.00664796 0.0103995 0.00521392 0.000748006 0.014867 -0.00151085 0.00318793 3.84052e-05 0.00834743 0.0211872 -0.0131388 -0.00936896 0.00500103 0.0133514 0.0176258 -0.0212872 0.0130845 -0.000778926 -0.0306456 0 0.000386575 0.000973163 0.00414492 -0.00123479 0.00443548 0.00899021 -0.00152169 0.000288031 0 0.02282 -0.0314012 -0.000944302 0 -0.000176038 0.000165809 -0.016328 -0.0256496 -0.00600428 0.000456755 0.0115051 0.0104354 -0.00118437 -0.00358423 -0.000165677 -0.000674811 0 -0.00919412 -0.00680575 0.0054201 0.0169345 7.15372e-05 -0.00446256 -0.000900479 -0.000792227 0.000271584 0.000142246 0.000262639 0 -0.0907006 0.0147766 0.00515511 -0.00315608 -0.00115626 -0.00242287 0.00035302 0.000382153 -4.29346e-05 0.000140184 0 0.000274671 -1.86121e-05 -0.000909498 -0.00111741 0.000904926 -0.00294089 -0.00259219 0.000262774 -0.000531305 0.000660939 0.000268624 0 -0.00012107 -0.00380188 0.00165984 -0.000120725 -0.00192336 -0.00199817 -0.000558491 0.000732953 0 0.00819644 -0.000374176 0.000487464 -2.97353e-05 -3.38386e-05 0 0 6.34297e-05 0.000208932 -0.00012778 0]
45,15,45435755310,45435857627,1013435595,501092993,45435859369,45435859369,1013435632,501093013.4,-45435859369,[0.000115928 0.00590694 0.00384858 -0.0172283 0.00386995 -0.00297548 -0.0109762 0.00486028 -0.00174582 -0.00187572 -0.000837553 -0.00530652 0.00722461 0.00641382 0.00173835 0.00109589 0.00509129 0.011452 0.022934 -0.00332257 0.00189151 0.00432334 0.00618278 -0.004562 0.00245594 0.0013453 -0.00407844 -0.00606403 -0.000138118 -0.0212394 0.0102699 0.00210586 -0.00214508 -0.00493066 -0.0146689 -0.00396433 0.00227833 0.00132827 -0.00896703 -0.0127324 -0.0218546 -0.0166138 0.0159308 0.00463657 -0.0166615 -0.00320016 -0.00326903 -0.010716 -0.000362296 -0.00171499 0.00054476 0.00285099 -0.00938507 -0.0131218 -0.0170647 -0.0161911 -0.0263196 -0.0194341 -0.0188906 0.0021352 -0.0136563 3.52652e-05 -0.00420046 -0.00112263 0.00420393 0.000274339 -0.0289557 -0.014523 -0.00256416 -0.00106081 0.0063946 -0.00545159 -0.000225572 -0.0118898 0.0173695 0.0100496 0.0175867 -0.00895824 -0.00275061 -0.000298842 -0.00312758 0.0215153 -0.0184254 0.00707833 0.00124556 0.000851667 -0.00224945 -0.00597663 -0.0260681 0.0233379 0.00306413 -0.00201463 -0.0122263 -0.00124586 0.000776564 -0.0107699 0.00444584 0.018295 -0.00834661 0.00134158 0.00226279 -0.00642089 5.28229e-05 0.00948981 0.00106025 -2.07134e-05 -0.00163154 0.00624882 -0.00606819 -0.00202916 0.000883842 0.0157369 0.004741 0.00226908 0.00021667 0.000244545 0.00743266 -0.001778 -0.00128192 -0.00390865 -0.0102195 0.011686 -0.000449376 -0.0083616 0.00796822 0.000777067 0.00025032 0.000291538 -0.0155702 0.00266384 -0.00342275 0.00675147 0.00583415 -0.00392306 -0.00507142 0.00580994 -0.000278795 -0.000244103 0.00058366 0.000289503 0.000254851 3.726e-05 -0.000175362],10,[-4.54359e+10 -4.54359e+10 -4.54359e+10 -4.54359e+10 -4.54359e+10 -4.54359e+10 -4.54359e+10 -4.54359e+10 -4.54359e+10 -4.54359e+10],[2 0 0 0 0 2 2 0 2 2],[-37.62 -20.3716;-38.0371 -20.0211;-37.5883 -20.3718;-37.3743 -20.231;-37.6986 -20.3824;-37.6881 -20.3395;-37.1137 -20.6851;-37.6973 -20.3483;-37.7615 -20.2164;-38.1486 -19.7717],0.000229024,3.83E-06,3.72E-06,4.07E-06,1,1,-45435900000,,[0.000115928 0.00590694 0.00384858 -0.0172283 0.00386995 -0.00297548 -0.0109762 0.00486028 -0.00174582 -0.00187572 -0.000837553 -0.00530652 0.00722461 0.00641382 0.00173835 0.00109589 0.00509129 0.011452 0.022934 -0.00332257 0.00189151 0.00432334 0.00618278 -0.004562 0.00245594 0.0013453 -0.00407844 -0.00606403 0 0 0 -0.000138118 -0.0212394 0.0102699 0.00210586 0 -0.00214508 -0.00493066 -0.0146689 -0.00396433 0.00227833 0.00132827 -0.00896703 -0.0127324 -0.0218546 -0.0166138 0.0159308 0.00463657 -0.0166615 -0.00320016 -0.00326903 -0.010716 -0.000362296 -0.00171499 0.00054476 0.00285099 -0.00938507 -0.0131218 -0.0170647 -0.0161911 -0.0263196 -0.0194341 -0.0188906 0.0021352 -0.0136563 0 3.52652e-05 -0.00420046 -0.00112263 0.00420393 0.000274339 -0.0289557 -0.014523 -0.00256416 -0.00106081 0.0063946 -0.00545159 0 0 -0.000225572 -0.0118898 0.0173695 0.0100496 0.0175867 -0.00895824 -0.00275061 0 -0.000298842 -0.00312758 0.0215153 0 -0.0184254 0.00707833 0.00124556 0.000851667 -0.00224945 -0.00597663 -0.0260681 0.0233379 0.00306413 -0.00201463 -0.0122263 -0.00124586 0.000776564 -0.0107699 0.00444584 0.018295 -0.00834661 0.00134158 0.00226279 -0.00642089 5.28229e-05 0.00948981 0.00106025 -2.07134e-05 0 -0.00163154 0.00624882 -0.00606819 -0.00202916 0.000883842 0.0157369 0.004741 0.00226908 0.00021667 0.000244545 0 0.00743266 -0.001778 -0.00128192 -0.00390865 -0.0102195 0.011686 -0.000449376 -0.0083616 0.00796822 0.000777067 0.00025032 0 0.000291538 -0.0155702 0.00266384 -0.00342275 0.00675147 0.00583415 -0.00392306 -0.00507142 0 0.00580994 -0.000278795 -0.000244103 0.00058366 0.000289503 0 0 0.000254851 3.726e-05 -0.000175362 0]
100,15,45437631872,45437732331,1013476663,501114415.1,45437733323,45437733323,1013476682,501114428.6,-45437733323,[0.00022581 -0.00022534 -0.00519955 1.61446e-05 3.89331e-05 0.000607189 0.000527916 0.000391486 -0.00206044 -0.00278385 -0.000257308 -0.00010609 0.00089743 0.000110127 -0.00192871 -0.00113979 -0.000113079 -0.0086514 0.00279931 0.00480504 -4.7349e-05 -0.000219479 -0.000262316 -0.000169596 0.00128569 0.000268581 -2.55334e-05 0.000252185 -0.00184504 0.000553125 0.000169887 -0.00154486 -0.00470195 0.00133471 -6.66629e-05 0.000506462 6.3974e-05 -0.000369873 0.000796494 -0.000340567 -0.00081177 -0.00191604 -0.00238908 0.00128332 2.7498e-05 0.000682391 0.00123776 0.00148821 0.000733142 0.000973848 -4.20242e-05 -0.000144216 0.000115353 0.00116652 -0.000583805 -0.000595626 -0.000173382 0.000508409 6.52285e-05 0.000228074 0.00435074 0.00466502 0.00249603 0.00213694 0.000405117 3.12854e-05 -0.000120715 0.000187603 -2.7114e-05 0.000113173 0.00100288 -0.0320387 0.000372108 0.0190302 -0.0141225 -0.00648261 -0.00185224 -0.0182587 0.00129883 0.00922361 0.0138839 0.0102453 0.0103384 -0.00863817 -0.00586316 0.00908197 -0.0217296 -0.00182009 -0.00809687 0.00863995 0.000218825 0.0132359 0.0100247 -0.0155251 -0.0099361 -0.00263716 -0.0129909 -0.0104486 0.0242951 -0.00560503 -0.00150267 -0.0296309 0.0238553 -0.0163567 0.00301171 -0.0093997 0.0149052 -0.0183464 -0.0211648 -0.0100162 0.00879713 -0.00764747 0.00078472 -0.00150706 0.0192583 -0.018095 0.00242024 -0.00950094 -0.000667623 0.000397616 -0.0182661 -0.0015034 -0.0137275 0.000146493 -0.00967083 -0.00407428 -0.00250774],10,[-4.54377e+10 -4.54377e+10 -4.54377e+10 -4.54377e+10 -4.54377e+10 -4.54377e+10 -4.54377e+10 -4.54377e+10 -4.54377e+10 -4.54377e+10],[2 0 2 2 2 2 2 0 0 2],[-19.6985 -13.3109;-20.2701 -12.7828;-19.2112 -13.7737;-20.0762 -12.9676;-20.0569 -12.7928;-19.9467 -12.9455;-20.4904 -12.3811;-20.421 -12.4517;-19.733 -13.2295;-19.5577 -13.509],0.000223276,2.18E-06,1.93E-06,2.70E-06,1,1,-45437700000,,[0 0.00022581 -0.00022534 -0.00519955 0 1.61446e-05 3.89331e-05 0.000607189 0.000527916 0.000391486 -0.00206044 -0.00278385 0 -0.000257308 -0.00010609 0.00089743 0.000110127 -0.00192871 -0.00113979 -0.000113079 -0.0086514 0.00279931 0.00480504 -4.7349e-05 -0.000219479 -0.000262316 -0.000169596 0.00128569 0 0 0 0.000268581 0 0 -2.55334e-05 0 0.000252185 -0.00184504 0.000553125 0.000169887 -0.00154486 -0.00470195 0.00133471 -6.66629e-05 0.000506462 6.3974e-05 -0.000369873 0.000796494 -0.000340567 -0.00081177 -0.00191604 -0.00238908 0.00128332 0 2.7498e-05 0.000682391 0.00123776 0.00148821 0.000733142 0.000973848 -4.20242e-05 -0.000144216 0.000115353 0.00116652 -0.000583805 0 -0.000595626 0 0 -0.000173382 0.000508409 6.52285e-05 0.000228074 0.00435074 0.00466502 0.00249603 0.00213694 0 0.000405117 0 0 3.12854e-05 0 0 -0.000120715 0.000187603 0 0 -2.7114e-05 0.000113173 0 0.00100288 -0.0320387 0.000372108 0.0190302 -0.0141225 -0.00648261 -0.00185224 -0.0182587 0.00129883 0.00922361 0.0138839 0.0102453 0.0103384 -0.00863817 -0.00586316 0.00908197 -0.0217296 -0.00182009 -0.00809687 0.00863995 0.000218825 0.0132359 0.0100247 -0.0155251 -0.0099361 -0.00263716 -0.0129909 -0.0104486 0.0242951 -0.00560503 -0.00150267 -0.0296309 0.0238553 -0.0163567 0.00301171 -0.0093997 0.0149052 -0.0183464 -0.0211648 -0.0100162 0.00879713 -0.00764747 0.00078472 -0.00150706 0.0192583 -0.018095 0.00242024 -0.00950094 -0.000667623 0.000397616 -0.0182661 -0.0015034 -0.0137275 0.000146493 -0.00967083 -0.00407428 -0.00250774 0 0 0 0 0 0 0 0 0 0 0]
145,15,45434216379,45434317631,1013566919,500910334.9,45434319833,45434319833,1013567035,500910292.7,-45434319833,[-9.18666e-05 -0.00257956 -0.00345311 0.000449691 -0.00240464 -0.00246122 -0.00222047 -0.00260881 -0.00498933 0.0036408 -0.00186369 0.0011523 0.00111841 0.00240945 -0.000486457 0.00152689 -0.000393798 -0.00137723 0.000610529 0.00361424 0.00166591 -0.000127149 0.00161545 0.00508814 -0.00128507 0.000775728 -0.00198646 0.00230595 0.00428446 0.00128299 0.0115501 -0.00606153 -0.00412655 0.000603825 -0.0579703 0.00390626 0.00256535 0.00238066 0.000578524 -0.00123938 0.000708294 -0.00557225 0.00478638 0.00831572 -0.0180853 -0.00288718 0.00300459 0.00199379 0.00150202 -0.000542932 -0.000206474 -0.00833938 -0.00626812 -0.00293267 0.00738642 0.0012277 0.00269664 -0.00751208 0.00118718 0.00169671 0.00133812 -0.000408112 0.00105273 -8.56762e-05 -0.00245183 -0.0121909 0.00504351 -0.0102016 0.0083995 0.00976445 4.05672e-05 0.0021433 0.00321077 0.00462407 -0.00804163 0.0135076 0.0110878 0.0019344 -0.00252014 0.0187851 -0.00374422 -0.00105454 0.00450927 0.000955269 0.00103529 -0.0162705 -0.000294837 0.0219803 0.00269899 -0.00685549 -0.00253048 0.00121388 -0.00187046 -0.00780018 -0.014487 0.00182848 0.0102527 0.00875492 -0.00841212 0.00738527 0.0138357 -0.00974805 -0.00203793 0.00305662 0.00312915 -0.00696055 -0.0815578 -0.0137028 0.00383313 -0.000894943 -0.000707495 0.00301175 0.00611234 0.0115122 0.00931646 -0.00425043 -0.013702 -0.01426 -0.0282956 -0.0061283 -0.00046243 -0.00436926 -0.00322118 -0.0025241 0.00747024 0.0134281 0.00281832 -0.00513979 -0.0131151 0.00440352 0.0264431 -0.0113639 -0.0111703 0.00452834 -0.0123229 0.00536516 -0.00317282 0.000438843 0.0513391 0.00171741 0.000196126 0.00106888 -0.0012401 0.0114756 -0.00039738 -0.000480814 -0.000692732],10,[-4.54343e+10 -4.54343e+10 -4.54343e+10 -4.54343e+10 -4.54343e+10 -4.54343e+10 -4.54343e+10 -4.54343e+10 -4.54343e+10 -4.54343e+10],[2 2 2 2 2 2 2 2 2 2],[-114.787 41.5308;-114.38 41.1871;-115.022 41.8134;-108.79 35.7971;-115.526 42.1416;-115.417 42.5655;-116.836 43.7647;-115.966 42.9612;-112.422 39.3234;-112.517 39.3939],0.000227699,4.85E-06,1.14E-05,-8.41E-06,0,1,-45434300000,,[0 -9.18666e-05 -0.00257956 -0.00345311 0 0.000449691 -0.00240464 -0.00246122 -0.00222047 -0.00260881 -0.00498933 0.0036408 0 -0.00186369 0.0011523 0.00111841 0.00240945 -0.000486457 0.00152689 0 -0.000393798 -0.00137723 0.000610529 0.00361424 0.00166591 -0.000127149 0.00161545 0.00508814 0 0 -0.00128507 0.000775728 -0.00198646 0.00230595 0.00428446 0 0.00128299 0.0115501 -0.00606153 -0.00412655 0.000603825 -0.0579703 0.00390626 0.00256535 0.00238066 0.000578524 -0.00123938 0.000708294 -0.00557225 0.00478638 0.00831572 -0.0180853 -0.00288718 0.00300459 0.00199379 0.00150202 -0.000542932 -0.000206474 -0.00833938 -0.00626812 -0.00293267 0.00738642 0.0012277 0.00269664 -0.00751208 0.00118718 0.00169671 0.00133812 -0.000408112 0.00105273 -8.56762e-05 -0.00245183 -0.0121909 0.00504351 -0.0102016 0.0083995 0.00976445 0 4.05672e-05 0.0021433 0.00321077 0.00462407 -0.00804163 0.0135076 0.0110878 0.0019344 0 -0.00252014 0.0187851 -0.00374422 0 -0.00105454 0.00450927 0.000955269 0.00103529 -0.0162705 -0.000294837 0.0219803 0.00269899 -0.00685549 -0.00253048 0.00121388 -0.00187046 -0.00780018 -0.014487 0.00182848 0.0102527 0.00875492 -0.00841212 0.00738527 0.0138357 -0.00974805 -0.00203793 0.00305662 0.00312915 -0.00696055 -0.0815578 -0.0137028 0.00383313 -0.000894943 -0.000707495 0.00301175 0.00611234 0.0115122 0.00931646 -0.00425043 -0.013702 -0.01426 -0.0282956 -0.0061283 -0.00046243 -0.00436926 -0.00322118 -0.0025241 0.00747024 0.0134281 0.00281832 -0.00513979 -0.0131151 0.00440352 0.0264431 -0.0113639 -0.0111703 0.00452834 -0.0123229 0.00536516 -0.00317282 0.000438843 0.0513391 0 0.00171741 0.000196126 0.00106888 -0.0012401 0.0114756 0 -0.00039738 -0.000480814 -0.000692732]
190,15,45449727076,45449835732,1013668387,501326137.9,45449952814,45449952810,1013670274,501328153.4,-45449952814,[-0.000444524 -0.00596936 -0.00374356 -0.00579818 0.0136138 -0.00645634 -0.00442512 -0.00172107 -0.00243846 -0.000303715 0.000107413 0.000741986 0.000206587 -0.00386749 8.98514e-07 -0.000809828 0.000360934 0.00270813 0.00023001 0.00139549 0.0115393 0.000109984 -0.00112219 1.02367e-06 0.0217831 -0.000629895 0.00644308 0.00645495 0.00356523 -0.00159773 -0.00971435 -0.00865509 -0.00989949 0.00207089 0.0114296 0.000314045 -0.00442485 -0.00196858 0.00179131 0.000943802 0.00588048 0.00458296 -0.00684771 -0.00583049 -0.00371066 -0.000737056 0.0099972 0.0101344 -0.0167676 -0.0113654 -0.00306332 0.00234648 -0.0109271 0.000203019 0.00492429 0.013339 0.00974928 0.01489 -0.00683467 0.000111163 0.0393854 -0.0098083 -0.00138449 -0.0118657 0.00885665 -0.00291047 -0.00367313 -0.00963502 0.00853568 0.0186101 0.0140511 0.0161355 0.00260433 -0.00862641 -0.0110568 0.00205093 -0.0196801 0.207629 0.397288 0.450647 0.1458 0.280506 0.155743 0.184301 -0.086793 0.0128657 -0.028755 0.0148146 0.0111231 -0.0359766 -0.0253093 0.020387 -0.0434542 -0.0541079 -0.0345957 -0.0389026 -0.0890828 -0.0306752 -0.0577245 -0.0231416 0.466132 0.119403 0.113991 -0.0312555 -0.022934 -0.0675714 -0.0202391 -0.0689682 -0.0385708 -0.0470366 0.0354648 0.0396585 -0.0364515 -0.0418007 -0.00746269 0.0602322 -0.0349885 -0.012207 -0.0618731 0.00376611 -0.00735852 -0.0664003 -0.0853904 0.0522287 -0.0130407 -0.0879134 -0.0571906 0.0451001 -0.00733865 -0.0179406 -0.00935855 7.84984e-05 0.117582 -0.0251183 0.199667 0.226075 0.0901643 0.0686658 4.58965e-05 -0.0407365 -0.21348 -0.084872 0.0298931],10,[-4.545e+10 -4.545e+10 -4.545e+10 -4.545e+10 -4.545e+10 -4.545e+10 -4.545e+10 -4.545e+10 -4.545e+10 -4.545e+10],[0 2 2 0 2 0 2 0 2 2],[-1888.71 -2013.85;-1879.54 -2022.76;-1885.2 -2017.07;-1884.01 -2018.32;-1887.08 -2015.5;-1887.75 -2014.73;-1885.91 -2016.43;-1880.5 -2021.99;-1899.32 -2002.89;-1884.91 -2017.57],0.000496676,0.000257597,0.000186163,0.000402033,1,1,-45450000000,,[0 0 0 -0.000444524 0 0 0 0 -0.00596936 -0.00374356 -0.00579818 0.0136138 0 0 0 0 -0.00645634 -0.00442512 -0.00172107 0 0 0 0 -0.00243846 -0.000303715 0.000107413 0.000741986 0.000206587 0 -0.00386749 8.98514e-07 -0.000809828 0.000360934 0.00270813 0.00023001 0.00139549 0.0115393 0.000109984 -0.00112219 1.02367e-06 0.0217831 -0.000629895 0.00644308 0.00645495 0.00356523 -0.00159773 -0.00971435 -0.00865509 -0.00989949 0.00207089 0.0114296 0.000314045 -0.00442485 -0.00196858 0.00179131 0.000943802 0.00588048 0.00458296 -0.00684771 -0.00583049 -0.00371066 -0.000737056 0.0099972 0.0101344 -0.0167676 -0.0113654 -0.00306332 0.00234648 -0.0109271 0.000203019 0.00492429 0.013339 0.00974928 0.01489 -0.00683467 0.000111163 0.0393854 -0.0098083 -0.00138449 -0.0118657 0.00885665 -0.00291047 -0.00367313 -0.00963502 0.00853568 0.0186101 0.0140511 0.0161355 0.00260433 -0.00862641 -0.0110568 0.00205093 -0.0196801 0.207629 0.397288 0.450647 0.1458 0.280506 0.155743 0.184301 -0.086793 0.0128657 -0.028755 0.0148146 0.0111231 -0.0359766 -0.0253093 0.020387 -0.0434542 -0.0541079 -0.0345957 -0.0389026 -0.0890828 -0.0306752 -0.0577245 -0.0231416 0.466132 0.119403 0.113991 -0.0312555 -0.022934 -0.0675714 -0.0202391 -0.0689682 -0.0385708 -0.0470366 0.0354648 0.0396585 -0.0364515 -0.0418007 -0.00746269 0.0602322 -0.0349885 -0.012207 -0.0618731 0.00376611 -0.00735852 -0.0664003 -0.0853904 0.0522287 -0.0130407 -0.0879134 -0.0571906 0.0451001 -0.00733865 -0.0179406 -0.00935855 7.84984e-05 0.117582 -0.0251183 0.199667 0.226075 0.0901643 0.0686658 4.58965e-05 -0.0407365 -0.21348 -0.084872 0.0298931]
225,15,45438663300,45438767374,1013493121,501132458.5,45438768581,45438768581,1013493158,501132461.1,-45438768581,[0.000420217 0.0091535 -0.00148992 -0.000500383 -0.0150272 0.000316269 -0.00250807 -0.00783389 0.0119268 0.00569962 0.00760679 6.22569e-05 -0.00130024 -0.00319 -0.00665174 0.00412633 -0.00619927 -0.00165039 -0.000103428 0.00223065 0.000985831 -0.000318777 -0.00860086 -0.00335483 -0.0122984 -0.000165801 -0.00257349 -0.0074896 -0.000258216 0.00478478 0.00837367 0.00989638 -0.00566615 -0.00400096 -0.0047968 -0.00187492 -0.000341193 -0.0180118 -0.00652934 -0.00931694 -0.0114166 0.000927348 0.00182415 -0.00801765 -0.0154474 0.00547399 0.00114291 -0.00160102 -0.00449146 0.0049769 0.000790366 0.0102793 0.00565291 0.00273923 0.00582151 0.00518523 0.00269609 0.0100198 -0.0195282 -0.0167095 -0.019783 -0.00506866 0.00257187 0.00315273 0.000327052 0.00168721 -0.000984517 0.00315253 0.0226257 -0.0125596 0.0050211 0.00435181 -0.0108826 -0.00059304 -0.0266105 -0.000110329 -0.00025092 0.000558659 -1.58491e-05 -0.000276215 6.1976e-05 -0.0133915 0.00470663 0.00275231 -0.00342866 -0.00960039 -0.000602815 0.00459579 0.00579552 0.00327491 -0.00129189 -0.0175272 0.0135754 0.00342543 0.000980311 0.00993124 -0.00254488 -0.0044548 -0.00559338 0.00503314 0.00653336 -0.01411 -0.00280275 0.0125654 -0.00901329 0.0082386 -0.00555928 -0.00102032 -0.000218804 0.0107746 7.76436e-05 -0.000458311 -0.0100396 -0.00675225 0.000725649 0.0138141 0.0271792 0.00945491 -0.00891234 0.0070033 -0.0165016 0.00782469 -0.011289 0.0086319 -0.00167965 -0.00360514 -0.00755496 -0.00596854 0.00528347 0.00780838 0.00446459 0.00352036 -0.00916964 0.00393067 -0.000909825 0.00685011],10,[-4.54388e+10 -4.54388e+10 -4.54388e+10 -4.54388e+10 -4.54388e+10 -4.54388e+10 -4.54388e+10 -4.54388e+10 -4.54388e+10 -4.54388e+10],[0 0 0 2 2 0 2 2 0 2],[-37.2487 -2.82229;-37.3692 -2.79863;-37.6528 -2.59718;-36.8585 -3.27931;-37.5202 -2.71621;-36.9906 -3.03041;-37.0056 -2.92105;-37.3774 -2.86766;-37.2264 -2.78865;-37.1069 -3.06067],0.000231701,2.66E-06,3.72E-06,5.18E-07,1,1,-45438800000,,[0 0 0 0 0 0.000420217 0.0091535 -0.00148992 -0.000500383 -0.0150272 0 0 0 0.000316269 -0.00250807 -0.00783389 0.0119268 0.00569962 0.00760679 0 6.22569e-05 -0.00130024 -0.00319 -0.00665174 0.00412633 -0.00619927 -0.00165039 -0.000103428 0 0.00223065 0.000985831 -0.000318777 -0.00860086 -0.00335483 -0.0122984 -0.000165801 -0.00257349 0 -0.0074896 -0.000258216 0 0 0.00478478 0.00837367 0.00989638 -0.00566615 -0.00400096 -0.0047968 -0.00187492 -0.000341193 0 0 0 -0.0180118 -0.00652934 -0.00931694 -0.0114166 0.000927348 0.00182415 -0.00801765 -0.0154474 0.00547399 0.00114291 -0.00160102 -0.00449146 0.0049769 0.000790366 0.0102793 0.00565291 0.00273923 0.00582151 0.00518523 0.00269609 0.0100198 -0.0195282 -0.0167095 -0.019783 -0.00506866 0.00257187 0.00315273 0.000327052 0.00168721 -0.000984517 0.00315253 0.0226257 -0.0125596 0.0050211 0.00435181 -0.0108826 -0.00059304 -0.0266105 -0.000110329 0 0 0 0 0 0 -0.00025092 0 0.000558659 -1.58491e-05 -0.000276215 6.1976e-05 -0.0133915 0.00470663 0.00275231 -0.00342866 -0.00960039 -0.000602815 0.00459579 0.00579552 0.00327491 -0.00129189 -0.0175272 0.0135754 0.00342543 0.000980311 0.00993124 -0.00254488 -0.0044548 -0.00559338 0.00503314 0.00653336 -0.01411 -0.00280275 0.0125654 -0.00901329 0.0082386 -0.00555928 -0.00102032 -0.000218804 0.0107746 7.76436e-05 -0.000458311 -0.0100396 -0.00675225 0.000725649 0.0138141 0.0271792 0.00945491 -0.00891234 0.0070033 -0.0165016 0.00782469 -0.011289 0.0086319 -0.00167965 -0.00360514 -0.00755496 -0.00596854 0.00528347 0.00780838 0.00446459 0.00352036 -0.00916964 0.00393067 -0.000909825 0.00685011]
280,15,45450020981,45450119513,1013764615,501239368.6,45450121248,45450121248,1013764655,501239386.6,-45450121248,[-0.0417933 0.0143208 -0.00412435 0.0102468 0.00976824 0.00509664 0.00287843 0.00126099 -0.00171965 0.00762929 0.00861707 0.0097101 0.0054222 -0.000686032 -0.00698854 -0.00121855 0.000871674 -0.00833404 -0.016075 0.00510244 0.00980239 0.00858402 0.00618246 -0.00107542 -0.00979989 0.00192432 0.00674915 0.00930488 0.0121304 0.0132262 0.0121572 0.0110181 0.00537754 -0.00295232 -0.0031809 -0.0108845 -0.000778242 -0.0149989 -0.0176089 -0.00162028 -0.00171389 -0.00184532 -0.000514229 -0.000569831 -0.00431756 -0.000541438 0.0109288 0.0113313 0.00586262 0.00246684 -0.00788591 -0.00501668 -0.0337821 0.00200016 0.00111716 -0.000663704 -0.000339452 0.00179159 0.00778066 0.0105079 0.012988 0.0134684 0.0114483 0.00995331 0.00949108 0.00564416 -0.000975235 -0.00216393 0.00876196 -0.0110929 0.00733908 0.011224 0.0124585 0.0111216 0.00887609 0.00981387 0.0112288 -0.0251969 -0.00944185 0.00942596 0.0100553 0.00788057 0.00600847 -0.00533698 -0.000486071 -3.10274e-06 0.002458 0.00116757 -0.0210257 -0.0167104 -0.0164145 -0.00776075 0.000687325 0.00215694 -0.000176145 -0.00328422 -0.00193382 -0.00930308 0.000344832 0.00124931 1.11281e-06 0.000673587 0.00109753 0.000674757 0.0154722 -0.000486594 -0.0275752 0.000164594 -0.00272964 -0.00384872 0.00177172 -0.00136852 -0.00296036 0.000342619 -0.00650748 -0.01403 -0.0054154 0.00156449 0.00286795 -0.015407 0.00396697 0.00122727 0.0287054 -0.0162601 -0.00179601 0.0111971 -0.00359269 0.00250848 -0.0119638 0.0090872 0.000265514],10,[-4.54501e+10 -4.54501e+10 -4.54501e+10 -4.54501e+10 -4.54501e+10 -4.54501e+10 -4.54501e+10 -4.54501e+10 -4.54501e+10 -4.54501e+10],[0 0 2 2 0 2 2 2 0 2],[-39.7708 -17.9157;-40.0151 -17.7193;-39.9483 -17.8257;-39.834 -17.8714;-40.0872 -17.7146;-40.1935 -17.5138;-39.7347 -18.0768;-39.7968 -17.9083;-39.7665 -17.9616;-39.5406 -17.9499],0.000220609,3.82E-06,3.92E-06,3.61E-06,1,1,-45450100000,,[-0.0417933 0.0143208 0 0 -0.00412435 0.0102468 0.00976824 0.00509664 0.00287843 0.00126099 -0.00171965 0 0.00762929 0.00861707 0.0097101 0.0054222 -0.000686032 -0.00698854 -0.00121855 0.000871674 -0.00833404 -0.016075 0.00510244 0.00980239 0.00858402 0.00618246 -0.00107542 -0.00979989 0.00192432 0.00674915 0.00930488 0.0121304 0.0132262 0.0121572 0.0110181 0.00537754 -0.00295232 0 -0.0031809 -0.0108845 -0.000778242 0 -0.0149989 -0.0176089 -0.00162028 -0.00171389 -0.00184532 -0.000514229 -0.000569831 -0.00431756 -0.000541438 0 0 0.0109288 0.0113313 0.00586262 0.00246684 -0.00788591 -0.00501668 -0.0337821 0.00200016 0.00111716 -0.000663704 -0.000339452 0.00179159 0.00778066 0.0105079 0.012988 0.0134684 0.0114483 0.00995331 0.00949108 0.00564416 -0.000975235 -0.00216393 0.00876196 -0.0110929 0.00733908 0.011224 0.0124585 0.0111216 0.00887609 0.00981387 0.0112288 -0.0251969 -0.00944185 0.00942596 0.0100553 0.00788057 0.00600847 -0.00533698 -0.000486071 0 0 0 0 0 0 0 0 0 0 0 0 -3.10274e-06 0.002458 0.00116757 -0.0210257 -0.0167104 -0.0164145 -0.00776075 0.000687325 0.00215694 -0.000176145 0 0 -0.00328422 -0.00193382 -0.00930308 0.000344832 0.00124931 1.11281e-06 0.000673587 0.00109753 0.000674757 0 0 0.0154722 -0.000486594 -0.0275752 0.000164594 -0.00272964 -0.00384872 0.00177172 -0.00136852 -0.00296036 0.000342619 0 0 -0.00650748 -0.01403 -0.0054154 0.00156449 0.00286795 -0.015407 0.00396697 0.00122727 0 0.0287054 -0.0162601 -0.00179601 0.0111971 -0.00359269 0.00250848 -0.0119638 0.0090872 0.000265514 0 0]
325,15,45432913968,45433011877,1013234968,501198761,45433012607,45433012607,1013234958,501198795.9,-45433012607,[-0.000621332 -0.0251751 0.0207239 0.00409823 0.00379982 0.000821564 0.000375192 0.000432935 0.000629909 0.00485645 -0.00906822 0.00322238 0.00426171 0.000759523 0.000386808 -0.00116665 -0.0013973 -0.00167758 0.00356951 0.00136893 -0.000347179 -0.000437196 -0.00017655 0.0001618 0.000755246 0.00268611 -0.000716802 -0.000769264 0.00443421 0.00064611 0.00173668 0.000605548 0.00134986 -0.00014759 0.00382887 0.000330635 0.000194308 -0.0005761 0.00163068 -0.00112126 -0.00299615 -0.00168127 0.000561441 0.000413845 -0.00443749 0.00678448 -0.00323389 -0.0017174 -0.000585161 -0.000818652 -0.00130112 0.000144353 0.000426164 -0.00322393 -0.00549516 0.00365036 0.00100091 0.0028349 0.0024794 -0.00614878 0.0042988 0.00122596 0.000281982 -0.000992231 0.00223224 0.000700635 -0.00686401 -0.000590717 0.00293124 0.000916547 0.00720334 0.00302752 0.000949392 0.00106681 0.00275832 0.0010175 -0.00206298 -0.00716377 0.0123314 0.00232636 -0.00336065 -0.0023057 -0.0134016 0.000727996 0.0302843 0.0420083 -4.23769e-05 -0.000246138 0.000580384 0.000296029 -0.00126104 -0.000337024 -0.000945929 -0.000646346 0.000921385 0.000565911 0.000430263 -0.000764279 -0.00351793 0.00114511 0.00899418 0.00511021 -0.000289374 0.00130368 -0.000942726 -7.1298e-05 -0.000483177 5.58524e-05 -0.000974127 -0.0155794 -0.000783011 0.00260757 0.00160267 0.00073108 -0.000312329 -0.00130347 0.000308532 -0.000493326 0.00842673 -0.00593701 0.00039104 0.00228327 6.67266e-05 -0.00122088 0.000190285 -0.00104939 0.000819792 0.00179449 -0.000461333 0.00454256 -0.0036239 -0.00484844 -0.0036318 0.000283407 -0.00196354 0.0130106 -0.00118433 0.000514798 0.00192011 0.00244977 -0.000357822 -0.0017499 -0.00013142 -0.000301869 0.000569784],10,[-4.5433e+10 -4.5433e+10 -4.5433e+10 -4.5433e+10 -4.5433e+10 -4.5433e+10 -4.5433e+10 -4.5433e+10 -4.5433e+10 -4.5433e+10],[2 2 2 2 2 2 2 2 2 2],[10.1453 -34.35;10.5924 -34.9342;9.26868 -30.9858;11.0105 -35.0562;11.5238 -35.3293;8.56043 -32.4689;9.94363 -34.1726;0.274992 -22.9586;8.11275 -31.5826;12.3671 -35.4642],0.000217108,1.61E-06,-1.05E-06,6.97E-06,0,1,-45433000000,,[-0.000621332 -0.0251751 0.0207239 0 0.00409823 0.00379982 0.000821564 0.000375192 0.000432935 0.000629909 0.00485645 -0.00906822 0.00322238 0.00426171 0.000759523 0.000386808 -0.00116665 -0.0013973 -0.00167758 0.00356951 0.00136893 -0.000347179 -0.000437196 -0.00017655 0.0001618 0.000755246 0.00268611 -0.000716802 -0.000769264 0.00443421 0.00064611 0.00173668 0.000605548 0.00134986 -0.00014759 0.00382887 0.000330635 0 0.000194308 -0.0005761 0.00163068 0 -0.00112126 -0.00299615 -0.00168127 0.000561441 0.000413845 -0.00443749 0.00678448 -0.00323389 -0.0017174 0 0 -0.000585161 -0.000818652 -0.00130112 0.000144353 0.000426164 -0.00322393 -0.00549516 0.00365036 0.00100091 0.0028349 0.0024794 -0.00614878 0.0042988 0.00122596 0.000281982 -0.000992231 0.00223224 0.000700635 -0.00686401 -0.000590717 0.00293124 0.000916547 0.00720334 0.00302752 0.000949392 0.00106681 0.00275832 0.0010175 -0.00206298 -0.00716377 0.0123314 0.00232636 -0.00336065 -0.0023057 -0.0134016 0.000727996 0.0302843 0.0420083 -4.23769e-05 -0.000246138 0.000580384 0.000296029 -0.00126104 -0.000337024 -0.000945929 -0.000646346 0.000921385 0.000565911 0.000430263 -0.000764279 0 -0.00351793 0.00114511 0.00899418 0.00511021 -0.000289374 0.00130368 -0.000942726 -7.1298e-05 -0.000483177 5.58524e-05 -0.000974127 0 -0.0155794 -0.000783011 0.00260757 0.00160267 0.00073108 0 -0.000312329 -0.00130347 0.000308532 -0.000493326 0 0.00842673 -0.00593701 0.00039104 0.00228327 6.67266e-05 -0.00122088 0.000190285 -0.00104939 0.000819792 0.00179449 -0.000461333 0 0.00454256 -0.0036239 -0.00484844 -0.0036318 0.000283407 -0.00196354 0 0 0 0.0130106 -0.00118433 0.000514798 0.00192011 0.00244977 -0.000357822 -0.0017499 -0.00013142 -0.000301869 0.000569784 0]
